"Path","Category","SHA256","Action"
".npm-cache/_cacache/content-v2/sha512/00/2f/fb2687c9bd91abae779635a12725e38b531f89946b7bb4d6b4c198913d3e0c635c267ca8eddbee8eda9daecf6fac92597c39966624c36a7a47bb90a6cd81","A","8DD0D365FB49C0E7CC42D6A00DF6FB2DA9056FC24492094346FC34ECDBCF28CA","removed reproducible output"
".npm-cache/_cacache/content-v2/sha512/00/9c/68503dbfd791121dbbe97328d4dbbe27b003cbb8eb4f1c2934bca24ce698fffc583f0751573568cf9d74d3f4fca60986221e8e333e3d19a265c12a1a32ee","A","E64C2013EBA51AD6624CCF94F06C8A570C0D80488B7EABF17AF2934690CCB887","removed reproducible output"
".npm-cache/_cacache/content-v2/sha512/00/e2/2049009ea62258c0fdc04671b1fb95674eed870587736c63f8e5e2f0d6faf7cc1def64b7b279dd6c0bd8676dc39cf7f4ab33233944f42b906cf8692f59a3","A","9616AFEBD18B93592A79D48CCE6A841604593AE90563F0EC5554A07B6952D6D5","removed reproducible output"
".npm-cache/_cacache/content-v2/sha512/02/9e/86d16430714fcb1ecbcbc0e3757c0417f59a7403663a63f709065f6bfc96d6f74672838ff36c6eb3cca6b639300b10b6ab60798abb41a1a4ce443beed3d2","A","19136A1E7EF183BC0F9757197DE4A9539A380B70B930D1673AB2EB4097BA7AA5","removed reproducible output"
".npm-cache/_cacache/content-v2/sha512/02/ea/7b69439fa5b01483644e38937a230e5ff43301973bb4988926fe66a52d014dfd84203b8f300a3d0ac5adec10726f3d5160eec891faa4489f05dddaa8502b","A","FA8B176FA0B5D1D72B41AD33443F1F4F75933157A45010DFFB51719F40C19C67","removed reproducible output"
".npm-cache/_cacache/content-v2/sha512/03/5a/c761bd3ace330603174b4a43767d73c1c2e49a43488ee4cfe17724b40238f5541691a74b0f0f7767d4584c13773f265b8615bc12c7209fa9d49bb502c01d","A","12801E0A5EA0AEB04BB7420F51A2974CD5D7529F94CA68771E28B93B7E638B23","removed reproducible output"
".npm-cache/_cacache/content-v2/sha512/04/b2/374e5d535b73ef97bd25df2ab763ae22f9ac29c17aac181616924a8cb676d782b303fb28fbae15b492e103c7325a6171a3116e6881aa4a34c10a34c8e26c","A","A13ADF5FDDEB769655EDCE551E81FBB11904B9C9BE76D95E41DA8C4C499D4EDC","removed reproducible output"
".npm-cache/_cacache/content-v2/sha512/04/ba/e011c453c17da8ea01b118e08dc8cbc64a9df96287ee633c3d87520c4d198aaadb40659554ebb6dd6fd3ebdaf50703cfa3de2dad25f8cee82ebee26c864c","A","9025508D9125EEE531BBC49CE3AE560183975AD595F058C378BD56AF4152FB16","removed reproducible output"
".npm-cache/_cacache/content-v2/sha512/04/da/0263a4975cf43b805da8a483f818113e5f0ed4fa91cc60abb38e008ddc6c22688474f5451e29f85ec88af2efb42dac20650b428ad2ae7f4c447fb588773d","A","6FBB55C0292FA73AE484F5C276C4FE8319BFAD89C51B35951BA7B118373789B2","removed reproducible output"
".npm-cache/_cacache/content-v2/sha512/04/dd/b607979a30c23d50cb63ac677983978260fa423c3532d052576d8b1a4f9cd8c6314e7244b9dd2403137a56915a16a475d56f706b61c10de13c1ae7907970","A","D0D7CC3B19863FAA09D3822D1386B6B62CCC4551F7190FFAA25C792BBAF59DEC","removed reproducible output"
".npm-cache/_cacache/content-v2/sha512/05/1e/d5bc30951cefaadb10445ac9314ba0c9135a919dbec3c7352ba206fbd425a849f89c07162c88019df8a9749a6abf329ac6f7202b464cab4314cee978cccc","A","3C9B042A38E099CBD00A9BD792042AEFB62A70B3F0F1BA1A3CBDDF07E5EB1230","removed reproducible output"
".npm-cache/_cacache/content-v2/sha512/05/2f/0f7e6b431a7ae061d3a89c665074b66c95621e08614ff6da5a9f4862d42a3666bd8d2800ecbc6600f17c6e1bfe145a027a0a3b6ff9826707a30cebd40695","A","C3604D4E7F1A72926D315AE9056A174CEBB71B20011DAA861E505D7D5BA36441","removed reproducible output"
".npm-cache/_cacache/content-v2/sha512/05/a5/e03ae231cfc9fca48ab77bb02d83feecf83a6262bc67e2f768b77c3d29b9c185c450abaa37c5e9907487f29ea49e5de0eb177db1f96bdfce63a33e263d96","A","87D365CE179AD49D093C33A3DDB7C52B371A1BC27F11428E01E46F7F5BAFC3D4","removed reproducible output"
".npm-cache/_cacache/content-v2/sha512/05/d6/e8cbe97bb40dce196e858f21475a43f92ee0728f54e4df72e3caad1ac72cdd93dfff2528b6bb77cfd504a677528dc2ae9538a606940bbcec28ac562afa3f","A","5DBD60AC858B8EB9FB8219CD0DBE89CB866405749CBAC90C2F8BC18ACC77AEEA","removed reproducible output"
".npm-cache/_cacache/content-v2/sha512/06/80/bc3e23b81e4768d1354987d36dc6be4cc4f0c8effa05b2bca03790037a51527971bfaa036eb9c20603e2f967a2693d313fb917dc4d6b6c7236d46ae7dea5","A","7334D824319F945DE2E581201BD3418A52B29FDDCD21F902985D6F8CDD397E4C","removed reproducible output"
".npm-cache/_cacache/content-v2/sha512/06/d1/1e4aca1a4239523c17a631022b635318d2e33abe74b58397e6b9f60eb67c4b19464cdb5efc3ca6e1b24ec57efe7c217f99b5cbe81b071c62c8743e096400","A","3E36BF072A5561D2440FE7CEA5BC79754C3C8110650E94C960842F08D328023E","removed reproducible output"
".npm-cache/_cacache/content-v2/sha512/06/d8/f604e38ef37a375b21f9f5ef0c817b3111055c6ab9143a9118aee6c1d2eaf09cdd74c90dfae2bb22072535d67665a966199b4e62fe87fb8a8e26ce2841b5","A","270DEC0FC06CFF86481DA8AF2DD8F18DEE6B602790B14EF0E1C2C18D7DA39427","removed reproducible output"
".npm-cache/_cacache/content-v2/sha512/08/58/f3618022e1385f890be2ceb1507af4d35c7b670aa59f7bbc75021804b1c4f3e996cb6dfa0b44b3ee81343206d87a7fc644455512c961c50ffed6bb8b755d","A","72378F4DB53ABDF4C6D094E85169B0DC35A404EA4257DA13ECAFEDA029A21C84","removed reproducible output"
".npm-cache/_cacache/content-v2/sha512/08/ad/f3d725cc0d82e3760e2f5c828807fcac7029d44242180630565bec869e19ae13b31a9113a50f5bbfd58b6fe4e367f5fc07408030773069d1da48518db5ff","A","1DAC793BBF4CA23B836215ED04DCD284C644995324017C4897DD1D68B507155E","removed reproducible output"
".npm-cache/_cacache/content-v2/sha512/08/e4/4ea676a86a9d44d85d34d12eb6afa03ad2e1d99e696fa2685fc93d8395372b6353ab04a9f65211fbaa7e704c2f7332f0f4018edcb1d3d237028ffbb5a243","A","62691953222D8ACEF97DB2DAA0E84ADEDC8EB6B074C33EC02367291A32E4AD37","removed reproducible output"
".npm-cache/_cacache/content-v2/sha512/09/5b/dde851e0d59dcf3a904bc4ee84eb3afead228443d2faad91c0698ee52df84ab166140413ae32cd1ef68db8a28a63e87fa0791097d1827e4c92c12b6787c9","A","91F29784757CF098DBD02453474D10859E661C1F8B3F2F27B3AE3F9D05D8CE10","removed reproducible output"
".npm-cache/_cacache/content-v2/sha512/0a/d5/cfdf9771681e53df35d277e137b877bf4295dca589d99b1a7a39a21b7ed86d7d6e30c9befb336dc11be6f02090edb0cc043ff62cb1db2637266eee38567b","A","02E288C524A823A9B8A47050DAFFDC361B330F7442D3F2A683B9ED0FE617462B","removed reproducible output"
".npm-cache/_cacache/content-v2/sha512/0c/25/eee887e1a9c92ced364a6371f1a77cbaaa9858e522599ab58c0eb29c11148e5d641d32153d220fcf62bcf2c3fba5f63388ca1d0de0cd2d6c2e61a1d83c77","A","BB4B50306B8B0F048475EFDDAE11810E245937DCA8AE85498AB4A171697BBF3C","removed reproducible output"
".npm-cache/_cacache/content-v2/sha512/0c/37/c03548a21b6c02d6a6b03faeaa953ba025e2f91f2ccca5fafc94b2be8cc422ac6ccda1dd01d7670507ff6af37f11bb6eec0707f0efcfeb76853b444473e8","A","E199725BF272B3088568B3309E918CE623E616F005B43E23B132182B58D791EF","removed reproducible output"
".npm-cache/_cacache/content-v2/sha512/0e/54/8caa8e16853870e2f07c3299f45a87bd27e25fab581e27ad40296d101202f318c370b4831dc5b0d4ccbc5cba7f16ecd6c93b47b6260fcdc66ddc092573ce","A","983112DDB0C2ACF64825A78F431CDA84DC007FC3263F2B473081EB537F2328B8","removed reproducible output"
".npm-cache/_cacache/content-v2/sha512/0e/92/ca6cd5385b2969c49ca442e8df09cc185a257f2619b9d06a28d30ad520b02fe633abf5df87f944773e14820f6ac2084220d2e73e1be9ae053c03e782610d","A","DE98DA383C6F5C2AE39C847CEDD2A2E4FD4BA344312C4309D8CEE6A3A07076EB","removed reproducible output"
".npm-cache/_cacache/content-v2/sha512/0f/76/a7498d79109a31ae2869b1723a48cae69a89e742d4769e2edaacef8b7dd8373bde5bf61357c4e364f230390bc00d745fe1e47300c5e8e0b3c3d627aae587","A","51CDBCE85969ECD9BA13C9C6DF83AFFB8BCB181DB2B8F57F5B0EBFF4C7FB0631","removed reproducible output"
".npm-cache/_cacache/content-v2/sha512/10/b1/017bc3ec2efbc9e9032bd332edf1f7ef3875bf75cd66dc213334c83b68952fddb31aa03b70d935f20c0c24601baba31c6e1c4c214532c949ee6cc9ae78ee","A","E1FC19DD8ECFDE1313FD6AFDF9B41A1A22C690C59CD6B384A5C7C97F96ACDE33","removed reproducible output"
".npm-cache/_cacache/content-v2/sha512/12/62/8ee55dce2d7875aed2b6c205d16a7b1a2b5fe6b557535048842345bc464be04f4e647f1687dbd3e588b9e92cfef7c983bad78d90ef640d6bc5b1fc0e42a9","A","28AD2E951D40C48E52FD58CAF873D721CD8735CBAD0B2B5641E7298CAC5677C8","removed reproducible output"
".npm-cache/_cacache/content-v2/sha512/12/b8/924e5b79382f7fed25e445208085f4b1c684948019b7dce1fe224c1b769828aac4ac520ef2dee87e208088fd08380415abdd4da2dfd4699b271bc4cab87b","A","B5CB22E604AD47F511E96B7AA57910995994F3E48744FBC507018DA9EFAE0F12","removed reproducible output"
".npm-cache/_cacache/content-v2/sha512/13/29/094ff4352a34d672da698080207d23b4b4a56e6548e180caf5ee4a93ba6325e807efdc421295e53ba99533a170c54c01d30c2e0d3a81bf67153712f94c3d","A","77A7EB1411D927BB8A5CA7069DBE168886D63C88F446F0B81500A2CF23DDB5B1","removed reproducible output"
".npm-cache/_cacache/content-v2/sha512/13/c9/53018341d4a5be147f95189b993358a8031d84ea8565bd0151adfe4ff19666b222576000fdbd3155ef2c84511373821d5d16a319b8eead53070045ba8508","A","20F1459B23066BA65D0DEC68EE59FF5E2284C72FE22F98A7153A6CCCEF903C80","removed reproducible output"
".npm-cache/_cacache/content-v2/sha512/14/98/584680da89ab5f12450af072a589c9aeff7486143e75ab78ad2831a8493cac4090677ce7315391b19e113513ab2807be8c6d3d0c06d9ca26e5f2031fbde9","A","943112EB62102F2EF56BAD6EB50A3FE12BC0B386DA0893614D81C735BAA05897","removed reproducible output"
".npm-cache/_cacache/content-v2/sha512/15/e7/70d1a66f921ca7a0f625039597acc080326fa7496759b7a973250ece93c4ba43e56c1e61e94569dd55127c05ed196e47cf7392d1607fb95ebcd770478b45","A","06E3040FE38AC958402BBDA2CD640B556786048B6BD3D97900EEC1D80702C0F8","removed reproducible output"
".npm-cache/_cacache/content-v2/sha512/17/8d/a0f3d41de68016b69d24d279d2ae3ce200acdaef0f12553e264ad735f0b64c6916f82751d00072c26a512d0c2c6b4ee92cc7b354f6ab2678bc2939f3ea5b","A","3A83591E61B3A84E2A35AAD21B7E864E8AB4470D397F5E71A13DBBE9B1C17C47","removed reproducible output"
".npm-cache/_cacache/content-v2/sha512/17/f4/ca013933b1e504c4f95fbe6c102862133370c64cafaf900b026680dce5d695ca06c90678c45026e0900bd516c81f5df5f8608a99ff6ec6de4ded757ad3c5","A","F5E56D23AD13E1E8DFC5E6AD76CEEAEA4C4ABD4E061BDB8F544955D2197A1AAD","removed reproducible output"
".npm-cache/_cacache/content-v2/sha512/19/0d/84591a5057cfe8f80c3c62ab5f6593df3515996246e2744f64e6ba65fe10b7bed1c705f1a6d887e2eaa595f9ca031a4ad42990311372e8b7991cb11961fa","A","607E83127EA471FDF079C501148A17936CB4137EC779CE6EC52F083F149AE407","removed reproducible output"
".npm-cache/_cacache/content-v2/sha512/1a/17/4f832d5e978fc898fd395f4e54c38730dbf33ddc10949a712f599352b650b310a304e05924f98a680393a21cd426a12ec269f6fc5dadcfc9af26d50af37a","A","EC8F3C0DFB21497DB5A3480C45A6CF6F9B18D3B337B2EA4D03E3EF2A9C2BB358","removed reproducible output"
".npm-cache/_cacache/content-v2/sha512/1a/7a/6dafda430d0c43de182ad9db4f6edae9fdcdaa1f5981c08cf0dd7fe2beb31bd9ed6dd233138bad3a7d512a14f6904758205c855058a8f73f6596f6fef319","A","C0E4CA1E410E422ED8E8F2955969716B5C1D40A8B5411D9B164DC2791A7BC4D5","removed reproducible output"
".npm-cache/_cacache/content-v2/sha512/1d/67/01a0de8d8a57aab52c9d2b616a1db4bf2e80ddda9aab9d01cbc89cc18f890ea7f932d8c58c37af78c4e7e42bcfd29d4b16d831fb11fc9597274a0ac9b567","A","F295C5DF6751C65B4B9492B03C88FAB5E13419DE28A51ECDF17E693B4A421AF0","removed reproducible output"
".npm-cache/_cacache/content-v2/sha512/1e/90/a8f2d996ccb55a779b36775f44840cf9ceaaeb43ab3af6a77a9a83cc42f90eb92c034f562045f59256e7387a79eaae0bf7387a6988e18c43ba02d77c88c3","A","FE0800A3DE3D9C819BF63E525BF26080CE692969DDA400C715780141A187928F","removed reproducible output"
".npm-cache/_cacache/content-v2/sha512/1f/47/6442809addbd9511e29004ec45a61f8901b72b41d13b282d1492ac292e6bf6102e0fe354173feaeaa3dc18a1d002886e7f58ce6cf680c0a5353cbadc23f6","A","36391F2F905CD02E8ED39C1825871385358F20A397176E6467086A6DB7C211BC","removed reproducible output"
".npm-cache/_cacache/content-v2/sha512/1f/ca/8e35f65dde5b6b537fa31c22202136d6a3a7b58932af3fd0c776bbd86d7e3ca2844ce458c40d39f5e8033075fb8e1a459d6448699773cb2ff5a4fc09c70d","A","5793C741F9566F0D91D0836EF2DB5EA5557B660ABA5150D8BED6DADCAECBB5AA","removed reproducible output"
".npm-cache/_cacache/content-v2/sha512/20/d0/3271a5ae86538adf09389911c6b1d83061699df5c0a174f744f5bc169b2eab9fd56a54d60d14684e757ae87d7531c0722771288f35bf2d366f249c354879","A","CD9C7153CBCA878C043AE558AC986520FDA687A2F6BF4CB58614DC4D53DE258F","removed reproducible output"
".npm-cache/_cacache/content-v2/sha512/21/25/9a73c76bbf86467f02a5e6c9691c6f4ec0f36dcb88ce58f448841a713a80fe86a2138b0ba2a4e4366cdb61033c00dc1e1f2233b83659fbe0dd12f5bcaaf0","A","25A1ADC92D64DCD3A153F336B452E7EA8E200AA9E9E8CE8CB8D05674F8B6878D","removed reproducible output"
".npm-cache/_cacache/content-v2/sha512/22/a6/fd3630824ede877febce74d21919d4e21f5412aabdbb1ff124f6cbff6bdee07ee788ff9875b37c918b59e783331468e393a229f9748d5d5ca757885faed1","A","B9C7CC76FBD5CFB209E03B668228D56E14A76AFC922434E5964F2D2F36CCF1CC","removed reproducible output"
".npm-cache/_cacache/content-v2/sha512/22/d5/d080be68efb6220b31e46e989f04489ab9b553e837952158ac902a6d1ef5c1128b14fee805b80aa064c13355d5f9fcfb2c2647877310c6898d70dcdcf8fc","A","402079FEB12E2D98C36EC9A15108AB105E65E2D5A0779B25E7AA51C2107773A3","removed reproducible output"
".npm-cache/_cacache/content-v2/sha512/23/9c/fb1f76dfff8d64b6c3552eda4dd3001adf7e8792a20743906e3cb1214e4b758d54b266978d288cd38045a69718dd83cd51d0881409c684f8e93736fadf66","A","CF16861F356FD766361BA4D85D5462B6320E0E59F05CB55C762D8F5DFF83E234","removed reproducible output"
".npm-cache/_cacache/content-v2/sha512/23/d6/a216b6ddee8607c259d00eaaf5468cfe7d3cfad680c3257ee7f6d605f45272987d5c20dd43b4ac37898b7a6fc5998048e83705529dcc05e30c7f65e74c87","A","899A5BB04E579BDCD14766C055BB2A34D1B035D91643DEE580C4979F7CDB6CFE","removed reproducible output"
".npm-cache/_cacache/content-v2/sha512/24/38/c41460a9226c43080ec924abe203433df91b6625d8f49bf35553920c8012be026668b80410efffb618b1f41975d8d18330f685cf07c84a75b3d883940b62","A","C60AE5915AFFC398222F7C24350069F2E4A3A18DD2EF641BC45AD6E0D4148739","removed reproducible output"
".npm-cache/_cacache/content-v2/sha512/24/c8/7c68afb507fd1b93f60dba9202987e4c802abac8d2ca61051fb19b520cb2c20a6c549078d463ea0e9486bdd253bb947375c2801fa5e9cb7652a95f2f68f8","A","BAE9ADF6D12236C02DD63E3AA040FEB15C398621D8FB3F7160A399C948ED3180","removed reproducible output"
".npm-cache/_cacache/content-v2/sha512/26/65/cc67ac2ebc398b88712697dca4cea3ba97015ba1fd061b822470668435d0910c398c5679f2eece47b0880709b6aad30d8cc8f843aa48535204b62d4d8f1c","A","AC23A031966A7371D192E35C7852AB31C772B7D4E468DDD886AD3C014372CB60","removed reproducible output"
".npm-cache/_cacache/content-v2/sha512/26/dc/9947e9aa80189b4e8f3179adc1e99466cd988cfd879506d5246aceb332e5e30257c81485b6160a9e33d78bcaf11a617ebabebe8324c2bee14e8b5742a137","A","0DFD24AFE3D0FAF68408774F8C77D52A83D1188DBB38F082DDAC12CCE5C28953","removed reproducible output"
".npm-cache/_cacache/content-v2/sha512/27/fb/c6d330426c828e4057ee7d2c325dd32bb2887224850d92b9e6a3a5991b3a0ceedaff96c6df5b96f606f8ac2facecc8cccaf54c55f4be9cec0a056f25c738","A","CD58136125B52514F55031B7E8529A68F357B633E90F99B4804B733A89DFE271","removed reproducible output"
".npm-cache/_cacache/content-v2/sha512/28/82/fb7903df1d0442f3e5e5b9a230ec11d4c30a8bd7d6d09f887336076bfb5c17a14d0a2a3eabb9fbb8ee5858eca6c94760ba4faf8f7f237411aef09124bea9","A","FADE2C30ADE4F39FB2293538E6F827CE08ACCF0F40CDC942A9C382CD2484A9DF","removed reproducible output"
".npm-cache/_cacache/content-v2/sha512/28/83/7f9c3241411717c3430b561644f62407986ebca80548060f42aa65188e64088608a3f54e4c16faea9142f915bb72cb366e39e3add3375e45ee1463b72df8","A","ED1342228C82C10DF9921C59D684DF516A0CD6ED25B61E5F9D6330895326CFDB","removed reproducible output"
".npm-cache/_cacache/content-v2/sha512/2a/67/ca2f76fa1be457bcff0dd6faf74ead642ffa021609f63585c4b6a3fcfcbde929aa540381bc70555aa05dd2537db7083e17ca947f7df8a81e692d8bafd36a","A","3ECF9370D7296B47B570C88A11F70B35BB965AF8D536536B259EB55F9B793B61","removed reproducible output"
".npm-cache/_cacache/content-v2/sha512/2a/93/40450037230bfe8d3034bad51555bae1f8996baf516fd1ee7a186cc014e5cdedd93f16f89a0d6f0b1e62b9d8395c1f858fda7ea023cbcdd5a7ac045828f7","A","B11E78819544A6606E3317647A5593C102EA38D3C5AFAE62CD63F9C2C369485A","removed reproducible output"
".npm-cache/_cacache/content-v2/sha512/2a/cc/3859e44e90ee2b0bd93fa278a55ff028d82af592ed6e9cc347f9748270fe2349762eec70ec83d9f8a2332355bdb65e9623010f6a7eb16555baeed6f5c350","A","FA3F7E8612EECFC7B889266C0A5F640463DE7D534CD54C3AAC6C644B6A8294D2","removed reproducible output"
".npm-cache/_cacache/content-v2/sha512/2a/fa/78e7d1eb576144275080b22d4abbe318de46ac1f5f53172913cf6c5698c7aae9b936354dd75ef7c9f90eb59b4c64b56c2dfb51d261fdc966c4e6b3769126","A","17F7253EC7E4E09F68371192FDED2B5241A5CF85E610E5059B1D49E878FE1898","removed reproducible output"
".npm-cache/_cacache/content-v2/sha512/2b/6d/03911914c039f11183013dc83763abe82e4132e69e50426b336602e780a2a20bb773051fda12e2b7c35aa5c762560d4347e8596e6a161d811dc13fe41b63","A","7BC22FE5FB82A07133C61B640D50A9A3553B0DA16AE8E6458C19053206563ED9","removed reproducible output"
".npm-cache/_cacache/content-v2/sha512/2b/88/d5ca39c1760bdcf3a63a06468b64437ddf74b060eb8116476606ef597e47006dd55ba484e70e68ef67f6908d15d0aefe443e44e70f5b37f468a2a9b9e00b","A","79A4A124B0C8CE71BB1BF1572C1C4ADE2AF6C21A08DB59109B545F7570724554","removed reproducible output"
".npm-cache/_cacache/content-v2/sha512/2b/9a/5760e9bdc2a6354608e92f7613905dfdb678b55da8d42246b04cb528f446445541606b981240917c9cd4bb670250d36cbed5808d61c321f8721fd59a84fb","A","F18A4E9F7F9F15C07AAE52B9D0E98ED3C0F0D937A970AE29417EE313EB55A997","removed reproducible output"
".npm-cache/_cacache/content-v2/sha512/2c/32/733d510410f47ecb8f33f7703411dd325dbf29001c865a8fe4e5861d620a58dbfd84b0eb24b09aeaee5387c6bcab54e9f57a31baa00a7c6a1bce2100fcb3","A","A07A198CA727816296616928237BFAB6571F211750D798030B3B7A3F4A5473A3","removed reproducible output"
".npm-cache/_cacache/content-v2/sha512/2c/71/3ef01b91ed16060cabe7ae672e4aaded0dc2aff4e1445d0b7f1e96d9858ed5ea1d339545eeb67003f361a2171f6b76278232392fb5cb0fa81c20525d488b","A","57852A03833607FCC71ED3CCF0D1F1F638E09A6AACB16FA1F038945D27ADF44E","removed reproducible output"
".npm-cache/_cacache/content-v2/sha512/2c/8f/6effe95a606e03b354c3292256d983eb22571560ec22d9f502eb1078de5b9e0a383157895f7ce0990ad605887e9334e5feb50297c7ded3e082876e1c8711","A","70B16782A39AD16672E47C33473559A25BFF9640214DF91CB9DD153005D71A02","removed reproducible output"
".npm-cache/_cacache/content-v2/sha512/2d/a3/63b51594058fbecc1e6713f37071aa0cca548f93e4be647341d53cdd6cc24c9f2e9dca7a401aded7fed97f418ab74c8784ea7c47a696e8d8b1b29ab1b93f","A","2EC11480A90965A753B141BE5432D24F4CA98860B844FD1B10CAB0A1023423FC","removed reproducible output"
".npm-cache/_cacache/content-v2/sha512/2f/5f/03689b17494936fb8da9bfc98bb398c94f686a164144e23db5c0e9a06d4aac67684bef636c514efce60f515e0a37b3464d815978d93887a7766d3affd5ca","A","1DC78DFA80B23ABD0CA36501EAA3241CE1440C2478B2A9DA20718A26BC67AE7E","removed reproducible output"
".npm-cache/_cacache/content-v2/sha512/30/5b/63058833992c66800e1101f8c8c975a919ed6800b9e38144f3cd5ed02f1fd32b10b38ed307e8577dfde54afb9160d6a368cf9540c2c98cb3f3687eb989bf","A","53D6694DC2E6B4A3CD5E1A5C0A7E19F5D7A4787B7E17607691A82AD84662F1D5","removed reproducible output"
".npm-cache/_cacache/content-v2/sha512/30/c7/4046e54443388d4de243f0380caa6870475d41450fdc04ffa92ed61d4939dfdcc20ef1f15e8883446d7dfa65d3657d4ffb03d7f7814c38f41de842cbf004","A","3E8D45DA5B8085A4A8D51368FFEAD5B551A502C286978962A05D5C8E0D72FDA6","removed reproducible output"
".npm-cache/_cacache/content-v2/sha512/31/b8/cde34f1f12775f8905db150d6f9ddfb53682c3b27416e35e35d284015e2c970cc607e73e74e63b966b82941352eac510bb0e03a06436ca2f11c8c26dbb84","A","3352FB1423DBBD178D8E4AF5D94396115D78FA5994AA4C234F5689F54B0ECDD8","removed reproducible output"
".npm-cache/_cacache/content-v2/sha512/32/36/2c2873b93bb982b26446c5670b5a1785a8df4327fd939a782f8ca5e285ee9e7d588fa9cdbbe3e171ff87d88ffaf4dfe112bc17535cad15ead037ae07b3d6","A","A73E499153621AF82D1F0F1BA77F21A01F95612B09D50D57253FC9E123A98B0D","removed reproducible output"
".npm-cache/_cacache/content-v2/sha512/32/e7/0e9f387a851e6689de95a646e095100c60c8ca2ea4671816e35e4ce32b9d9fb900ddd6a6e4c7bf1ae4fe349a472755725d115c66dba13d38f02252aee706","A","0304BEDC337D07AE1A630758319104ADE8AE00668CA6A8851F37192E7B443C56","removed reproducible output"
".npm-cache/_cacache/content-v2/sha512/34/54/bce9161865be3f7b18a168448118ea4c245cfc3062c07eede638148607256754f0bd24f0127d8b9bc5dffc29b9102b4b1802ff255500c442e9035ffa97bd","A","AA663962D91C68D6855E89ACCB861C7240F15F26DE974D6DC4AF1C61188168E5","removed reproducible output"
".npm-cache/_cacache/content-v2/sha512/35/43/0a2216156952152e744bf4246df9555cb8b8121d40a95e7e3ff8af30aa5faf7489d4cefc7c06350ed6827b706f6c8631492ad17c17c1e1da40a1dff28157","A","B5899944B609A9C7E463F9E880B3F8997FAFEA667F1A13E12509DCE27E12860E","removed reproducible output"
".npm-cache/_cacache/content-v2/sha512/36/a0/0307c5633c52ccd95d15bc751ec30c2cc3465605a21d828fa2787b4ade16ac2f3e2a78246361ca9f07a010ac182044aa69285f0be76fd5a9d56c3b8ec397","A","DC1C74E3F1179A6271F84747D72C89F258AA46AD3E6464FAE0E41737A7F0EF7B","removed reproducible output"
".npm-cache/_cacache/content-v2/sha512/36/e0/0449439432b9485ce7c72b30fa6e93eeded62ddf1be335d44843e15e4f494d6f82bc591ef409a0f186e360b92d971be1a39323303b3b0de5992d2267e12c","A","9678D9055619767C8A134033709E88A6E0A19600F3D3F2CDA40ACDFD75E7F212","removed reproducible output"
".npm-cache/_cacache/content-v2/sha512/36/e6/8d49ae9f94a4f925a498433268934e09cd32f5080e9a1a1bf9adf2d6dcf82a03e3360a1a59427002f21f22e19164052f17e51aa40c11c0eebe217a3dcaf4","A","FFAF0A20A201865E143AA27E57A83BF69A75547729A65CD3180BCBA4F0F29ECD","removed reproducible output"
".npm-cache/_cacache/content-v2/sha512/37/d6/44aeb0fec96e607820ed06a9cea31991f3eb4d2a21aec4a943a6e2717ecaa96b674571ec5ace218013faa81cb8830eb79534cba9c46992a0d972bec03783","A","E32D8FF2CC0455C5210F92F0844D2CB6E1D61B83EE17D7B328FE410F9021E4CD","removed reproducible output"
".npm-cache/_cacache/content-v2/sha512/38/4c/062019d79e3ef325ea273a1e991bdc28a1f2231ab77604e45fbc4e69f54498283099a1099fa8b71f362456a0995158b74d3e7d8881566e58038ce224d833","A","11CFA552A4781F9F58F5DA71D7A1FCBBFACE91EA6EC28BDF62AA054168F14D64","removed reproducible output"
".npm-cache/_cacache/content-v2/sha512/38/7f/f6139160db487668fadb7be40bf09650164a34619685fa3e269d0ec11a17dabceecea522daf1ad32f6c070a261dd49b9214d2f1340d6b205f9d6e43c1bbd","A","47AC5DFE9F143959CAC2E1FCA8FA3D009D8801954FAD3EE263E8576CF11D1911","removed reproducible output"
".npm-cache/_cacache/content-v2/sha512/38/9f/e26f184f96aacc33452234727fd02290928285db8dff0049a996ddeaa518245bc546ec87ce4b8d61ed5f138c84ea741c87ceb8dc4bfdac8becb894887c34","A","9FD0819602AF4103A593D6DEF4A09A26446EC4C644246A511DC1CB3513D87994","removed reproducible output"
".npm-cache/_cacache/content-v2/sha512/39/63/43f1e8b756d342f61ed5eb4a9f7f7495a1b1ebf7de824f0831b9b832418129836f7487d2746eec8408d3497b19059b9b0e6a38791b5d7a45803573c64c4b","A","5E5569ECD12064F73632A8C18A45B1D1DE4A27B699A671864801F1C35EE779EE","removed reproducible output"
".npm-cache/_cacache/content-v2/sha512/3a/51/08083c7f5e5d05a92a786ebcbccc59c2bc6a628371a5e200aabaf6301eea892840b5fa7f4d8039e216fa871a632fd5992a0c9ac3a8a292ca44c35fe7a1b8","A","FEB506FAF3BDF4139826F521777C71B53C355F8EB6BCDD3220E16C5E131F1197","removed reproducible output"
".npm-cache/_cacache/content-v2/sha512/3a/d9/f0b9256377539f8be01d9ef86c8d0772ba1083c18b35c3d47207904dfce6af5ce550a38d9262a423c149db3e76a23c506943d697ef475679e7bebf6a012c","A","516C602305F44995FA801644AFFA0D545AAFE08056A03E3CE110AA4B41AD7091","removed reproducible output"
".npm-cache/_cacache/content-v2/sha512/3c/72/397f53b410fe7127d81098518c4ba21972b56f4e3a578f3ecd6b8d604c4ede13684ad75960d3808408260412375cd7b115e033be7e4184b6ded3a5369389","A","3F577C1FFC2CF8A3374F6D060FE3486C1480688EBA25547F9D1BE3FA8796F588","removed reproducible output"
".npm-cache/_cacache/content-v2/sha512/3d/7c/1f06162ed210423f0f039f413e58361beda7f77522d558a8b71c6bfce08745e13c85a02d32b3115dd06a31c3b9d2bf84ff3f3109431b18b0488508aa3604","A","C78D05F20AFF3BC95F024B19E53F72998CFC5F69C42B126C49DFF8B1B271BC46","removed reproducible output"
".npm-cache/_cacache/content-v2/sha512/3d/be/628cfad9f3d1831fcdb6dcbe143fc8ba400a56c6cd3845b3d02537960d5d3f91e476137e8c78a9f2afa2d899452fa91448f88bfced2b85d56e84ac837363","A","124565ECD300D7187973060BA6B1D1C4F296E55F0489DDFD6AF794F516FED127","removed reproducible output"
".npm-cache/_cacache/content-v2/sha512/3e/1d/08bed630e15075d999d983e62dac6b3cc8942c9e2cf0a3fceed11e18fe75ae82d27303b3e0d5e59eb8347df8b4aa9fec636a6b2cf94392389249e20c7c8f","A","E998B793B8C6100E814712D0A0CC8DABA9E8A53E024C3B2E729027F75002CAC0","removed reproducible output"
".npm-cache/_cacache/content-v2/sha512/3f/0b/caec153e08c4c91984024d96f94565c830bf7695fb492e1433d6d07380a8aa1b125a3250406b8f0f39768d002dace32f23af7105aab905f7ee389de4b8eb","A","6D3E41BE32BECA52452BDA7CDE32875C4A8BFA292C66A2E1A7D970EB47CF9517","removed reproducible output"
".npm-cache/_cacache/content-v2/sha512/3f/0c/2111a90754a4dd44d54ec3efc6ca1d3e33394297847aa8abe486ebcbb4f320808d56007b7db0ec19c502d21a951a0e7addc83b289a846036709f28d4975e","A","7F5706A6C60E16AC23BBA98CE6F30B05128DFBE07B2BCFD8235A9995FE030256","removed reproducible output"
".npm-cache/_cacache/content-v2/sha512/3f/c0/6302c5ef652f95203508d7584709012fef8613ebb6148b924914d588a8bdb7e6c0668d7e3eab1f4cbaf96ce62bf234435cb71e3ac502d0dda4ee13bb2c69","A","170242BD32BF6E70C8521CAEAA375209CE9585273D346AC6245AECBE84E3C89D","removed reproducible output"
".npm-cache/_cacache/content-v2/sha512/3f/f5/b9733ef4fdc400b8a7d8df1c1031659357b06f2749804268bef6605cb153da054a5de8e8696be7c40aff6b045ad072283cea302234114d594aa74e3af8a7","A","FFC1EBD44E6A879CE20B35DF0B26216E44FC89BAB9A153D382F9EDDA38BED88E","removed reproducible output"
".npm-cache/_cacache/content-v2/sha512/40/17/618756ab20452f3c2d1d439fa7c16031b7bf8dfa83fff633f08c99061684a4fecab1837da026d4971ad161f1fac021c4baa02f5cc7643eeca60240b38078","A","1AE5BE4717A64B5FCA8D1D671A72E839D00470DF272556D6AF348AA3C8E5C1A4","removed reproducible output"
".npm-cache/_cacache/content-v2/sha512/42/d7/aea744aa535e6476871ec4534024cbc22447dadb150a355e020b5c6c54cac822a132dd243faeacb10963737eb777fe5772e873250f67b42435690e0daa20","A","45CC9F87030C2D56BF53B5DB62367D3CDE946CD63E6DDE865D66A6B21051BA0B","removed reproducible output"
".npm-cache/_cacache/content-v2/sha512/43/84/cb127d80ed3032a71c2677a47d130ae55c3be47d848332babdffcf3b01700687e1b5ac7fa46092924eff928bd63424f293c0a62fe8fbe2009a2ccac36298","A","A7979FB8F062B331735C82DDB5DF0D861B153E9FD7F6728513BE6F7A67F1D5BF","removed reproducible output"
".npm-cache/_cacache/content-v2/sha512/43/92/4bec8a722dd58cbb1ae9e65b61198b7a3edf3407cef6b0c8fc6c3a32d6eacb4a1c6236e7fc7756e60e12a9e5a09195aefaa15c0da4302577f27c8fe66219","A","D3B50038D0027CDB9AD6911AE2BEA67E6C9FD1B0F74554FC33896A47E5A87246","removed reproducible output"
".npm-cache/_cacache/content-v2/sha512/43/af/e764b7ba8f1b94f34a9bff8b89e2de6fd95119e389734233c385824dced450e30c9673a545dc3dca6ff7c0b8f7ad6509e14b78676a309ff42b167ac8212d","A","CA7BAA23B9AF99D900AF973A75A45F11C8762E1134327D74452A9B7790129EB2","removed reproducible output"
".npm-cache/_cacache/content-v2/sha512/44/6c/305a7c10be455f6af295b76d8518bc3ec5849dcc04709b4aeee83853540dee994e6165cdbc57790ee2cb6062bcab4e52e9baf808f468a28e5b408cd6dca8","A","89C1AC9C946EE8905A875837114528E97EEAE35E03BE3190584B2216AF43E4A7","removed reproducible output"
".npm-cache/_cacache/content-v2/sha512/44/70/941b02870ebd210c68385fb99ae091b8ffed76ab1c3cae487940a74395d942bed8daea7531d447fff0756b2737bcd6512c80b425aa3ce318d1da9ed82740","A","756BD1183C8E459586B8C03B9EBAE5F04B3572436FB3EDC370CDEC7713CC97B4","removed reproducible output"
".npm-cache/_cacache/content-v2/sha512/44/7c/4c2e9f659ca1c61d19e0f5016144231b600715a67ebdb2648672addfdfac638155564e18f8aaa2db4cb96aed2b23f01f9f210d44b8210623694ab3241e23","A","47CFE872E088E28C53B736FEF305324B57CC1CFC9F72A9B0F769F92731CB8359","removed reproducible output"
".npm-cache/_cacache/content-v2/sha512/44/94/5dbc2a3a2009cf76cbcfffb9ba6ec42a3679f5142057e5936d14bf7c326145ff8c402094c883561b1d6e430b65b948a65a9eb0ba8b81ec26a95a8f0fdd67","A","0E78EBCF75963063993EA6691459133FE8A3F6082904817597C188FB47F70BC7","removed reproducible output"
".npm-cache/_cacache/content-v2/sha512/44/ab/5617ca46992f3b8b60fa82a42efe5ec461195575fcde98224dfcfdd43acfffc75404ee67e1bf31c802905345fedac6f4fa0cc1b04b00576024f49df07dc7","A","DA85F7E762877CD22D3C7DA2C86371C9826CFCEC2AF57435B0924A36442FB080","removed reproducible output"
".npm-cache/_cacache/content-v2/sha512/44/d3/898df64c4f204ceb162657721519790f8c885c040bafe3c3ce7af017c2b189864599f69d6b168212d49168a0fb93d7ddc066646c08f869a15271c7a38fa1","A","5AB483E86BFCE17782977B6B7990B8435991DD320AE0AFDA09C6F2529EE2D341","removed reproducible output"
".npm-cache/_cacache/content-v2/sha512/45/11/023ec8fb8aeff16f9a0a61cb051d2a6914d9ec8ffe763954d129be333f9a275f0545df3566993a0d70e7c60be0910e97cafd4e7ce1f320dfc64709a12529","A","920FA43538C019A085DBBF04CB6F72CC337624E5F5217519F0E7B2EF784E7CE1","removed reproducible output"
".npm-cache/_cacache/content-v2/sha512/45/1b/b3a83b6de58f61deabb3e615a12be4cf9ec995b3a5b0494e8b90931e6381ecb54103b984c6f1425275ac0c4739b302d57e284a06f0ddd0836a8bcb9bccfc","A","F63D6D9BCE28989CD083ADD85AF717C0264E44323D35C909AE99AC934E9641A6","removed reproducible output"
".npm-cache/_cacache/content-v2/sha512/45/b2/79fe398570d342703579a3d7939c12c9fc7b33595d0fef76dcf857f89d2feb263f98692e881b288e2f45680585fe9755ab97793ade1fcaac7fa7849d17bd","A","3961374AA161E6FED80D6F4B6AAF2FB7EAFD2C9E5BE34E865B375F0114DD099C","removed reproducible output"
".npm-cache/_cacache/content-v2/sha512/45/d2/547e5704ddc5332a232a420b02bb4e853eef5474824ed1b7986cf84737893a6a9809b627dca02b53f5b7313a9601b690f690233a49bce0e026aeb16fcf29","A","D884C7A2D8ADB5568C1272D92B4F9C62707F4226CF9E7B22E7B957C7361E3C53","removed reproducible output"
".npm-cache/_cacache/content-v2/sha512/46/01/c10afb636ce2b681748d04d22436811cf6aa1512d6aede18fc804a8a42e2f71d90226ca6ab585108dcb7e6e8460a90b6a53a1f1e4ab8fd6fe721f47fd504","A","46DD458B3D2BC29DAA0E9E01F13B399AB544A8013F27AC6C51B56B831C8A0ED3","removed reproducible output"
".npm-cache/_cacache/content-v2/sha512/46/48/4f3e9db3aea0c0400ff68cd867ced70f025bfae17761229edaef8e78039a2f23b06e93182decc5fbb9dc00bb7ce0d437293d4d2bcf7555d5279aaaf638f8","A","D8F8533551F21ACA87B3FC2D4BC2E2CC7AB221104902C07DA3DF20BAAF52136B","removed reproducible output"
".npm-cache/_cacache/content-v2/sha512/46/86/9dd9b89d0f4baeff50460ce58d74f234ea0d25211cba205f4665c22b0cad8a188b5fa2bf0843041afb23361118073353261f16b1a53ce4d3f269e3694d7c","A","D671E5FBC4BD5713614CDE634B1DE6BBB3D8F26836D1FF8633178E74C0566ED6","removed reproducible output"
".npm-cache/_cacache/content-v2/sha512/47/7a/5ba64708aafd8f9b7754c208dc943455996a53256d8370ccdc221117131d6887f08430e6cc9b728b99124e76f84cee8e2e4019f0afca7344adac25622a7e","A","4312B2EC05BFF4CF50D8086BD79E429A9E2A81C660DD732E6DCDA0CBD0B9D49B","removed reproducible output"
".npm-cache/_cacache/content-v2/sha512/47/a3/946367b67c0e989fab3e552c7928157a371f0b40486ef9ccfb2c27a3d7cad0d472f283d3d20bd8cffd9371d28e850082bd734175907ca5cd2c4ab1d964ad","A","2B8287F7CA3F54DF491A63A9E9A2E7070F289C4979056F1DAB96A30188EADB35","removed reproducible output"
".npm-cache/_cacache/content-v2/sha512/48/53/4ebd227e0e07fff409fdd38631f828129483c2908a5aa38aa8e7596979edb94c845e8dd1f7ae1478119306a0dc77fd33f73bec335ae893165e2ca9b96dcc","A","C7B241D2224CF9253FF53854AA4CEE87DA91BD889C4D0FA3A3FFD1041ECEE5B1","removed reproducible output"
".npm-cache/_cacache/content-v2/sha512/48/57/45988262fb26c2d2f8e51cdd191951877379601340f13c04f47638d583e9233a74aa725aa68f4290ef291338b3fa631a2a3afb8038319d707267fb8deade","A","817D539F17B5C53295C82F50380C4C79608A15D70F753D26496CDF1A194ACB66","removed reproducible output"
".npm-cache/_cacache/content-v2/sha512/49/b2/9b00d90deb4dd58b88c466fe3d2de549327e321b0b1bcd9c28ac4a32122badb0dde725875b3b7eb37e1189e90103a4e6481640ed9eae494719af9778eca1","A","8C5D4286146AD62FC1096981700CE1C22A167708926FCA01F9CA74F9BB50BC19","removed reproducible output"
".npm-cache/_cacache/content-v2/sha512/4a/9d/5a6e52748af0e44b38dc68977112e9cde7f5ef92c149dac30115fabac74af285057fd9bfcac057b6d5c329987b4f3928a3f0af7dff049fa04b9339b9ae31","A","073E9FF9DBABEDF5C128020A677381E9F92C90188D118830B30A7656A7C37D2C","removed reproducible output"
".npm-cache/_cacache/content-v2/sha512/4c/84/d03d491acfe69593918be8d84e77093568468d4d20cfb06156ad3ba1286b634c5ef48cbfce86dd96e1ceab5d47b97eeec87b5f5521a8405c720889658d7a","A","90358545393506A7F65EA1B2778CE68638114C327E441A463A705E26B58A85DF","removed reproducible output"
".npm-cache/_cacache/content-v2/sha512/4c/c4/29da5940f91627ec97239eb327cfbc0de29715b6d3d99d1668e763cb42ca0b54accd955c1478799f78f81381196e5c5be50f7183e60e4c3955532423b4a8","A","D4A52062E411906B99B152EFF6320AE0DA6327789A62DCCEFB0AE58220916570","removed reproducible output"
".npm-cache/_cacache/content-v2/sha512/4d/1d/ca7eb4d94d82cf07a8d48dfc7a305f56716ac72fdb2ee5339b2b866462005d58a3ce1684a8408744b93b91f36a66b711f6b29586f61e9eb707ebd692c1a9","A","CD60F450E2B1A585D8F19C14307F0396F7920ECDC9F933B93D7C3473E6F74FF7","removed reproducible output"
".npm-cache/_cacache/content-v2/sha512/4d/83/9a9ccdf01b0346b193767154d83c0af0e39e319d78f9aa6585d5b12801ce3e714fe897b19587ba1d7af8e9d4534776e1dcdca64c70576ec54e5773ab8945","A","36E6519736CAFAA158DC1BCA8137683F5BF1BC1C476D40519028B3F3A96BC9E0","removed reproducible output"
".npm-cache/_cacache/content-v2/sha512/4d/b5/f79a3f27d2874204556563c03192a707012c372fad2322e17c8c53fbf1acf70b6621986bea6c70690234d11f6ff1a98ba7ac9f60d634b28c28e9a16cc800","A","CE9A5C3B02E59B8D016A2EE39D26D088720142E62870731CF988AF18E2696751","removed reproducible output"
".npm-cache/_cacache/content-v2/sha512/4e/3f/4fea7b40244c39da8abf1740069275d1e179dcc44b7b5d4e3b3b7c4940e8967cbcc4cb777d82d80a7ef8d2cc6c731e47cbf95cefc46bb629316c96826a5f","A","4692F7462F463A89B862C72F72AA2570294B41EA60EE80F5C112FD4AB8B80F2B","removed reproducible output"
".npm-cache/_cacache/content-v2/sha512/4e/da/5c349dd7033c771aaf2c591cc96956a346cd2e57103660091d6f58e6d9890fcf81ba7a05050320379f9bed10865e7cf93959ae145db2ae4b97ca90959d80","A","4B44A14DA6987A3C0585C2FF16B3800425732FF35CAD710C65E72D7F8E33B11B","removed reproducible output"
".npm-cache/_cacache/content-v2/sha512/4f/65/1b7db044177db089ea5722c3254d6f7e743602eb0321fedfef600e2db8e30aa96cff9f7bebd4d152c508b23fece4da65eca0c03f8bfeea57a2cabadd6dd4","A","E9D2B03F95573600E1C13124CE618E3142ED2C538D164595BEDCD4408B8A4E4C","removed reproducible output"
".npm-cache/_cacache/content-v2/sha512/4f/b8/dffb9ce0b191f0349e25bd0eff69ecdbca4d27357fb32555a998703b558b04c7b6bbaabe5183921bb4916a920cdee58dacaeeab545463c43cdfb39dee217","A","F30A35F6AF8C347D01B8FF2F8662272F7D986CF21B916704D86C249A90B97E25","removed reproducible output"
".npm-cache/_cacache/content-v2/sha512/50/ac/4995989dec556db24fd64f18f88b8b921208f602ef8a05b4bb490c93973321867fbce82cf7b484997536bcedb7c47dcbaf65ecdfd99b310f8c6e10ab64a2","A","93DCB4CBFF123E8E2377B8AF1D60AB082E80602BEB2A7AD8D7179AD2939D11CA","removed reproducible output"
".npm-cache/_cacache/content-v2/sha512/50/f5/154b25db3a1eb6eca8822064128305b319e04a2e4689f4f24476b9e0230312cf12d1e234b8f9fd5fd636fb57305b83c9c52da628b6f54f1424ea76b99302","A","DBB3B9B10B0A2828F5AF58A6317685B1A150464C6BD54995069C526ABA45E6E4","removed reproducible output"
".npm-cache/_cacache/content-v2/sha512/51/74/87dbad82499635b5fbb71b749e72beae18b08554f32122a1e3960094b4209c82285873fc4ab3d76331331439bda3d66552794f0453a35673f890294e867e","A","BCC9CB52EBF0175EE1C79904516EA8A287E1E3DE6DC3D3A77E92F8D76B82FB0E","removed reproducible output"
".npm-cache/_cacache/content-v2/sha512/51/75/8c2a12cec1529bef6f0852d40f5f17d853ebac7726ed52b2bff2e184f0240cbeb84ea70bf30c1c23d108522fb31073bbc8b084811bc550f3e203431a5f40","A","F126A6F9FCA487A43219D8CB8C3A955279187A966119D548EB5CD47E999D4853","removed reproducible output"
".npm-cache/_cacache/content-v2/sha512/52/15/cd9be08531671b0a15f2c05c249a1aa3b373d10a67126bf85f0602c86fba10e4735bd704b489c5ac1ad48050d81e7c7788f9e06b03c2357f199b1ec19dbc","A","4D87476AF7EB8E64FB45AFEBE22F09BABD734122A430E64D40CEE064AB8CAEAE","removed reproducible output"
".npm-cache/_cacache/content-v2/sha512/52/17/64e6c7ea71e7bff47feb08e262918cfaee8d1ad93c3684644f386d98d51d9d83b6eb45ed6e1b4c9a3500c7bbe4cefee40f17fe5e09aa6f612987523b7b25","A","B77834169546330FA6FF3EA00A2D66C0CC15A0873F01E6DC4E7B2244D569D74F","removed reproducible output"
".npm-cache/_cacache/content-v2/sha512/52/c2/6baddef0e30b8a29376f77f0cd111565c129547325f38e1c83c0193edda3ceb028ce63a6526f1bb0f04ea56538e37cff02a5dd09f15564ad8516c86617ca","A","D0C45096FBBB78613260F8C3611A6E98719B07305D53E91E77D973672AFFEFB4","removed reproducible output"
".npm-cache/_cacache/content-v2/sha512/53/07/0f2ac5ffbb36ee6fafccc3ec6d0ff453dba1208e49dc67253ddcdfe0c8f4dd0477baaeabea79fe645db5cc52998c840d35410b89ca6e658b13cf2d54886e","A","1776A1B39387C7621FB92C73205555A8055CAA425B08A7759EAF78C27CA7E4DE","removed reproducible output"
".npm-cache/_cacache/content-v2/sha512/53/31/adf3383b372f1d8db60c871976cee11ebd56bbaf68098d86392f0af5c4cefe5d4da777a0a421615355c0886c03fadef4b3ef535a572cae4a4f651ca732d0","A","096912F6E77B4B695FC9304B7BE65091DB42D98DE054DA674AE222A11CB33F70","removed reproducible output"
".npm-cache/_cacache/content-v2/sha512/53/8f/bbd0f739652f68b27081084e4985afdc88733e629f8234c342ffb1ef61b3519352dd77e7fba8eeb95b9a9f86efd30affbfa339639575def4d8fce35f4330","A","2156259898A56050BAADE8A539CBE80652A25054B7F3B89D1FC3192B90889A51","removed reproducible output"
".npm-cache/_cacache/content-v2/sha512/54/06/0e89046a8f718fa58244d08f49f97f08a74e5cc9594d74a3857a2192d8ebb51c719fa65d01c4ec999ba9e6543c94f96f8d177fd72f39a31e6546c9d87080","A","E7FB0FCD766FD32D0A457D1E49E571DE2150D7586A13DB6F89BD9204339CABD6","removed reproducible output"
".npm-cache/_cacache/content-v2/sha512/54/28/c235f80cb1bcb7b53768d369db8ed33f7b0adaea33c79a94e17a7913621f291bdb9c67fd4ff12a38bb814605e93f063a4e56c0c23282c0fe2b8128815744","A","3B256B6421300BCC962D891B1588FD4B64E84E339B9C29F78C61B72F2A7116D6","removed reproducible output"
".npm-cache/_cacache/content-v2/sha512/55/76/3978545aae75dc631c018c9ccf984847e79fab98fefdffeb9e0e18b417e4eea9f1c222d6a0207ab179466b9a0ace3dadf541387d1fce438d7dc57c9d054e","A","F9475892CEF449CA89C76622AE31437E0D58464B1DEAA91F4581E77B51347A85","removed reproducible output"
".npm-cache/_cacache/content-v2/sha512/56/08/d652c9e74fa9fe35493a799abbef37857695b62d60f33facc51ab09b1d789836e9790f3aa4d871d0e6e147d83356e576e9f3e8d5cda78db7de2cb04125e3","A","D81817ECF72DE3C8C5D3724407752D943C9E1A42AF5C437D9CB923BE8A72C648","removed reproducible output"
".npm-cache/_cacache/content-v2/sha512/56/3d/6317770f7f183b3807e823b42754a2e820b966d8917da67547ad7f2ac7b0073226164fe343000ee30a194d8114b85932dcfdf0f59572e63e2c65ba3fb71a","A","514A4ED09355FE1417F03E89C5A5F518745E2EB75A4069D25B55A3E7298069DE","removed reproducible output"
".npm-cache/_cacache/content-v2/sha512/56/d0/0e6b299655f65c9996e9e84da6ca6a43207bf28d7b3fd762ea5988d5c3aaa3adf17e54af9fc86df7902873de79caf92539fcd7873aaad31074bcb173b738","A","E3CBEC8032FE7248B362CDF32BCBA216303F39421700E4748EBE4FE934188FE3","removed reproducible output"
".npm-cache/_cacache/content-v2/sha512/57/bf/af404274e99f9ce6d4b27bc4be9c751f239d71a172178c743df5c42d294910aaa3b590efca08951f657b81e3b87f60194385a8761f785d5065e7f227b4a0","A","4C843BA015BEC815AC52116162559AB7B4B4EFBD3B86F7FCF38F3D770DECACE6","removed reproducible output"
".npm-cache/_cacache/content-v2/sha512/57/d8/c8ea10e34fb9778ec0900fd6cb36f0cb337b47fe075b393a7b4de7e9de16db802190a0aeed52fad689195ca011c867cd3d1255f0350c15a3407df0bb935d","A","6D08280F4CD73059949CC4E72FD437232E3446A1EED541D55C52C21D9635CD8C","removed reproducible output"
".npm-cache/_cacache/content-v2/sha512/58/51/889a499bcdc7f1788c2affee07bd1374a62cc1c1bc105040f8235ddecd0b0375f977f199ed37a4e647c5da4b33c1aa8093a1ef2b17be63e8d3cd0d2ce16e","A","2B87C7AAE9DF937564C0134B83C247C7E6393FB3FB40482C401AB8847A347C7B","removed reproducible output"
".npm-cache/_cacache/content-v2/sha512/58/f4/bf1ef1d04d89c78ac2e8f4c72a0473899361641cefed969be5772ae77a6e1a790a7885a8b7832b61b3083aa74d684a84e5e7cadca621408c5d9baf6024d8","A","3B2A54F0C5E7AD898C8F0FFDA2A6805FB2CC5D68F53ADDF0B4A9EC0DB9D0D06E","removed reproducible output"
".npm-cache/_cacache/content-v2/sha512/59/34/30700bd07f9b0e72e5328bdd2528f6e1c1cbd0fa3e79723ad299e68df8bdaf294dc3a283af94ac363037a227922457937dd39296d3f7c6a2328e0610f5d4","A","AB2C16AE015D6D6E5FBB91AA22374528FDB85748F3A0CD6797C600AB48915EE6","removed reproducible output"
".npm-cache/_cacache/content-v2/sha512/59/48/f6aa5c5a42d3b883a3eae5cdbd193716183c9df22b4bf334e58a98040b3dc97ac02288e2a8b5df0953aa2d0773c00a01bac64254c9585ba0c4be6e37bf8c","A","BA2755AFC0E6C6705326711FD218EBE107A527ECCBD6485155FDE98ED000BEE7","removed reproducible output"
".npm-cache/_cacache/content-v2/sha512/5a/45/03ae88ee26cd3192019fdae756c5adf21814713edc54901efd8ba68264b46073b3ccf1f65ef53a2c7cf0dcbc4a5065bb850129c762644b04b51b98b38820","A","D492F4278BB7234CEAA3C2638EF944E108EA17A23DB7C6A2367C14FA725598CF","removed reproducible output"
".npm-cache/_cacache/content-v2/sha512/5b/65/82459f43aa7b5dfb6bbc8c9715315d8f2ae95ce9174b81452887fc90af7b81ea5a3f64e786c75d6cbfad3ff12e1014528db250255a1afdbb411fed95ba22","A","5C2D69942D00B6F09043E77774462E7FF2EA87A5159EB6EE0973A4D491593CFF","removed reproducible output"
".npm-cache/_cacache/content-v2/sha512/5b/77/388118a0152d13fcc6b8a88605dc60c07390107476f5c8be739c94f566fd58683f4a8adc7ae7ac018efaf5f6a6e2a2c9994fc9560cce4110cca752a5fae4","A","C6293CE0AE57DBF718723DF204F014F6E6285CEFC2FEE51EA65FE8CAC5EEF0A0","removed reproducible output"
".npm-cache/_cacache/content-v2/sha512/5b/ae/e22e5e09d845c41936df78709f7eb8c37e2b6f2c0360d14957df01545124f1f762974457a0307515812a84fb0be101b8b85aa8c683d733cac4d5d84a5b7b","A","8324967A3AFD8A45B0401E3554AEBC1843F493BEC46A89A7CE8CF072E62E90BF","removed reproducible output"
".npm-cache/_cacache/content-v2/sha512/5c/ab/f99e72ecea72c5ef536088a24b21914b90fc8812e3ac7a52c6eee8d99c6ad17d02bc1e9bd8f96a8a84025401d2e89b054712b552e0b7f11653ead3f15303","A","CDCBF6387484C524461DDC4C338D2ACB25276C4072ECEA495959178D28367FEF","removed reproducible output"
".npm-cache/_cacache/content-v2/sha512/5d/74/d4c02be2b1ae6869c34644ff527cdb5804d00c8be44fc011666e564417b37bb301d8412ebf65f93b491c31e03e63dc21f6d7560d45ca350c430d55f6429d","A","67AC5A6CEA2268114A1F8935CA3AD60FE634FED04DD7914939BF24CEAA2D57B8","removed reproducible output"
".npm-cache/_cacache/content-v2/sha512/5e/57/94a1cf6ec065ea8d6c176944d9026ccc705679f39f10036befc7552be7121c8b15c83fef0b9c50e0469954df4bacead7aa765b2415fbbe69ee0aefd3a87b","A","8035D10CC48E2692358AC06CBADFA795279AAF6B3C04F29BD322F6DF09513F8E","removed reproducible output"
".npm-cache/_cacache/content-v2/sha512/5e/63/967bb7b21d81f5e1c2dd54fa3283e18e1f7ad85fef8aa73af2949c125bdf2ddcd93e53c5ce97c15628e830b7375bf255c67facd8c035337873167f16acca","A","08AFB33DB600D11FC89B98FAC4054F19D5D3E0FE527063116150E1ECC2D2377B","removed reproducible output"
".npm-cache/_cacache/content-v2/sha512/5e/83/237413b07bf7ac56012f2e636c0f72111e49bb7db288506beb95e9682575198031e283620f58d9e2bfe1b08f2257cee36a56396be7ee32554663c9c2707d","A","AC13BB8C761F4AD7C4CAA295B73CA8B19F34C1AA60B97C45E9D5B27771A885EF","removed reproducible output"
".npm-cache/_cacache/content-v2/sha512/5e/84/8b85b45bab116d809a22d9f3470370baa43958df8c79d3cbd4a541a81597ef78f7c75c76c4d650b815814c9c95a088246ba124f0e9f3ac5d0a154bd47066","A","893E6CE4EBA1249D3BD6F308F1B350C4A572C60077B498E2D92144436CD90F98","removed reproducible output"
".npm-cache/_cacache/content-v2/sha512/5f/1c/08f043a1550816a7a8832feddbd2bf3a7f877a017eb3494e791df078c9d084b972d773915c61e3aefa79c67ed4b84c48eeff5d6bb782893d33206df9afe0","A","345BB942F3BE1FE234CAB09DDC1DF2C443CB2E84AAF5743C1862CF2B4E8D5066","removed reproducible output"
".npm-cache/_cacache/content-v2/sha512/5f/42/901e58cd9c491636aaa2cfdcc9ac6ba78750741e03b12d7be716908e71a773732e6aa21677b6a304520d34be7728468bd7b8add9a824fd2a79cace822715","A","891307BDC4BC44483D52B62335ED7CDD99ACC8BD0BEF5B49961BF26A68A6DB52","removed reproducible output"
".npm-cache/_cacache/content-v2/sha512/62/8b/d0debce168b308ac38cd0cc90d4b4d6d79af77aa11211b9c72f1febe47497e770dca8bee6c0a822823de368ae2d94c75a881692d830543854d3d88d12299","A","EF8448EC78F20B692F04FA6D01F39B5AB34C66404BEA3429F5A39C6C9E0BE8B4","removed reproducible output"
".npm-cache/_cacache/content-v2/sha512/62/c1/a97b75872caf19622e2d583836272dde6d1cf6ad7a300f19e57786e4401d3471cff5670f405a70b48bdced0c98ad8afb50bda23d29a2f22ab73e8415b4ca","A","1A6C3A3446CB1D693CF6B62785E2F6D8F9596305AFF474DD2B31B2D8D427593C","removed reproducible output"
".npm-cache/_cacache/content-v2/sha512/63/6b/54372e28bb0eadab9a0348a7906063b286450184d39c195ff4d8a0beea477d7831aa75977efa68cc8880e296b058be3127098bd5b6cb870ae3fea2449fba","A","4E371B71E3D5081FA0052356D5C1904E7A60E049864C26F0724CFD32DC303849","removed reproducible output"
".npm-cache/_cacache/content-v2/sha512/63/b5/ade7578a252ca2f34845ac909e3c618da3992d242b2516e6e8a89b1b7f9ec208f726e73ced96e3e5738fda0fcb16b0abe5c1ab5ece957853579f93c9298e","A","79B603009D76C63D5D02B6BDB7E35F5C1ACCB33936A055A387611ACA340DF43A","removed reproducible output"
".npm-cache/_cacache/content-v2/sha512/63/bf/ca0ec6fc2e3a28669c1aa86cae94ee8342592c8029dc7211c693eb19218e1206f52870c044147e54af57c8e1d57e26f974c3a723bee71a222e34a6e462a0","A","D85045D4300D7D57C891336B95DF532E73F34C22FFCD222452B6D08B9D127D5D","removed reproducible output"
".npm-cache/_cacache/content-v2/sha512/65/42/9187afe4505a0089302d4d83d9277870f70371c7e04804e8a39e51bd3e7ac9b027128ecd70cb20fabc9a5a62d827cc3aca6114aa7f738ee917daf77c6c46","A","D536D0DE4DD285DC1468FBB7F39334A47EE0EEC9C27F9B626A6E71466C9FDA82","removed reproducible output"
".npm-cache/_cacache/content-v2/sha512/65/9a/30f47048e4ee843e04892d46fc9f634a8265564f00af1c6c05b8994c8ef2c5aa5186ea98e2acf86d76cb1e68b6634a26c3f1e7a0ce6629519c282258f671","A","DC4A211EAC0AEB795723C6CD74BA47B554A8D468FAF2BC9C0D0D682B3D25FC86","removed reproducible output"
".npm-cache/_cacache/content-v2/sha512/65/9d/70d1aa10930b94b82ed87feeec75e68d7ea42288b71245b7c8d3ca00c6a2eda5742bf402155fb032ec72c3ba22d801a14fbbca0160dabf4088bd5111c9dd","A","3C2942DA7BA321F6BA27255A5FACEEE76EAE502403129D8AA50D2DC8400A94D5","removed reproducible output"
".npm-cache/_cacache/content-v2/sha512/65/fe/47d8ac6ddb18d3bdb26f3f66562c4202c40ea3fa1026333225ca9cb8c5c060d6f2959f1f3d5b2d066d2fa47f9730095145cdd0858765d20853542d2e9cb3","A","D14DD1C35B4BD3B8ACA3219FD3627EB7F3EB49CF6B4C8A7CA58B91FD7A190993","removed reproducible output"
".npm-cache/_cacache/content-v2/sha512/66/7e/42775ef5c31b0edc37e0f07696e9189f4dbf42613290247b3f1b8f8b37519f989a5a40c650c90c4ca6b54f1e96b3ed063897d0712b627042ecc7b170bc9c","A","8ECECD00FA4D18CD2A160E7BE15170AE27E67F3A69ED8D5F1819A1AD44A003C4","removed reproducible output"
".npm-cache/_cacache/content-v2/sha512/69/1f/716de0b5a4d790418e05dfd86681ad85a80744511d9936bf4b1b9c2dd7f8921063c74d8d4a3b8637a466d9e4ff7999c01107db43c2043487d9120bee0112","A","E5F10E103275AD84866D4FA05A78A4FAA0A6ED7D1EA30138EE95A6DEB22B8802","removed reproducible output"
".npm-cache/_cacache/content-v2/sha512/69/d9/e479e36af52ab5b147f8f8545573429d818821cec805a5949055956f6342c2b94b8dd059d08321b3089782e1f5b571d5ec78102353610ea942236cd71953","A","3982263706BCC9FEB49B4B0A65F51D89C8B954E3690278DF01BE392D0F075271","removed reproducible output"
".npm-cache/_cacache/content-v2/sha512/6a/4f/50cb943b8d86f65b071ecb9169be0d8aa0073f64884b48b392066466ca03ec1b091556dd1f65ad2aaed333fa6ead2530077d943c167981e0c1b82d6cbbff","A","DBB535C9302CE9B3F777ECE3FF055CC8D88890A1E1DEDDC045340AEF76FB775C","removed reproducible output"
".npm-cache/_cacache/content-v2/sha512/6a/c4/ce218843838cddcce49c0b26b2b6bb15ddc47a07879c3d0957c3f749226ec9fcc653b42b5f54823d243f067a1e234c2acafd77ba720e547afa2578c72825","A","E289C743E5DFBC9C32C01109D541E55572481165D432EF2563A96FF245E67AD4","removed reproducible output"
".npm-cache/_cacache/content-v2/sha512/6b/85/0641a58f1f9f663975189c01b67b09dc412e22e05e374efdc9a0033eb365430264bd36c2bc1a90cc2eb0873e4b054fb8772ba4cea14367da96fb4685f1e2","A","50F14AE6CFE8360CB2259BA3E93305E069036F13251D69D3CBEE9E1D4775CA04","removed reproducible output"
".npm-cache/_cacache/content-v2/sha512/6b/f8/72fa936c1544d1f88cfc4c226f5ee74a54b027cff0f2792528d74239caf143409045536b3dbaa429a12ac996ba0750aa0aab383e7a9c723fd96a15dcdf05","A","05D8D0C559EE3207FB9BD6DE835633BFAC5339C31B50968ED976D78251823F75","removed reproducible output"
".npm-cache/_cacache/content-v2/sha512/6d/12/128022233f6d3fb5b5923d63048b9e1054f45913192e0fd9492fe508c542adc15240f305b54eb6f58ccb354455e8d42053359ff98690bd42f98a59da292b","A","DB52F9F62558BAAB13353DD39E3200750FC33E6A129A575B46226F493776E230","removed reproducible output"
".npm-cache/_cacache/content-v2/sha512/6d/5d/13828f4ae217cf09e93e68c027f35469a452afdb248341e328499baf4c04b2c0d4e7549080ac2644d855aaa6f21ab4abbb54c44b5a547511acef5610f285","A","7774ADDE8013A91E5502D550F071AB61B1077CE5CC3C4933FB853BBA55A02280","removed reproducible output"
".npm-cache/_cacache/content-v2/sha512/6e/96/556e9ae53a381085167d412b1d1830ca8dfe8b4be6565970a31251e3584b2e4ad75464fb84f87fc1d979437e3fadb3a1be4ef85c6ec332a2652ca198d858","A","878A45A7C25A8CB0E5CB11CB417990E9306A0C7A4F1DFDF8B647F10E4B414044","removed reproducible output"
".npm-cache/_cacache/content-v2/sha512/6e/b4/d3b2f151b790b58061ed3ecb7fdbcd548cf0f9b7d7c1a9b82830f9555b2d7564b4cf7eeec7c4ae1962a3bd1fba3fc82f6b493088f3911a4383a8635daa63","A","9D9A8B6B3E6FCE92C3FC0AF1B0C39672A254C7392AA9CCE09241C2BC5A53FB1A","removed reproducible output"
".npm-cache/_cacache/content-v2/sha512/6f/1b/de57857cbf961be277054d3deb3d281904ea429237cad32e28555549c08b8354144c0d7acfc9744bf7cf22e5aa7d9bd6e7c8412359f9b95a4066b5f7cb7c","A","6916DF30C976C50FB67AF9D9693728B1D93E501F8FB4A46731B4CA3A0D1D0F1A","removed reproducible output"
".npm-cache/_cacache/content-v2/sha512/6f/a8/d2bf1bd59f2a6d0222e36e458b13f94e9d1e257d3b43025f9e502ed1672f9041673ac11cc8576084eb106e3260f1736a888a1b430990f934f38597b7d105","A","8CD3380EE25E0AC80060DCEE138C61433862A992FC21D665DA823EFBFE43FF0F","removed reproducible output"
".npm-cache/_cacache/content-v2/sha512/71/23/8287a2659267e32f235c2e2bb69c1e2ffa79be76467e4392875a4feca28e14ed92e211014a1caf7f626b411e37c211a538dc804a40e738fee26609a8824d","A","CF7CABA094C925DD58B7A175070682066A3D59B2C42B9FBC6D6BAAD3BBD234D9","removed reproducible output"
".npm-cache/_cacache/content-v2/sha512/72/06/051249ed0b1a691d982d499fbbbe1d306d943e202ecf3ccc3c0d29d11b6ec1ea40dddf6fd9c34389b7b7460e2802a29accb961e38363ef527dcf62f3c5a1","A","A4D1BD8384D4176DC7446AD0ACE9B31073AFDB1151DF00C477ACFE7F004A9C5D","removed reproducible output"
".npm-cache/_cacache/content-v2/sha512/72/bf/df20cd9d74c4956d856091f0f88cb26fec587ff194e3be8fbb8107925465191f1a71f450f0a0be620bb854cff2e2440f3031ba9f9dbf74c4a7e6d7f1c791","A","61EEFF9D7616005C9A481C796F52287D81FBBBC0D55EACA5565322924252C1AA","removed reproducible output"
".npm-cache/_cacache/content-v2/sha512/72/e6/9d73154513cb032ba89625bb3c4a7d1abf636b8764121908559415bd01a007a87c235ac6474fc2c9e211463e1ec048157675e15d33b1ff0cf8ee96687cae","A","23BF153CB8D21F3A21E79CBF2654A2B9BFEC73D6CE1C5827B53F810D0590E1FC","removed reproducible output"
".npm-cache/_cacache/content-v2/sha512/73/f0/343f4a3190008373e70a5b0f1ebcb5caf37a012a09f4a8f3aa0984f8c7dba8969088240718bc90bd41828d0d13ec4de1b20ab437dba8ebbe065674274ae5","A","A6A3E1020B714A8CAE8253C2805CB6E991C2213C6C07A04417F729B552DF0466","removed reproducible output"
".npm-cache/_cacache/content-v2/sha512/74/ac/75d9e442548cea0b1146a65c8528930fbcb11682636d52ba53889211e6ef7bcc48511bcc92aed6e83c7657c7b75a2f1415ae5eb8ddc4f36da6f6b64423c6","A","4BD2CFC8E674C93CF7ABB3BD3D6FD8E388FA10324BEC011223A8FA4F287185D1","removed reproducible output"
".npm-cache/_cacache/content-v2/sha512/74/ec/bedc0b96ddadb035b64722e319a537208c6b8b53fb812ffb9b71917d3976c3a3c7dfe0ef32569e417f479f4bcb84a18a39ab8171edd63d3a04065e002c40","A","507B7C4461E8EB941355AF9A59E9A7E02CD0E7C6176B48D1809766344F3F1708","removed reproducible output"
".npm-cache/_cacache/content-v2/sha512/75/12/e30961d8838a1a03bedcc4eeb8a0efbb2700b09c8ce464f76bac2ef58d0990b6584ce79ea9c0aa396d4ceabd99dd9156de14b2088bef530b8d09345e6135","A","439D14E46F574BC1A62A72AD4598E7F22EBD8021410AB7D869723801C436E95D","removed reproducible output"
".npm-cache/_cacache/content-v2/sha512/75/8a/a035265b0f091a27671e45df688c21a306afa63a6f4b9ad5e7027106c8784dff947b8835b64d1c3787ea3f8c2171bacdcfd8b7d62088b0a3002300d9bb20","A","E3336E954C29414C532721AA3F6E1E7F15C26A67A63DD77072D273F8431A0C9F","removed reproducible output"
".npm-cache/_cacache/content-v2/sha512/76/69/51c412496b25e3a93c02f89b45d478499a07f77ed43761e8c5719adfe3e28ab49bf4a83b0ad698ea69a5631bbc09e4d27a5153f53aa44c43bd59e02debc5","A","22203FE39B7626E2679FA74D6C2E9985E52B5CBF79ED27F8DC0439B3255C9778","removed reproducible output"
".npm-cache/_cacache/content-v2/sha512/76/e6/d75a404c2ba54786e483f0c006ba9127434a04ed20625e62eb0e74d588ca4aec9842ba33ff3fb391380a97c43ea92866a8b39ae383f61754b2e1db38eede","A","C11F4FF66C36CD854460346B8AE75AB31B828A24C282F0D9C18F13E276788259","removed reproducible output"
".npm-cache/_cacache/content-v2/sha512/77/28/7fc4ed858796d8adf59a6aa1ab45040690d766630e8099a014bd879430d4d642dbdbefdea290b7664dc85198e94e8882754c35df5a0571d50914950e877b","A","C32937B40AB720EF6242DE0BF4C8B8E48F1E4A29FBB4CB9D9F596471EE58D5C4","removed reproducible output"
".npm-cache/_cacache/content-v2/sha512/77/d3/661cc3c4290ed008b2e6d63237ce6a100704f92b01588d7049f729997ca09453ee6b99347290a005bc7e509ff64276cdc2100152f4e0bd33f8e49745f66c","A","627B63EBCD210E3BDD41B9C72FED985114E6640DCCA06B3D4C1BDF55576B743F","removed reproducible output"
".npm-cache/_cacache/content-v2/sha512/77/d4/fcb9cb04861f018b5c285c27fe4c828321138b1b958293183c81e0426ef936da4cf00b91b63a75d530ee8552cbd09605145d0da2b5ea615832ea0f36de0b","A","3B5C43F9DEE182D4E7C3242069EE8A5C03C5A3BCA8E2DF763A6044F1DC844D07","removed reproducible output"
".npm-cache/_cacache/content-v2/sha512/78/ba/175bf0c7ca5eb6cf1638482688827461b8cafaae2e23b84600452f04eac084ab32a93a2139db551ca1f771f8a9c3665e719af19869a2829391443b1242a1","A","C30017F9D125D9D2FEC5915A600184E727491ED7C278A7CEA6F5342C47F32AC8","removed reproducible output"
".npm-cache/_cacache/content-v2/sha512/78/db/fe5ab55b2aed5fdef6d8253ff1b62179b320391cf20cb5ff48818fe72a0d2c5aacc0504bea63fc66ece71973fa9a7cbc7f88ef4580e99e480a78bf9b62fd","A","AB26CE35CE4032F04B78CFC5BBB4CFE13358E9FE7A5433A8AA6315C3DEBC5095","removed reproducible output"
".npm-cache/_cacache/content-v2/sha512/79/89/b441606d52b0566561b4777f3a386030d7a67df793e2395a3607b6e35926c779d1a5e5ed1959aabae6438681448d7ac1080e407d2126d383f24af5d84264","A","6320104B491CA645120E8F99589CE663FF1FB337BA80066719A011BD95320303","removed reproducible output"
".npm-cache/_cacache/content-v2/sha512/79/e5/6cd2f7fb72ea9768cd2a2d008f72e7c89a224d5415dd2432eeed9198976ef7d941f6dd06adfdfa0d1abafabd8577fc3753b01a804a8820505807d7839c64","A","C3F2E8E21D8CBE8F999F666D9AE7BB24D45950ABF31C74038E75402AA4EED418","removed reproducible output"
".npm-cache/_cacache/content-v2/sha512/7a/31/f0ad0418726f719d38af4a19f62033a5233227377e005ec92fabd42272f0ad133ab5573725bbfb4a17c26ad4283c246d862fafc49a382c093ee55dea44de","A","4BDF46CF597B875CE16770F151159CA34F96C20BA3C112DC8D7F6C6D6CCE770C","removed reproducible output"
".npm-cache/_cacache/content-v2/sha512/7b/0b/d8964f3ac54a06234cd044dabf982fb5e91d5078394a432db52a2de84985cd80b6f8e465753fa03433efecea7c82b8d0ea7b9569698f380735c6c156f014","A","8C2E94821047DEA035114EC42D094F8EB32F6E1AF754C0A59B6180F7EC0700E8","removed reproducible output"
".npm-cache/_cacache/content-v2/sha512/7b/54/048fbd98e3377c465359566a1383e882392570a64d3920e8a243076b93009256565f3ed85ebc4ae113e9dc90677661bb177e9d52922b339e11952173f635","A","125B2AD5A96721BDB6CEB5D028D0A9953D53C0BFD254136B20662DF72CCBDA3D","removed reproducible output"
".npm-cache/_cacache/content-v2/sha512/7b/79/d17e07d4678acd18bdb7da05205f4e90372c9ecf4e0a76316b17e2d34683979ab3a014a0e0e0109db235bc1274faf5ea9d606991a49c223d560dac2696de","A","5986B8B13121340A8B0D5C7D8F0F961AA80EF3A74515CA9CB7A78D86ED0385F7","removed reproducible output"
".npm-cache/_cacache/content-v2/sha512/7e/01/71ec77e8abad32b4ad9cec386717c8c8bf362038cc5fba08cb3923078cb20f81e9ea6bb4bba1a6a001352af7d995e8862f376b51982d309d3617ea23db33","A","F52192AD895DEE468F1D1D5BF8972F7114E2459FF126632A1963E7BD2A38ED0A","removed reproducible output"
".npm-cache/_cacache/content-v2/sha512/7f/2f/9dc9547ef749de94af2ba88ce7165c73c7bb8f7066e1c47f0d7ebd9b1dbe147d27be7b786494e0b496e2b4843c15c27457ef14d1c92a6cad055e5befe835","A","568243D4062961B1C41458EF6719BDBFF2391EED4858EBA7C550DDE43901258F","removed reproducible output"
".npm-cache/_cacache/content-v2/sha512/7f/62/3b1b0e896ef09ec732089ee49b6697dd438e03ee2a9d597d3514a2efacf82ac6813ba0c8fc72539fb68f14eaf622cf8c9de682aedfdad149539ed7346ed2","A","FB92ECD0F8F216877C48283971879BC29041F1D0A39554BA5F0FE0B2FD85DF53","removed reproducible output"
".npm-cache/_cacache/content-v2/sha512/7f/7a/90f68432f63d808417bf1fd542f75c0b98a042094fe00ce9ca340606e61b303bb04b2a3d3d1dce4760dcfd70623efb19690c22200da8ad56cd3701347ce1","A","B019A0980F27638DC3F85836B0E478F188E00D7A6E5852C0819FA86F56E47B8F","removed reproducible output"
".npm-cache/_cacache/content-v2/sha512/7f/b7/1c14f2b7497147a71d795081b2449fc525072db8a674cd5b8dddfac1a381e72b771acbd5445b447ac8f6051c2d0082a86e90fcca8eadb6b790e6032a86cb","A","E2085AE2B084792812A4F4102F6B4967E93CFDA8457361B7DEBE610CF2AEDAF0","removed reproducible output"
".npm-cache/_cacache/content-v2/sha512/80/1a/f137cf203887f747b8dae4af6c97035ac9571980ae923943919b6b81cd378811f79568884ea42b53a31dcfe91ee8da32c5c0b1532e70bb914fd119c60483","A","CE6808089AF3EE67C17397F2950CEA9D49B1E12DB7EFA5FCCB23B5455E38E4E1","removed reproducible output"
".npm-cache/_cacache/content-v2/sha512/80/4d/5e40d67747efa44f3154a5d1a5a66cbc903643fcc2f21ea0f0aa3915408d0931d2350f9d6ccb51fde7c3cd5d890cdab01a73b7b9fc29c8299ac7b4f87705","A","B7BEB7C13D7CB80D5CF559973E89E24898414CC5AC2FB699341682E22540C6B6","removed reproducible output"
".npm-cache/_cacache/content-v2/sha512/80/c9/844a1c30abb149a8cc2f7d1c2f0a5d34bf890df8a39f26a5e7f9fe27aee7da93980d1c93a4b1dffad03be3bb3eec23c6395a248505af05118afece8caa0b","A","210D31DF7EF5CB5A734E94D9860AB5D78DA0EAFF8AA061A8FCA8AEBA2BB26C50","removed reproducible output"
".npm-cache/_cacache/content-v2/sha512/80/d0/866e79e79c501418a799f4f75bc9e19826a7b0a6673668a1d410c3b99d03d653d94e9afee3726408bfea870fc7d75ba5bba9fb82c17e2b63d2cd4635eb91","A","43A4FD2E6BC87EED330D5E2B06BF8594E9D1C9F6F3070D214ECC1E4EA029ADC5","removed reproducible output"
".npm-cache/_cacache/content-v2/sha512/81/76/a1e9a66b714c635a0db3476330a2e3f6787942073755e29ca0b9d7a168a5d2196e2fd80b114142be970c178628ba28565cba7127992528629e425e26f1b4","A","27EB37FA4BBD88445966E5271E5718C8EB96128709855325B3D11B5543033BD7","removed reproducible output"
".npm-cache/_cacache/content-v2/sha512/81/96/dea6c761dd60ed8192962febd33e1ef52d206b9bf638fd00d905509c61f99e4c412ea0e630952cbe1b54ad7c983efd9cb9e74bbfdd30136e6eea0db6ccb6","A","B5CED4FD7C23A580549182676C43C03A8731B9625E66270F443AB27CD21B502D","removed reproducible output"
".npm-cache/_cacache/content-v2/sha512/81/ea/bc976ac9931be45ec4fd44c82d504dcff292131694ecbd8a5bc928b5207e1f6440010ff1a9f399b26b2160c64d24b658c63099c26de164c93bacbd2befee","A","611AFE4CCB51032FA5BDE4EFEB247E466F21CBE6EA749EAA2FB698BED7E6D056","removed reproducible output"
".npm-cache/_cacache/content-v2/sha512/81/ed/e2a686f04974e3e09c95b6cc10eea663d191ddb5b1ae3a7a3f2eb80001e4b1b6c27a56ce06cf92243c7d9b9aaa6370b505a2a1a103f9ae7ae21feb751794","A","7B3DAB6E7B74414FBE337176C3ECBDBBEC6D7901018ADD05EB30C92D7FECE907","removed reproducible output"
".npm-cache/_cacache/content-v2/sha512/82/86/ed8d73e25bd71f1d019738196f8b5750ede713db04f8b958441b83768e67283ae04c02880f20280ab663b0d8ae10cb124f342a93bd78ba3a78e52c7a7eb5","A","C50ECFE85A4C56D9BD680EEBF04DD6643DDEF231E4DC5CC2EBCEFA61888D56D1","removed reproducible output"
".npm-cache/_cacache/content-v2/sha512/83/35/2dfeab7cd675ec14628815c0b76277c4031e4d92e9c27e70e5bee0524854b4d9b717bb82e679ad001485306cb5b158fc7777da7c4b94286ae8ca70d43171","A","9E1F1A05F0DD0C1DAB64EE91CEB9BF55CD44D35368C70EDDA80A2FDC70A88377","removed reproducible output"
".npm-cache/_cacache/content-v2/sha512/83/53/1630b062cfc14a8b57b8c3453254bdf0fa225c7960050406819e718a3a935ae5ff132e4b646eb7b5facea8202c9d5809be1d15064e623efffc6fda1bd760","A","90B2F676282469D5BEB40943003A815E30E80CF84EA3D72B812A7E13B0B7D80B","removed reproducible output"
".npm-cache/_cacache/content-v2/sha512/83/a4/147dfd38a19a47b34786e69f37ac52e11de574d2e83f61ff6764ce9f2de52b3e0b814e44d039da40596b29321e794d97d54033da37735025f6d5440c5d23","A","2460004412100EEA8E96B98F14D3DFB4E22A6628654E5431D14F974C6201CA18","removed reproducible output"
".npm-cache/_cacache/content-v2/sha512/84/29/36299eb2a13f8a251bfa279b3d3867f6e614cff8e9d3c4168c69d8bcd1cabc71344d13344ecf002ac2933585bf374dd0157bfbca19ffcd0792eef4af793d","A","A9F5004D2A1AC4C7DEE79C5899B224E4FEEE6A80A29B8DE12EBD6674157D1FA1","removed reproducible output"
".npm-cache/_cacache/content-v2/sha512/84/51/db4cdaa153d1bed9e2855c20556f5b63153fcb71e889e3e1df2cee294e90c8d0a1e2ea26a3a5c14591a490f605e60a1ee7f360343ed85a6b211d37a9aca5","A","6CE7AA766295B05BC66D9104A4C53F987BE3EDFF8FC395E8A8C88AA6D06584D7","removed reproducible output"
".npm-cache/_cacache/content-v2/sha512/86/c0/53354a904c3c245ad71d608da2d3a63f9d4044b0d10324a8d676280bbde832f240ee2404bcb91969924710a721172f467fa630f2e4706632344227682afa","A","8E9652205F5FCA36DEC78E11650ED998E639F5744600E1DBFC024CD627EED8BD","removed reproducible output"
".npm-cache/_cacache/content-v2/sha512/86/c5/35f007bc0834d1e8a82ef4361fd046c2aff6b98862f4af2b500e86d471da5838aa2493c2c48d5a619d7903920a62d30615b2aad7b8fd1b67125a4ea760a0","A","C196BF959C5478704AA39C11D2D87CE5E05D9CC6D20C3F04FCCEF74102CC6FDC","removed reproducible output"
".npm-cache/_cacache/content-v2/sha512/87/c7/e011dfc3a684bd081ae31105d1f9d203adaa290047eee30615358dad10fc24eb4b2d3d686f64c7f8168a3915a92e43b1c56686bc59c79a5857abbcad8ebe","A","3C846CF2797369AB971B6C89C9EB3089EFB967261536C0F9BF31D6C250C9487A","removed reproducible output"
".npm-cache/_cacache/content-v2/sha512/88/a1/3dc3f67bc42cd430866a741b29ea9110bf0b8479b1f8bdda637035a7cb3688eb297a3bd147bd5a6619e96f10736ca18eb019b964c51e99b72fe1d345a248","A","53F5165C3816909C74218DCC0F47999523CF0C64069FB893B89AB9A088DEEC25","removed reproducible output"
".npm-cache/_cacache/content-v2/sha512/88/f0/237abaec7b6effca018bc70f84051f5a82ff58eae2de61524cbbe40d0a8a2e275ff5ae2d261ab716a5f0aa159bb3cf1dd68edc311b4f7c5fe9f83ae4643e","A","3EE20CEEA3B279A42646C98DF116E4534BC1BB4A5E6B9A395092E7029E9221D7","removed reproducible output"
".npm-cache/_cacache/content-v2/sha512/88/f6/4ae9e6236f146edee078fd667712c10830914ca80a28a65dd1fb3baad148dc026fcc3ba282c1e0e03df3f77a54f3b6828fdcab67547c539f63470520d553","A","71D20B2743581B997191A760EDC54DF51DCEA7C53B12C613CABC360F636D832A","removed reproducible output"
".npm-cache/_cacache/content-v2/sha512/89/b0/f6bacc7d251bbb7f9a6edad30a308e1ca40e0d817250a1844fe2943b3f19a7d65ea4ff9dea5ad41665aca1632dd7e10664b7dd0eb7e98911a797a2e8a8e9","A","52EDAD659F857E8FD3F5D0BCC7CEE172F7E02E94A6AA18EEA8475C8A218745FB","removed reproducible output"
".npm-cache/_cacache/content-v2/sha512/8a/4d/d9802f5d63f95855533ef8e212b1a6037a0d6d6f456d3f9b8bde8ba1d64a0639a50c0cfa5b1487a2e099058a659414f9fdd2c6cc34c5d000854e96760a24","A","BB3FF0D0A5B0C4A5AB5E579D79E91FBD41CD1700028DDF91EBD3154B3C13749E","removed reproducible output"
".npm-cache/_cacache/content-v2/sha512/8a/57/131ff52788290c76d7b192808dd1b23ba4c7090ef99014fbee3ef98469803f3527c54c081d5122c0a158da4499bbfba3ef70cfaad7360ec12e304d8305f7","A","EE0DCF538B40D1C94D6CB344D5316721D655BC4859B1DBEBAED5DF8DB86DB9D2","removed reproducible output"
".npm-cache/_cacache/content-v2/sha512/8b/00/d9aa0d10006ae0f516afe47e27d0ceb87379a4479f5c27ac10a7eec2e2723482c984c5a79d6982cd3b8e1e4f802d041c236d38863cc96dd8c7744fd1fd25","A","CFA1A9A5E18988850E548F4F6B629C58DA32DC32BEBB116E58EA301E516FD16D","removed reproducible output"
".npm-cache/_cacache/content-v2/sha512/8c/38/46f45bc01279619e3aec20d6cd5dc51ae06f8bd4aa929094ae9e46ca1331517006f9da3bccd0f8cfc4f46f85ed4735ce45e72734cb3cd679eaa51f8c8122","A","77C24A7DA646EB301A3B1AAA038A1192DF4EB00901A33E3EC5AD744798B9E054","removed reproducible output"
".npm-cache/_cacache/content-v2/sha512/8c/80/6f5964a10af941a8134866dd0a02c856a6f4a3864c2412ee1951c012a00be19ab800508dadd5d5eb8d22f8c5754b0781739cfac8b17de7297165fc3b78bc","A","34719404E92BB0EFD1F021AB175FEACA2BBA41BA5B3D4EEFCA7FA76351F46EC8","removed reproducible output"
".npm-cache/_cacache/content-v2/sha512/8c/e2/cee25b2c1335a9a03bbb1be65ee158f0311501b76f75a67643d2099a9511198a99d35f7c1a750a3b172e3c1824df7b5e3f61137aaf0feb389aab13ce56c7","A","A787915A3EDD57B2D2A450E51EEE310D7C8A1FF9572FB0DC182363009EAD316B","removed reproducible output"
".npm-cache/_cacache/content-v2/sha512/8c/e6/ca2229353f64233c73f99f3e4168eb5495f812d1f5a8f08501c8d5e433ea3ed36b093a2f787a6efb1b024a41227781f3c7760ccb36b1dcd6ea245783ff7b","A","2215D1AE82EEA71988CBEC916DB366D2485DFD89D70888698D6FA34C267B8A90","removed reproducible output"
".npm-cache/_cacache/content-v2/sha512/8d/02/f79519e871a16dbb7574d094e8633ff8424356b30c628c368254d6518914cedc74032ec76ed59b66214bd5e323e9fabbd69b98f4cb44c6fd2eb572e8a34e","A","F1C0EFFF7A48011A8AD317C555FD043EF6E427C78B00CA2D438682958D880600","removed reproducible output"
".npm-cache/_cacache/content-v2/sha512/8e/5c/7ab0b93810ec0eea11ded680869b543800dfecd2b4ab4d33c118f334fd143a532970ab5ec5b94f0878924a123b5ce8ae8ed3bcecbcffa00cee8c316a3ba6","A","E59184E59EE8636A5D80D5243AF067513DF06C1C60B8A0516633885AB3D361E7","removed reproducible output"
".npm-cache/_cacache/content-v2/sha512/8e/5d/6f6733c38a72ebf5e52ddc9feded5e8580d130f508ef04f772b33f4a7d00c3e357d0ac2d98e2f290762694a454f86d795bd511e12e9a7cc2d9ba3394e04b","A","10E108C9CF7D5F2879053DFF18515FB405ABF2CCEF63EAAF017D9C571687A1D3","removed reproducible output"
".npm-cache/_cacache/content-v2/sha512/8e/9d/8bfde63a7e7f8a81555000ea9822d6c5d1563f600a5ee4ccf61746b29123bc831df56d8099caf49e6310872afcc71b97998dcfb3c9a4b906b056c9adbe91","A","01766931E7F616E61D59DDAEDFA23869E8D0DF4641245D70ECBAD2B415BF0D4B","removed reproducible output"
".npm-cache/_cacache/content-v2/sha512/8f/a3/c0436b94afbf4f6610633f90b97e197c7b7f459919ce8ec0f99469d6ac553c8b61bbefab412bbfa73fc2ae4144d3c80654c1f42a5c082b547e4c6c7f4261","A","4A5BBAEF81B350BA5918FDD06E2081834401BBCA14051D2276497CAF200971D7","removed reproducible output"
".npm-cache/_cacache/content-v2/sha512/8f/ab/d6cdfac655fc97c607be3b4c79b21e9cbf10288346bfe1175dd8adfacc2315e5e27effeb4e0278113bc70e0cc3566d545d5659866502f6612df247c6c850","A","5675F51A5C33EE402BFF8A2A341A0390F85E82D3C199859244D2F67091B0B93D","removed reproducible output"
".npm-cache/_cacache/content-v2/sha512/90/7c/6bdb366962d766acdd6a0e3aeb5ff675ad1d641bc0f1fa09292b51b87979af5ecc26704d614d6056614ce5ada630d7fc99a7a62e0d8efb62dbdb3747660c","A","9ACBA5BD18A51E9CDF5898380E4DF63F803E1844DEF64AE1A46F88CFF86D556E","removed reproducible output"
".npm-cache/_cacache/content-v2/sha512/90/d1/4fca3861e5c2a3ad496dc6cfb0171f9991b45ac71999f97d19537d523acc4212d3fd54f82dab6b5e670d4379bba92f91a60da350eb228c31570ce358aa0e","A","0DACE4224A1F9878CFE3F005EAB7ACA89D7004E2F815886E7A8BBC2C041BA951","removed reproducible output"
".npm-cache/_cacache/content-v2/sha512/91/5b/1ca97938382a7af126747648042958baffc8a3df4d0a0564c9ab7d8ffdd61e5934b02b8d56c93c5a94dd5e46603967d514fcb5fd0fb1564a657d480631ea","A","C5ADBD730A495A3C635BBAE9EE5F693B95C7E13B395F7036EFAB8232C5F0640F","removed reproducible output"
".npm-cache/_cacache/content-v2/sha512/91/7b/3d1a8d1c6a1d2a1d5576bf7f3d21740b74b09e135c5f16d8ce005fa2a1bbb4388a06d698def00b76bcc1f268f3223cc9c6fcb58fe74b7030bdb578c7006a","A","2634A5413CD48EB7896927A656B07D0278FCA3C0D1F198AE7FEC2B31A64F3C29","removed reproducible output"
".npm-cache/_cacache/content-v2/sha512/93/a1/36d45cf24ac48ae5adb529100305dfcd1a77917a014ee692c77dd40ba510c44d4349b9e2d7b37582cf2437b454436206eadca1c65df4db8b66ecf1643aad","A","E7263C0E3C9C70D9B14FABC8201D22A2DB1AC8145D5BB8FA6F6F0D6B44BBF56A","removed reproducible output"
".npm-cache/_cacache/content-v2/sha512/94/6a/bef72af5fc6b8059a558207463befc921b9ff855f288bc2f045b14ad3dd70387f29aec51b7b703fabf8779064adabd48a584802c1b8423f37b74d8b5943d","A","0AD4C0F28F9BC5BB6F3EB879B4FD38265DEF6D7E1E5D61F96F78EE6A8A7BE94A","removed reproducible output"
".npm-cache/_cacache/content-v2/sha512/95/98/5c96e984d46e95603f151dedf9c0568889ff824f2e522488b9fb7cb8a6c0e05aee303c3a01845f0dc543a29c473ba478224ec4fa31a05bf76aca8610fe5f","A","5801FB3FD5D48E12FBF5CD76226AC18033C76A0FB35CB97026A9E5053ECADC4E","removed reproducible output"
".npm-cache/_cacache/content-v2/sha512/96/17/7fc05f8b93df076684c2b6556b687b5f8795d88a32236a55dc93bb1a52db9a9d20f22ccc671e149710326a1f10fb9ac47c0f4b829aa964c23095f31bf01f","A","1E2DF822C43E0A2B448E5DF79BF8E6D3E085C86E30456CD383A2F96215FD1687","removed reproducible output"
".npm-cache/_cacache/content-v2/sha512/96/87/13910c8abf0204801cd5ae7f3af7779b73dec5d94f191e36d7c035c9e459f64c2a4dc1394a71a28b91d1e8a7973f89c38513baaded0f490b986728d6ba1a","A","0CF63B5ED704654BDC7574BE035883B2EB3F8872C795A6B8DBB690CB7A3D54B9","removed reproducible output"
".npm-cache/_cacache/content-v2/sha512/97/2b/b13c6aff59f86b95e9b608bfd472751cd7372a280226043cee918ed8e45ff242235d928ebe7d12debe5c351e03324b0edfeb5d54218e34f04b71452a0add","A","1218830A93538A4F730D530138E945EA6A65B45E099EE7A9EA538A05141BABDC","removed reproducible output"
".npm-cache/_cacache/content-v2/sha512/97/9d/4ddabf775a6194c9edd6b85a0de64d74cf2beb56cd2a7ca061c82e6881443a130e89512b3087bf266d23be214de74d6b32380aea3c271285d41269d82105","A","253CAD9321F18C817C7D3E06415CB60BF88E3C01AC08920652B3A1B2C6CABD52","removed reproducible output"
".npm-cache/_cacache/content-v2/sha512/99/34/8b7f5182fc2d26a168d36ef08ce909ff8018ef945b756b3b96176bfb30de42dd9ab653627694ddd9118929ba3b8e539468ec0dbcc24be24b168a9c6d0162","A","7C1132760E3EFB600E922D9F03C2717E8C4F653633720AEC7BF829192E7B953F","removed reproducible output"
".npm-cache/_cacache/content-v2/sha512/99/c1/9eb06a65067ccddac6ef2444f3a4235f48cc8f9dbdbdab51912d4f886fb6c9ae9206db2c2646887657955b036b8dbca8a42949556c03e4b3b2438f3e00f1","A","596B57F4FAE1A9372C50C84C1A93DF14668A6D268A462B2047D34AF61CBBECCF","removed reproducible output"
".npm-cache/_cacache/content-v2/sha512/99/f7/306fa23343238a4ecf3809032b3b05b881071a4ce016274cf32429765923c3ad693f3b30da2265851f77635e16f6e20e1eb9d65f2d1a3302f3c6c3877d85","A","ECCB40F9397738297C0D0AF831F668F860F91EC2AC7107783382FDE91AC5E745","removed reproducible output"
".npm-cache/_cacache/content-v2/sha512/9a/39/ffd1b8bfa145118dce5797b21a5a2fce24926e9aea0915025f0c3c8ee3afa1056b1f69533ae53047ab67a864187397d11c8713a28e991b442f12541414d3","A","793C94AC215BE772757045F8804406578B8CBC1BDA7E1CDE23011F9145AF74F7","removed reproducible output"
".npm-cache/_cacache/content-v2/sha512/9b/0e/7c32b065c875858ac4ce6228270f4bdfff781d720011fbda1fd6cf46ff7f026c5894c07d6708391cd0050cf48ad716037951ef27e398fd582832335b1b89","A","C003D54E1716F00BAFC5B7CCD4F3F126FFEDED2ADA9AE4146C272D1CB463E639","removed reproducible output"
".npm-cache/_cacache/content-v2/sha512/9b/16/120690c2f83d292df48feac5b85994dc4fe9ebb6665c8a632a9d59b2dfa1ed7b75e97984abbe08384d175a33519e986a20d405b3239a8bd95a087cc5db25","A","903987FB2451466A2C40134626690CB921A8A2552EE95803969D1AA64D9033FE","removed reproducible output"
".npm-cache/_cacache/content-v2/sha512/9c/00/7be0d7d234a927a90d51ad88fabb3f057171289aefcc013259c61ff1f8102bccdd94dc96ce602d003d8cd42068556379b9851c40f153cd74f0681bcb7194","A","B2294BE0719E705506B654C7B4D3D52B1435CDA2BE7D38DB5CBC531321AF2020","removed reproducible output"
".npm-cache/_cacache/content-v2/sha512/9c/06/18c1f637aa7cd7df422403a01066355bb4ae9db86a27b5c426d56486d4c0fde182ea2b4e75e46340a57928c4a39632eb15b2c00758b87d49e6a879f6051b","A","0FEB415846D1AE52A89710494BFBABDEF311988D9A239A29FA917D6663E561AD","removed reproducible output"
".npm-cache/_cacache/content-v2/sha512/9c/4e/c3108721bed8854f0070e0b7dbbb9f4f1be902a1f863b0a6825b3c53a6de257d18d132a1bab8c073297b847325e1387a14a7dae2026eff69660685767d73","A","E2C10C68D02D3FCD90872DE82FD3C56DD5CC49A5810C0F94CD990F894706EFAD","removed reproducible output"
".npm-cache/_cacache/content-v2/sha512/9c/65/edb39ce72739963eefa6204f62cc23b3760eb7a0971ada60f3196593b61eecaf86824e829ca32155050c0def9223e4f7faa79d74130913a958934730d5fb","A","1E2E92F9643D83E8DD5A8D4845A1F567835C6B37C46674376AB9C822C78A803E","removed reproducible output"
".npm-cache/_cacache/content-v2/sha512/9c/6f/74c38478a9c5709353b2e3601a6db5879a4187a080972d96740c2366884077a57aa2596eaf3eeb72250d552d2ab72274645ab213ffc96e070ab7cedb51f5","A","E3E16AE6B7E979E1CF54174994C2E1370F62F8D31C8F149ABEDCEE2F4ECB8EF6","removed reproducible output"
".npm-cache/_cacache/content-v2/sha512/9c/99/762864e5adff468cb8a6808aeef95fe6ce048ad000420d046fc70e418d444bed67c7e6ea169a2cdb1fb401e8c9a730177c7080bdb9c7969deccbd556565b","A","D358E9D158BF96884CE0531748E536764A405DCF6343BFF2EEC5EBF4CCDFF005","removed reproducible output"
".npm-cache/_cacache/content-v2/sha512/9c/ad/bc58ea3e4088c190376e4c8344e09905fd42492b27f6109c6f24a7db943a7283443ea643873532f4430cba34fe85844fc49f357bdc1c71a9c25a5d8f5a9f","A","08E4DCD218F7AC619100AC3D3BB76B54C66257CABF0B2409DBFBB6DFF01BFCF3","removed reproducible output"
".npm-cache/_cacache/content-v2/sha512/9d/62/7dd438de3a47a3fd303ca574379b2aee2a9284620aafa70f65cf838f1e3fcd585365b98ae36f3f63d35089f322907768388c5a0e9083424d6d88e4b104cb","A","1DD44BE9E68F90AF5E1EC67DD7DEA1A5FC5C604A4B5CD53842E6DECE53D51AA7","removed reproducible output"
".npm-cache/_cacache/content-v2/sha512/9e/7b/8cb5f0a622a03ab73030ac63c9f9fa9a90bf799fc2bdd1563951efe4532bea8316c97bd354e4d57d5a886a491ae7c5a211217088b1e1557dbfe554a9c3b4","A","78659B6F6A90C308AFDEA1536E42738D93CB0AB4DD6DBE21E1C345BC66AC522E","removed reproducible output"
".npm-cache/_cacache/content-v2/sha512/9e/7e/68cdd8d8429502665586bb170963f2a9c64590b380dc6cc0a62a88e3cab6031001b2e027b5f4d378bf931db9a7d3c0995b29cf7d500f1885256aabdc8f64","A","79DE9053484E8A74151088848132B484814DAF8F2E7A245E82CE9AE425B7707D","removed reproducible output"
".npm-cache/_cacache/content-v2/sha512/9f/86/53dfbc06efc8b3d37c4f44a26b1d37596dedc889ccae704b5d46c579ca09707371b251f6c07e949e0f4149e3535b50d4ade706e1a9fa757d2f81827bc315","A","3380F7A296BCD1D9DA6DB3087F77A2553061E5D93A1EBE3758DB3FE03072691E","removed reproducible output"
".npm-cache/_cacache/content-v2/sha512/a0/60/7e53196059c810920c28f067041b07a6a1316ddc520ef5a6da6c199a1b05c8a01299f864f2d293f5f396de1a0ecb96287f3521d25765c0b35967ce7a1c4a","A","CBF9621F69B822CE97F71E842FEA8E7BF9C7E986F01285689EDE282092727D3D","removed reproducible output"
".npm-cache/_cacache/content-v2/sha512/a0/83/f392c993838fccae289a6063bea245c34fbced9ffc37129b6fffe81221d31d2ac268d2ee027d834524fcbee1228cb82a86c36c319c0f9444c837b7c6bf6d","A","0C03AA83C6BF68E7C2CC2C5B5A2D732C1879E7711B08011B0BC48DF10D10BF3C","removed reproducible output"
".npm-cache/_cacache/content-v2/sha512/a0/91/6ef781d06fe29576e49440bef09e99aa9df98bb0e03f9c087a6fa107d30084a0ad3f98f79753a737c0a0d5f373243ae1cf447b525ca294f7d2016b34bfdb","A","66F635D5EEABAE44807534976913A102CF615B9A045368359C9F79AE6EE2119E","removed reproducible output"
".npm-cache/_cacache/content-v2/sha512/a0/a9/db845c91217a54b9ecfc881326c846b89db8f820e432ba173fc32f6463bfd654f73020ef5503aebc3eef1190eefed06efa48b44e7b2c3d0a9434eb58b898","A","E84C643AA53E87ACE6C3D368B3CDDDA24A2D1434A06B6DFBDB628AD2107DF90A","removed reproducible output"
".npm-cache/_cacache/content-v2/sha512/a1/11/4d58944303f593ad58fb356bea6b91ea135b7d3180e3d956968ab402cc20ab01dd861eba91fec41ecc2c625804cf36529371168f4473c9c084683c1029e6","A","C23BEF9EF57613C8A4E85D446C738154E52CAC38E1A017DFB6ED33CFFFA43593","removed reproducible output"
".npm-cache/_cacache/content-v2/sha512/a1/99/ad289cffe1fb9f676a77f829f78a31288dc75f47ed736031f6c4a62b125cb4751fd0ff5c543d108e94a1b1a1defc9d6954d949c37b4f466774da92704518","A","C54A6D62DA611A2967F2C2E323237E38F742232B8BC3ABC8CEBD0A654E5FA17C","removed reproducible output"
".npm-cache/_cacache/content-v2/sha512/a1/a8/46bee3064253f0fe2bc86018d54ab5807d62c17a4bb9b693c4d9f38f2e2f961df7c859bba1dad0a38724214c13cc7f913d8c3107e053a64d8818c1b2b0b5","A","FABBAC02995DCA1C432F08C675F3B40F871EDD8D0609AC580A66CD7064F88E6A","removed reproducible output"
".npm-cache/_cacache/content-v2/sha512/a1/bf/f62dc55569518260dfabd78727c27a033d4b9f8e26204aa4618850f4435888e0e768adae5113c22fd43db8840cf9a0ca298511a41b3fb2baf42699432733","A","AA0AF55FD8726985981BB9B36DF0127BB5D1A586F4453A72026F42AC770E2EB5","removed reproducible output"
".npm-cache/_cacache/content-v2/sha512/a1/f8/7202c61aa1c4463acfe7d1759d50e495cc4006e817eb31533ccf473490b116637f30ff45ae3053d324ffc755a64f62432f1d9a0a20884d7236d308120b3e","A","96A14E9A028352709CB1B2CE08AE4E46D56B26AF8430ADB809C9759E9F559A76","removed reproducible output"
".npm-cache/_cacache/content-v2/sha512/a2/39/9e374a9dfb2d23b3312da18e3caf43deab97703049089423aee90e5fe3595f92cc17b8ab58ae18284e92e7c887079b6e1486ac7ee53aa6d889d2c0b844e9","A","4B8999ACB914830EDCD3C5B8FEC632B32C6BC759AC3EDC86336F5A9E08BA7B92","removed reproducible output"
".npm-cache/_cacache/content-v2/sha512/a2/3f/3b0a064809dba5528868815011ec08e50b4df6ed4e1e9782fa780bcea827ae74c0d553435384d695f9bf437f87578123f58173139cf7617deff6a831f972","A","1C739EB05D8A462C286A4E9DD02F2CE5485C6FA3529244E9FF9B13A3671AA557","removed reproducible output"
".npm-cache/_cacache/content-v2/sha512/a2/dd/169d74bd7e076480871e3dee911cd935580f3e9ae3dae9c4a3791dd5f0adbbabd041d6b4c4dd1d69ec7bf4cf567201cf2ce95beff0323259febcd4c02dd3","A","97DA1160AF5344534182E72502978374D20875D32C6071CD2DAE997BE604F7F9","removed reproducible output"
".npm-cache/_cacache/content-v2/sha512/a2/ee/e22c427ecab8509dd924038536d5721d4bf092e391788972244d971bebf35ef4432c3ae0ee755982c260e77c5659fb2d4566a5d1352220072f9832f65566","A","670154F04B932BE6E8E15B7165415471A56912178501F126024E0C8381F97237","removed reproducible output"
".npm-cache/_cacache/content-v2/sha512/a3/15/4790747f1097f608d5e75b144b5ba9a0ec9c82094706d03b441a62f672d528d4f3538a7d4f52297eafffb8af93295600bf7e7d648ecc7b9a34ae8caa88a7","A","EB26F1C561E57AF4A4365E6B54F5F3E745E3963747A93845AF1F000A747B6098","removed reproducible output"
".npm-cache/_cacache/content-v2/sha512/a3/bf/9cf5b5bace901d2474edba379e3ce0c0864ba271d02bc85b1f54ac00fb01b0f3dc09e064d8e3ce164ee70cf612ed0c43a93af23e6879f3aa70b9947a7846","A","250BC4027C715C9D6756518705F253B776AA3F221C419BF118EBE4696442F939","removed reproducible output"
".npm-cache/_cacache/content-v2/sha512/a3/c0/b6dda5e9350ca9458ef75bb7d6d36132bd62629c431780a7868c5a0aca6d338f743bde10fdec0d48429b3583c0b5e074c6b0ea592f4026fb18df8056406e","A","401DAD90807CEBDB10A4A915710B90B750C5ED64DB51822DF4CFC618A04288A8","removed reproducible output"
".npm-cache/_cacache/content-v2/sha512/a3/fa/dd604c194d3a39b639279cf7b2405538e64502e22fd7c9e0cf3fe1c6ca2e97aa938fe997f961ae6f87f61f7bd21de498ae5a79c0c765ea21e0f751866dd2","A","F09D0718F1063EF7342E0A500E44029F9EC7037DE7C2D821F56D783A8E6D0AB6","removed reproducible output"
".npm-cache/_cacache/content-v2/sha512/a4/9d/ac61ac104b447f588f76f068f91a53e14c6cdb31e96ad3ee0836d49834357d12b289717eb18c65a4a06fd59c1ddda549b4d3300b6aa92b503efba4ee530d","A","5E345675666E58E36E8C8385E442A18E7815E36AB6B6470835F12A61A80FEC6B","removed reproducible output"
".npm-cache/_cacache/content-v2/sha512/a5/bf/cc6265ecb40932b11171f2988d235b4614d408140def904dc6ab812e035745ea01e9ffebe066ab021896a9bf2f0ddd0fb8a3b170beab8f25c9d9ed1632e2","A","244228F4C2BDEB058F2CEAAC25E22124897145C400A7267AAA0DA37FC10021DC","removed reproducible output"
".npm-cache/_cacache/content-v2/sha512/a6/04/5ce21278fec363582492f409a74b8d31ddb34c0d39271e02f951a3014ccc899d4f741205a1d51cfe302f5e16ee01b8dfd4c198ca42e63fd6fdeb33b1cc7e","A","A339DF70DFA3507A3FE2137464915212D69A9585D201C253B90F0C13FD952B4A","removed reproducible output"
".npm-cache/_cacache/content-v2/sha512/a6/13/c60b0aabdbe428d1fc2788213c7b8a4a9c6bbfc856f99c3e58f1b7f41047a22391a4967002600f46172fc3ac0791aca1d7bc79fed5252c396809a7a44efa","A","6DB20CC452D860AAFC6D7A7A6FB571B807FD35FA869DF3840B18680472D79D6D","removed reproducible output"
".npm-cache/_cacache/content-v2/sha512/a6/1a/d898d898a6947bce714476a81f5875d1e8d0a46442bb8705831d95238adff6fd4d2be97be40e5d12627a0ce751eaec584219d2c34facf1082398d617b1b1","A","68DC3A4D91E5B9D8F10047E91CDB1879A3D19FCA12576D62DFBDD1363F9FD5D8","removed reproducible output"
".npm-cache/_cacache/content-v2/sha512/a6/ea/be19fdf9a08db815e375d4b92851016abfdbb035e5a9c57662fc98b7ad1228280cca9f145a67e1a48f4bca4bd6428931127e783537d2f23b25efa3e9be1a","A","5E0EE28D5536E986CF5FF2DA0F096FB84810D9136C2A64C6C78A6B495A0E7764","removed reproducible output"
".npm-cache/_cacache/content-v2/sha512/a7/71/1cb227178e2b7b49ab245c7b35840f75431813c38e85bfa10528a192e434452c3f322a7a218c5de1c688eef786ff39c319a10ba4ce93e9044f6e2d52b381","A","D1EF6229208CE395C816F88637E45B970F6D742D616D3C980FB0DBB679CB7690","removed reproducible output"
".npm-cache/_cacache/content-v2/sha512/a7/a1/71f01edbed984bfe0994b00cb40f5e5686f0dc730de69c635b6698b7a66789771b56b23da311a23863aa28dd78877f3b9280fc0a734e0c62de8a82f0bfc0","A","A95C4A08A3DFB246738F0E2822BFA1ADBE4504F1616A8484C2FF00D5E2CC63F6","removed reproducible output"
".npm-cache/_cacache/content-v2/sha512/a7/e2/ab1567998e12a3b0bbb6b928be9ac54001276db05b052d027bf84e4d86cf34e4bb6f2d46f6e11e614c7a85325fc5f3b1d09bc67fa9838ad1911860a0bc85","A","D5CDA7212D66376DFC2AF94DCC48BC6A6244379FB1686AF98C86AB042EA1F48E","removed reproducible output"
".npm-cache/_cacache/content-v2/sha512/a8/88/f41bdc196cc18d2e32e68353d3eafda613d007db3967003243ff6b42e84d348609a150e7c407a82b7873c07cb452b9f1ea44e2144e4c3a13e337947d0f4d","A","040D97829212E5E9F48FB4069CA38D2D23B34D4E65B7C7CAB2A55AE3546C8D02","removed reproducible output"
".npm-cache/_cacache/content-v2/sha512/a9/c2/6ef3c436216a89b030f9dbd24a31dc069bf76f2275b81ef427470887f49b62849bf318eb1c0ed1c4df1d6904a794393cac43c91598b9c9da426eef285c18","A","697B463BE3CDBD9FFC8F4194FD5019A69DDF95875FB703D78B2B115CC9E740A8","removed reproducible output"
".npm-cache/_cacache/content-v2/sha512/a9/e8/711a4463e7987f7dff0431a27e71887268a947231a980e7ebcdb0403ed1369f54ba3390b07a20dae4b4af6bf3af8a56fac5dff7435e79aca370d697ddf16","A","7A31904BC45F1BB232D5E5DD797D12296F4A27FB4BF0F6D517827700F997DC1F","removed reproducible output"
".npm-cache/_cacache/content-v2/sha512/aa/8c/f47e100f6f9006f5a7e8998ec567db2e5be3373ded584c2823d0532244fa9c80860413a3b88f520ee518875ea800e401d9c3082d5134fd134a6636236e5b","A","C7F81C7FE1B6797D8BEE23CA800B78F13F343EF46BD9CBA735475C58B499F2C7","removed reproducible output"
".npm-cache/_cacache/content-v2/sha512/aa/90/80bd197db2db8e1ef78ab27ec79dc251befe74d6a21a70acd094effe2f0c5cf7ed2adb02f2bf80dfbedf34fc33e7da9a8e06c25d0e2a205c647df8ebf047","A","F16ACAFD1634624E60C24A5538004C4E168C82607F10DBE28395E9DF3E7D5E4A","removed reproducible output"
".npm-cache/_cacache/content-v2/sha512/ab/1e/e8aa761bc672bd91823d9b7d7baa6166120a3acb0a96bdb4e881d8fb70bf69dffcb1e0ce3ca7b467c39cf71fcf7470bfe8c3f11e589b2e4f291e6555cfe5","A","43C36A34FB20AE97ACBBF332D053B4CEBBF34A2BB69E0AF929514AFD2DBAD46F","removed reproducible output"
".npm-cache/_cacache/content-v2/sha512/ac/13/2f23396903cbfa13e489668a3ef87018aac2eb920ecc49f2229cc3c5866928af0ed7f9d39754942cf904faf731a4cccc9f0e720c3765a2775f8d6cbdd3f8","A","16304AD73DF1364CA8623C28A8969DE01CD7189B4F9B05668FADB598F110E4D2","removed reproducible output"
".npm-cache/_cacache/content-v2/sha512/ac/98/134279149c7d6c170f324fa552537cc3dec5a6bbab19848b1e63c557f8646edcfe85ec5bbe24d0e85df9251256cb2529dcdc55101d57b8714e618fe05c52","A","782D726A263BA7B26CCED612AF97B80035516DF4B0CD788524E7B2CEBC4E29ED","removed reproducible output"
".npm-cache/_cacache/content-v2/sha512/ad/59/2cbec9cd09d27fa2119ceb180fc3237c7a1782c6c88b33c9b1b84fedfe6395a897b03ee3b59a22e94c74224604ca08b7b12f831e00555a82db3b1e6359d9","A","C772BCECA58F20F0EA08AC6121BA385F55DB715CD3C2C46B2B38D06D3C6129F1","removed reproducible output"
".npm-cache/_cacache/content-v2/sha512/ad/b3/b7e06e6c3165b2acdfe274b795c4066000a5ab9f92e2477fc8f7443d32403aeece93d68074c6d4defb485ea01bc74a96d4f4c93b8babb0267a68e2edb55d","A","0C923C6B7DCAA2F51F90CB59BAA57A9D202FC623BEEA7292880C1D007F6AC424","removed reproducible output"
".npm-cache/_cacache/content-v2/sha512/ae/a5/a79bbea7613f07a0d36a123a6027b3f0fc3ac18f98814eb9843e8e874d7e7e549c8134ea9376fe20f3d1badc7b91e60d0068436801c1fb22ce5f176919f1","A","AEB0887B22CEB9445F736D02848B2AE56DE9A38E0621E8DB2EC5C5EE4BAF7930","removed reproducible output"
".npm-cache/_cacache/content-v2/sha512/ae/af/6cf893617f4202863b435f196527b838d68664e52957b69d0b1f0c80e5c7a3c27eef2a62a9e293eb8ba60478fbf63d4eb9b00b1e81b5ed2229e60c50d781","A","D967B05E40C5396A56D70E0D3150477B969CB6CC1058D68BC2B95AB0159158CC","removed reproducible output"
".npm-cache/_cacache/content-v2/sha512/af/01/bf8dad677b22ea0ae199e5862bce703ad83e266578348b5708b242142928aa1770a37bdff05c096cf41f6cd566b67e898cb08bfc73307c8d970f9b109716","A","3827277C1B4E0D729A81DCB61DC0302F78A8C752BB1B67F9BE8551A4EBA778B4","removed reproducible output"
".npm-cache/_cacache/content-v2/sha512/b0/d5/ce7ca0a7ef8aedf1120228cbc94bb5ca57f5e4f6403b0f226bf262629374bb0b0832dea964926c92dae401de388983a54d75977fa43049bb49ef1b63654e","A","C3A28A402DA98E9D83B9BEB82C18A0194D78F1450CD84C0B1ABC5621A1DDDB4B","removed reproducible output"
".npm-cache/_cacache/content-v2/sha512/b1/34/9f063a17069f3d26f20a21e7eac3b53608279bb1cef892263a6b0886a202ada1219b823604fc6ffe97db05dcc5853cd73d21ca0e0b83837ca1dfc459a9d2","A","EB2CC52AFB1F1FD82C5FC2A58C2380F0F16FDCDB5631538F3C66887435D70681","removed reproducible output"
".npm-cache/_cacache/content-v2/sha512/b1/c0/779f3e16986ef9a55f3edde45440e1d994d49484536adfbc67a6046408210b5375ccbd70312e4d5ea965b2136d8a8b8434d459ecc3d040ddc2470cf827d9","A","2740719A2BDDB1A1B80E514503284B8E76915EA80E4D86AA978FF3AA7923271B","removed reproducible output"
".npm-cache/_cacache/content-v2/sha512/b1/d4/12141efe9657d47101d440edfe07c111463d0e6b8c3d3ce58c23fa6e1adb9fee0172c069a468b084967b9d7d388a655f8dbc7a8bd227f376b23c468ec448","A","A23CFCB0FCAC3CAB70443595DC31266A6E20EFBDC63857CAB53C985D95075688","removed reproducible output"
".npm-cache/_cacache/content-v2/sha512/b1/e4/b64e3dba4c154e0b6348736ace7b6cb664eede7f1213b4b65c1923a71c734e43b0a489405fc34230d9c93ac642213f02e128d2d2f013be844a6781096acf","A","4A7CBDB7054B1DD6E466067129BE9577B495FF69D02064913E1723405DB0DF76","removed reproducible output"
".npm-cache/_cacache/content-v2/sha512/b1/f5/8619f6af8b4c6bf0f834b15b321cc00ece25582a03cb36b4bb8a0fa2bcc35bdf06c2070dcac6d7e5b06040c03de0610944fc0119b132e04e846b4828dbd1","A","3869E1F44439EADC02E9570135B594715702374A0D8A30C7771B853698422283","removed reproducible output"
".npm-cache/_cacache/content-v2/sha512/b3/35/bdcb602e9aee33f3c6177d3cdc16c814020da4eb8bb36ed70ee4bf5fd40292e30fc650a25c6c596545f951395c8d3e026d18e9ef3718b2a77bfa6fea6b20","A","3FE4F8176169B82A2FFC82CDC439CBB30FF3DFA2E9F1133CA8279C12E046FE82","removed reproducible output"
".npm-cache/_cacache/content-v2/sha512/b4/3e/34787c40df98743c421935e223907a034786238c9a77e1b88cd260efa6505efff981f881c2a870c657ba7117eecc9254ef8a085c08f3d90bbca75b28dd4c","A","CC0945290FE3CC73AA7F04B03CDC0704CA7AC8D805FF19F43FA3F9E5E0B6728D","removed reproducible output"
".npm-cache/_cacache/content-v2/sha512/b4/73/474f1227ad82c281af4ef581b1580dc6f7f9e7cd0c3c506032a86c7702bd694934f322e338c28152ab84a8c245c28c9230ab9b08890bc47d123db421f5a9","A","A31229DD36C6727E5F56382C91E5818ECCEDE9768F8DD146A159AB4B1D729765","removed reproducible output"
".npm-cache/_cacache/content-v2/sha512/b4/86/d8b596ee70eb340511aa3c992c84951874bf920c7edd54cf208f2f84469dd60148cb105244fb4da46a7c87b708d63a7c2b298062c0098cd29e242c90275e","A","241DDCD9F31E2A1FCA405326017DBB8333CE174198E887F0F96387C29F0D365E","removed reproducible output"
".npm-cache/_cacache/content-v2/sha512/b5/1a/caa85c8268a89cb7984e776e38b0be844053727273109c17be8fcbaa18d5d8cec22619b19453889bb686819afe452f027070524d7a0d467958d07db32b0d","A","9DD9E1ECB82397395CAB49ED942CE9E433994DEE31EF28E6376FBA016C3FFB88","removed reproducible output"
".npm-cache/_cacache/content-v2/sha512/b5/b6/4db89acbc06529df3b2106d772e16f8e47166e221f1ae629722044030b9ad8d5fdd4db424caf2d0b977581cd4e7c1192ac12e2455e16f9830bfc0ac3ef80","A","38C2CD824402407B43153C782274AEC2EA83EA688E4AA0B743C5F2C305857D92","removed reproducible output"
".npm-cache/_cacache/content-v2/sha512/b6/ab/7e3415b0c9a320c37cc3b27ca0c78081c968d01091ce3cc76c958869a5a412254b4bfc3e093bd09c0419613e823c973f682480d79305df845e1a5aa3fcc5","A","7D6401858919BB254EE874C97C38B0009AC52A15A0985124405C13C35790192F","removed reproducible output"
".npm-cache/_cacache/content-v2/sha512/b6/e8/466c4e827d333dfb900d19ffa841bef62b2ff4facdf1294a47bd285f8b3d91c4c16014f8ec5ee44b05532dbccb35e5ac1ee394916fcdc3eb01f87b0eb095","A","BED046EDC7CF71FF00CEB68F950F1FBCF1099A151285468A37846617B0186E12","removed reproducible output"
".npm-cache/_cacache/content-v2/sha512/b7/86/17d08d728c5ce44d7da3994ffbb5f96ed28b7eb012dac5aff18b2b8ed81fecdc12a0ddd5220224e504dad0e8aff2e16cf256f7bd502ee668b8fb7efea3ce","A","B15C646103A0E672EBCBE43E1555A92DBB7C3DC2E988B5893729ABBBF7D3D5E6","removed reproducible output"
".npm-cache/_cacache/content-v2/sha512/b8/44/09193f7b640fd380ffc7c9dc38ee51eefbfbd08facffd2303e59e4db2b5a3d471e391889a3a43d2d7375b969ddc3e974d247a7b5c843b416f1aae9641f55","A","75C4CCEC673739CB505D8791516D4343C0FB5690500C7774C74029276C05528D","removed reproducible output"
".npm-cache/_cacache/content-v2/sha512/b9/32/08ece605fbf31eb3f32b708398a79c8eb5230b056488a0b3e9720c22a6888a6e58ba937db6b5ca05b31a082313c3a96d35490180824a38133662d8136fdb","A","30E4E3BE96D12EDBA357579EC9924B1E59333DB18A18F49EFDB63E531CEA8BB9","removed reproducible output"
".npm-cache/_cacache/content-v2/sha512/b9/5d/903963f69d6ceccb668ca7c69189b862f5d9731791e0879487681f4e893184c834e2249cb1d2ecb9d505ddc966ed00736e6b85c9cd429c6b73b3294777bc","A","188C320CDC413ADFEC03098FDA72AF7A9B02152BA13D3A8F87F172D93CED38EA","removed reproducible output"
".npm-cache/_cacache/content-v2/sha512/b9/6e/d156e53a2e9fd9b5f798e1bde42f7db371c8045af3efd7e71fd7bb9b6331daf5c2fc007a249a4dfa706fd71221ffb266d0bee9a789e5d7f63fdef51a8958","A","C1888E20D6832C2B9483D99EE9D6DFE238E0DB3F8A1B285EB35925CD2097613F","removed reproducible output"
".npm-cache/_cacache/content-v2/sha512/b9/e9/0819eb72c08828a5f0fdee80cbe4f7de7b3905a4d87097395a11834e03437a82176c3af87f1d88d231e9394363b53d8bd148315ca85549978af8641c0ea3","A","8559163A335C12388B02E61A25D588FF5B98DA45F9336C59664DC919AF086B26","removed reproducible output"
".npm-cache/_cacache/content-v2/sha512/ba/63/bf689fbcd82a4e9e10d95136c82c241fee453f8348affa81acfd0f23c3b2248560736843f8b00dbaf0f8450094c57ad6f0a7720273a92da48e13aadc5c23","A","CC309145B7F5FF83C68F0282BC0CB15DF7BB32877D46B9F46B0A7120854E677F","removed reproducible output"
".npm-cache/_cacache/content-v2/sha512/ba/9a/add5290690e0d6f6db06346e66b574d7b440a2cf0b52da4035eb533e8093dcd7175bfc0c7adbd69fe98ad3c1c39e4076dec2b3cd944e43c7b933bd74e2cc","A","11B6DB078092427AC985003432E9AE1FAD56D1DF398AD87A02B8CE1B81D803D0","removed reproducible output"
".npm-cache/_cacache/content-v2/sha512/bb/12/fba80550ae2a9140f0322b7a63eba56ab245aaa19dfb3d6f788f0393c0d7eaff3f68caed55f9eaab66ab51dbe7c28977583997bf32876df06b6fa8dceefb","A","BF8A1E631BD326AB04A10B59121CCB1B81DB6D988C98F8D10AB1732F68009348","removed reproducible output"
".npm-cache/_cacache/content-v2/sha512/bb/17/3fce9a8583ac7b0bcbce13b961e8b6dd6bc7842fdce6566fcf2de4cf051861d710a0756690f89d42522786a487e6d8776db14a51bfe1ec8626ac04c71ce8","A","5A57C48D8299820ECD88CE628535D2230CD3862E78234DD029DEE1DEBD1792CD","removed reproducible output"
".npm-cache/_cacache/content-v2/sha512/bc/99/afbf017162e1a71766b146d3d8a1c6a0e8295b6f9612ee42cbf923bf4de545cc7a83216acd298b5cb0f3226e30f1f4ef9bbbea6c032f4d29f5a495ab2c50","A","E92EA848C92BD29239EFD2689A018C0EF531391CE0041A1787A964314FD4EB8A","removed reproducible output"
".npm-cache/_cacache/content-v2/sha512/bc/a4/0b716ca9527c1956f7d5ed49066a11f683ac927bc33c47ecd80703ebbf96f267d4005ba71056f34aa3b1a0983fa9f1a61be83f4906ebf2f3f5a13a7a36c1","A","5A770D26C759AE06ECCF2E908FC9582BF1C6B45DC1C7A992F0497DA7A06F226D","removed reproducible output"
".npm-cache/_cacache/content-v2/sha512/bd/8b/7b503d54f5683ad77f2c84bb4b3af740bbef03b02fe2945b44547707fb0c9d712a4d136d007d239db9fe8c91115a84be4563b5f5a14ee7295645b5fabc16","A","E4CE59F9FBAC44349ABAB87279AB658F6B4614916BEC5E088AE3BE9323E193BB","removed reproducible output"
".npm-cache/_cacache/content-v2/sha512/bd/ab/c03115ce80154d17a9f210498bdc304ad7d891a437282305beb3043e09b1a2bbb963bbab7e264940d4c1f07a85ad69d82de0849552c5cbc83ab7e1d75cc0","A","48094C11A1F7FAA867EB6919C09380232CE9B6D61FB3C43618CA6235B6013EE2","removed reproducible output"
".npm-cache/_cacache/content-v2/sha512/bd/dd/85e1853211728670b1e8abe4c4c828f1b9e49e1e7171cb28cda7cd328345d5e2f5219c37abfe5bef96a33f6ab0796d740de4adbfde88a7c82472c7c4f609","A","FA49762567DCA44E8CCF327F365D250E04C482BF7A4ED0AE7D03659B09AC656F","removed reproducible output"
".npm-cache/_cacache/content-v2/sha512/be/47/033eb459a354192db9f944b18fa60fd698843ae6aa165a170629ffdbe5ea659246ab5f49bdcfca6909ab789a53aa52c5a9c8db9880edd5472ad81d2cd7e6","A","14E8FC397F1F852FFDA5BED29D012605ADD8866FEFF1790B388AD8F7ABB8D291","removed reproducible output"
".npm-cache/_cacache/content-v2/sha512/be/92/d012cf952c2af59d4d015d2d3b99a628170943007d209e042ebadb71230bad0c510c1ead9b957fbcbe98310dd2b72753f08c22627a9efb3a2b536782e5d4","A","5A3D2C8074A28229665727E47B8A1090941856A7962905EFE05D20D3760355F8","removed reproducible output"
".npm-cache/_cacache/content-v2/sha512/be/ad/b806adf29b91c4426d8d282af7c970f08dceef4ec1138510e7929d832bda75baa2d1f831eeae6fcd393a34286ec760753b7a9a4a663dcccaa62e3017fada","A","A924BFA317C78E8BDBB0BD361522ABA431FFFE0878BF3699A8CB35A6E50CF94C","removed reproducible output"
".npm-cache/_cacache/content-v2/sha512/bf/8c/e081172369d9c8f8294a0ee8a3950116e2dc3736869e1dcfcfc292a72e82cb28d506e089cb7a092cb68a0b711214582b3ef0bdb6746511095b857ce29f9c","A","C727584BAC33AC1B33F88463A7B9016175BD7B1D063A1C57D75A2258EA884148","removed reproducible output"
".npm-cache/_cacache/content-v2/sha512/c1/74/7f758a5ca8a99f5a911d66388a24ec023459dd0f40cc9eb5bf7188d51adb449017d581c2c51e836b963e3b9a339589cf72c8dbbae5a96c805e0d4324dada","A","AFB4AFAE9175F8B873AC13E1D21CEA0997A0BCB40C3598613A834490058CB562","removed reproducible output"
".npm-cache/_cacache/content-v2/sha512/c1/ae/7aa36fc4949318aa30a31a45eb8bb8ade456de6d6e6eb0bc3f9cf98232ce43799edece24986614a63d19f4b71a9e5b82e702641053b160a8ba6c10528ce0","A","8E0E688C1073D55353616F99BA5A09796E16CC4B0F08840066CEA8A79CFF612E","removed reproducible output"
".npm-cache/_cacache/content-v2/sha512/c1/e9/ba59a063e0d69561574d84b3cf55a7044ba649f8a0417d2913303dd86716cfdeb9b70e2f39b4953996369436168eca7b7e023d31aee858bb3401b7c9fbd6","A","5B5446F3D32B10BA38CB308AF5F65E76AFCDDAACD7B817E71055A6DE6AB934E0","removed reproducible output"
".npm-cache/_cacache/content-v2/sha512/c2/13/84d47168fea243c97e129d7ccfe0deb33969fbf5686709463f88347498f7d064ef30718138242973236a19ae10679cc5020421d984ee95432a0153de6664","A","4C122B593C52E40F3167A89B388D0B9A155AADDC08F05935CCECE7B4FF51ECDE","removed reproducible output"
".npm-cache/_cacache/content-v2/sha512/c2/64/59d9658bbe6b7a287cb6acd3ce74f523c2ae71387634dbe9beb9dc094e7d1a348a31feb92c900bc94f24cb1a13cae8a82b523949509a609b1ffec0588521","A","7E661CA20062722EE1899D243A1EC2B40E453DA0977F141F11518DCBFCE11C95","removed reproducible output"
".npm-cache/_cacache/content-v2/sha512/c2/97/3e2d77a2ca28acc4f944914cd4eacbf24b57eb20edcc8318f57ddcbb3e6f1883382e6b1d8ddc56bf0ff6a0d56a9b3a9add23eb98eb031497cfdad86fa26a","A","30CE592C610E46E141FFC5653545D33F24089E57316C1057E5A68D106841AAEA","removed reproducible output"
".npm-cache/_cacache/content-v2/sha512/c2/d6/651f23a37ba3994c6a80a1a0cac4592046d905f429c70159c21ca7ee8f6d34c0080bf9b48985db020f6974431ff67a41178cf59cc8a91f19be423dba2c96","A","54D728BD1E33BECD8DA7F998B01B589B49A2529CCAD24BE64BE930A884DA14F9","removed reproducible output"
".npm-cache/_cacache/content-v2/sha512/c2/f5/2306d48637bfbb4a3369abff4cd93837e745190f7abad881592db4404756d23250a8d5969e5be049f83d3dd1ee2120864b05c4c359ee0c8788ef5036a3cd","A","8B140E0FA3FEDE3D81D1DFFCC400C9755D7388E8A4ADD228487F5E20C9CF7863","removed reproducible output"
".npm-cache/_cacache/content-v2/sha512/c3/d5/0ca96c09c4734ebe8373489da83c5e70bd872f3fb8d4bd8ce1a7aef21214e2d7b6430410b5cfda53746bb38c3f84148a8b4984707998ea7e23f3434e846e","A","C91174BCB11CFBD59DEB0CCF06D08C470909A5600D3EBE9C1D971828D12CD8CE","removed reproducible output"
".npm-cache/_cacache/content-v2/sha512/c4/78/e10ebddc3412b40737542523d7667b50531fe6c0c4b9470e00ee53c9f745c600ee8848ffde3c336ea34be1a8e654f940f9268a1dc02000a1941ddc57802b","A","72BAE463B81A604B4A118C00012C76EE9B8D155B9DA62D1F362876C9F8B5F793","removed reproducible output"
".npm-cache/_cacache/content-v2/sha512/c5/b6/c21f9742614e53f0b704861ba1ec727cf075ee5b7aac237634cce64529f6441dca5688753f271ce4eb6f41aec69bfe63221d0b62f7030ffbce3944f7b756","A","F735ADD93641842E13096C8B3239F54E9B0B10E8FFD8A377400F4D61EABEC065","removed reproducible output"
".npm-cache/_cacache/content-v2/sha512/c5/c7/87dac9e1b5be4cf658aa0ec984c39ea57b7efa993664117fe311bfd1c4d1727a036e97b78db250973fd1438ff2dcbb45fc284c8c71e3f69eda5a1eb0c454","A","D3AEDB2807967B7EB37FD11B03B7E3701E725AF79C650D0812FF7213F8F882D9","removed reproducible output"
".npm-cache/_cacache/content-v2/sha512/c5/c9/01517c9322a4fdeedab6c7600c6fe835eb76f9245cac624d31e2ac4d1706df42498d6688911dbeac3f323dfd0577dd67aebd5601508883e0dccd232a9a45","A","3BE0C99C006F7C53093E3F6A56A1128F1A72FEC3B041EC585A4175B809FAB1DC","removed reproducible output"
".npm-cache/_cacache/content-v2/sha512/c5/e9/526b21c7dfa66013b6568658bba56df884d6cd97c3a3bf92959a4243e2105d0f7b61f137e4f6f61ab0b33e99758e6611648197f184b4a7af046be1e9524a","A","3FE453FB193BB58F6F0505DFB1151230935380B5B55E1F9864261C2AAFC1BEC6","removed reproducible output"
".npm-cache/_cacache/content-v2/sha512/c7/42/27388cb381d93e7b26966912451f9b2712d8889a00606e56760b23eb2e6aaa72e310904bdc0cf1dbcea6c3f1e0ec49e25b54e8e7f9caf3cb31da3380fefc","A","354B15CE602307438EEF33907BFA0645C76C7B994CE60BF4EE347CF420E3E748","removed reproducible output"
".npm-cache/_cacache/content-v2/sha512/c7/ff/82cf862b8a643141c7097f998a11b21ad4dcde091348e44725fde92695869a9a974d2cf6a557221c09934d1f732f9aa06e815e53318657bf4963b255256b","A","E92AD20E8549EF06ADAB664F8A6E9C0A349E38F34C9548EBB526F24F7D8CF12E","removed reproducible output"
".npm-cache/_cacache/content-v2/sha512/c8/bf/ec2eba66b43685122523d68b113f84c8d8c0f3d4075d24bfa367b292aaf06e962378c6a618e7821f74df2a0fc4e86ba8358a5a298757f140d9233b1aeba5","A","87DC1678D6B85736FEE1918B42B8C52B3B6470F786E8120A0108A7834DC23D18","removed reproducible output"
".npm-cache/_cacache/content-v2/sha512/c8/f0/f3ef0aa9835fe69872e64b7b5c7d37dbc397f57abc97bf28216017df19d111c1efa657b65c5b34d1f0b475ecabeab77a9f3eeae39689e69eadcc29720e5f","A","8B265F8B4C58A5B25D2A9A10A9256ACCA9B49DDB89A34AE49CCE9C32888AE112","removed reproducible output"
".npm-cache/_cacache/content-v2/sha512/c9/06/d780efce499543d88b222e5ae8fbb1dfe90d7c109aca484b1da0ccca78f29772dde0bc3f282dc390748cc6ba9af9163f840def203bf9717350737cca71bc","A","1CD18E862C8640B4568B1425A7DF4EE030FF201D45B2DA8F9F222D2987494FFC","removed reproducible output"
".npm-cache/_cacache/content-v2/sha512/c9/74/abcde1d905365a74b3a57f28429091cd78b2671d19d1227c1d678d0bed989a02dac1c28625b03ad7defe7307552d93b08b7f370e5675555a85c4932ec27a","A","B9511CC8FD8898C7C67143FF8DD93A3D427108632C801A546AE72AB1DF3CD6A5","removed reproducible output"
".npm-cache/_cacache/content-v2/sha512/ca/97/66254fd36c16f2d83c626eebfb64b5b706cd5012633b9c78c400d7e88492ef1345d5ba38ac9f5a8f25c67183ea83b9cb2bf9b3fa7cb0f5acf4b702127b11","A","BC0BC6EE6C25BFD3DB4E44DBAA210011DC5A1937A381BBBD92AD857BF5183678","removed reproducible output"
".npm-cache/_cacache/content-v2/sha512/ca/ae/8e909e29f360807cf974bbd99079b40728f26463b5ab22e936d3971362761efa4d99f18061d7516b6d11bf1fa8a18aba9c69c3a09760483bca323102de5f","A","6834612073231F703A67AAE5FA0192CEF09748D634BA3701ABE478988C28A720","removed reproducible output"
".npm-cache/_cacache/content-v2/sha512/ca/ff/637841569e328223afd3dceab9d324043aa9a99a97f31b585c66c00e6971503dfcd6a6b5ab94749d18f105dd64138bcceef28842f4c87d278ef49d3e6953","A","A27F027B6B97BF12709EE9F09F1801BFC906E759F30B1B985009DD8576F72647","removed reproducible output"
".npm-cache/_cacache/content-v2/sha512/cd/8b/eb9a3f58c5deb7506697c3e91db7a034174b34aaf789cae6ad20cefb6d80b60c4e2982683b6b9d2ef0b47b3d1b57774c7e87e4e5dde5da6c69b4e9259ddd","A","701C621974BA8B7AB1CB2F8919BE566F5A8A94EF1E6996C46B102B1D0C8591D2","removed reproducible output"
".npm-cache/_cacache/content-v2/sha512/cd/b0/7dac22404f5adb8e25436f686a2851cd60bc60b64f0d511c59dc86700f717a36dc5b5d94029e74a2d4b931f880e885d3e5169db6db05402c885e64941212","A","2C539A46D85AB6033183997434D2D9A5CA2CEEFC12B4DB9022F564784CD7987F","removed reproducible output"
".npm-cache/_cacache/content-v2/sha512/ce/de/8e76a683a0e9c9d5962c0981adf58996cc35e5e2f41d293c897afeb680585118a771ee6713e7857d2888e0f9ddb08bd117b0fbc03ca7bb8bb5a37d5581f2","A","7C9AA3085D21B5542976D02EB7041A97933185DBA283FB5115FB683B13337F7E","removed reproducible output"
".npm-cache/_cacache/content-v2/sha512/cf/33/51f9275048327373c8e869e3fc410a0242bf0db98c76748232b65d507811191c9f6e5ba85e6ecad881bcfc849c1441aa374d608cb667d5f0dbb5b7038b03","A","C64C71A119630D5ABE8246889EDF334B2CA9DDAD094E20D623332956B1453CCF","removed reproducible output"
".npm-cache/_cacache/content-v2/sha512/cf/51/c629c632db103c00641fc2b9f43c0cbe3c1ed7fc64a3dd45495bda8aca7e37c566be825e675e6538aaa2cc4735952c50bc2aeb145fc4ffd240a2398a4021","A","F3501F8EE1C73F7568FECB22C11231162C0467E59262461DA5579519307427A3","removed reproducible output"
".npm-cache/_cacache/content-v2/sha512/d0/22/19e62b69b3ff31ec11bc744221b39dc1bc2507d8f0a8a20b5a930453badf80ae6e7cb09a2827402e6612f0d87258211e5c30b34f0524bbdbcb0f868da485","A","C86371BDB19948A71591D36F23EC33D2B54E06503BD5C2E00A2DBBFA389622FD","removed reproducible output"
".npm-cache/_cacache/content-v2/sha512/d0/51/c9bcb3ea67b289ce9d7b3b5de37ec023b2a6b382bc41bb6cc42bde4f994cfc96fdbe1a346ec542270abd9193d0e6b378a1376d7327ddbd64ee37c89f7941","A","31E56FD601874C5399E8D6398BF4FB9534BB69EB76943AA9C7DABB0CC7566909","removed reproducible output"
".npm-cache/_cacache/content-v2/sha512/d0/aa/63a97455beb6320ac5f5b3047f5d32b4bdae9542440ce8c368ecfa96efb0728c086801103c11facfd4de3e2a52a3f184b46540ad453fd852e872603ba321","A","A34E27A950D64A15EE31C652FF1F29C29B42EADAACE1D203C680CA314959EF96","removed reproducible output"
".npm-cache/_cacache/content-v2/sha512/d0/ae/b92de6bcf35a47a2da0611ae600e5331b77a5cb4b8b64699416fb133878ad174b10eb608bb9f81302bd95a9a750290a06a69e29155e6d3aba040c529295d","A","A9D037F6BEC7C1E98979EDF8DC4A3DC455826BDC759FFB4EE542148D46CAFEE6","removed reproducible output"
".npm-cache/_cacache/content-v2/sha512/d2/9a/cc23e86f05b3e3b169f10cbc65086c8cf0f37a52e5a311409899984eebbc4857d5dab1afebfef0e7abe5f2ab82e8dbb83c4126cee58cc046ed03d52a6cde","A","A840FDE16696A9A35D06C906796B9C066DCBD214E49D0467D638D5FD4A4C5B11","removed reproducible output"
".npm-cache/_cacache/content-v2/sha512/d2/ef/d395d0db283f1b14243fe1fe7e98d46b5f067c860db0ed947cc1ad7a7bccfd5e978f5a5dde1847140f4397a441ff5491ffd86de08d4b51dd93a205ed92ff","A","7C9722F7B40900FB00AF848060892F1E2EE77AB744BDBE20410A9BDC9F09B00B","removed reproducible output"
".npm-cache/_cacache/content-v2/sha512/d3/05/2809c2e9fb912fe690d6d8eae21c2d8c2426f02f0b91c7e800a8c4ce9062892620422e3b6bbf2e0f5941a7e8c21579f79c469ce8399fd457a88674eafe0b","A","49B0A9DB41F743B59375E355AA9489A97C51AC9A655107DE83140FC03BE2F7CC","removed reproducible output"
".npm-cache/_cacache/content-v2/sha512/d3/4a/3823e0d5ade7e1bfe9d7d2e9728b76e248708f0defb22efe68fe9e9dfd45658ab8a307c135e85b5fc12022e20ded72aad0e25440a904a81446497a160473","A","3FE0E7744865534BEED96452A1E36C0EA522BF96C3463DCCDBED5171CED09E1B","removed reproducible output"
".npm-cache/_cacache/content-v2/sha512/d4/10/b40551614bfa74aadc3a7a7a7c7bef0e0f452b2b4a052f3b528cdce170a037583b89c7100f5f33ee3ed2a48c463d514a045a55fff1f80a7aed92f22f494c","A","1B5C6E4E8AB142A6857FCA2FB79D880BA64F2C4AD87907B583934D04B503C3A1","removed reproducible output"
".npm-cache/_cacache/content-v2/sha512/d5/07/9dd3f1ebda6f98ab19ccd3d0a303677f8ba61935f17a476a1100e8f7e9e51d4baa8857f86e3c935212929bba97b016cf99b09971b238cf6dcd3f69f5ba2f","A","9B981D8CA28DB4343AA5B285D20342A175EF34AE25840A302C1E39D3FCB6E98F","removed reproducible output"
".npm-cache/_cacache/content-v2/sha512/d5/c0/cd77027625aa2199bdec8383a629a301c2e0b8f2c6278b91d4c360efb02f0b8c64cb2bd87e79bd57e91cae3877b8853d142c25baf22a26863528294aa53d","A","4460C7532F28B8DF2DDC9A1EC17816D43C24D4B9591DC6C5936B82F7F86AE7C5","removed reproducible output"
".npm-cache/_cacache/content-v2/sha512/d6/03/b02cbd9e344a48b661b7d68ec973a47aa930b264d1ea7cee3df53435b7d2de950296661edf68d7c82041a14d8eb8658865c93b8a68ee6a7a77536b348d08","A","3C64B9E800B63212920F4215EAD5032F66712823D15072798E70536EEEAD92D6","removed reproducible output"
".npm-cache/_cacache/content-v2/sha512/d6/4d/a500644c7c74dcc2e35870235499a51f7e642ff0a58c7e1da225451e465c25c07e0574d1bb99f3c8d7434f7cb1c9153844e13cabe26bfb9133593a23ee06","A","87DCD8372E8F2D0225DE852C9F810C23712616CC2681556F8F4292535B7E42C6","removed reproducible output"
".npm-cache/_cacache/content-v2/sha512/d6/90/ba37ca9625b5a83ed12381c2f6c7285038fe3dd44423794a37a9329c995f184830c9ace7a97c6f29702ee1fd0827407612bf4989dd9fd95b199ab55af2b2","A","3287C872BFA85C997E9018A1258FB6B954EEA9B5DB584DD716CC6741F760CAE8","removed reproducible output"
".npm-cache/_cacache/content-v2/sha512/d7/d6/15020ed3f964ebc6080fba456aec38d3bfaf8f27cebb4e6842bc1b18c266c50ac65ddf8e2bab62ddd69d30a3c7fc42bae1829f3673a14946a7575ad48486","A","93536936DFCADC28EB1C301C8808FE92D3D0C216A6B855A702340A3587BD5219","removed reproducible output"
".npm-cache/_cacache/content-v2/sha512/d8/07/36460cc37bf727e3c1af39edccfa8f36a4415ec03dd43dbca85071dd29ab07c092a376ce1f2d759ffd4c799004c128ddb4a1a146bbe8db125a75a68b349a","A","E6971309E1CF11EC90C75B539116F3CF28E2732D429641EA7A019EAD7970F48F","removed reproducible output"
".npm-cache/_cacache/content-v2/sha512/d8/5a/47f50e62d91470c843f50329577ba9d82d1e4e85a2536709a570fd1d2fff8909b820ef2c84a3fb042ba1de19945fddd1695b04e16911d50295d2916df17a","A","2AF4B50AD83EC8F6B17D45AC66B72AD5DCCC160866C119D4CBAE5698FC35AC1C","removed reproducible output"
".npm-cache/_cacache/content-v2/sha512/da/3f/5b1ade4987c863faf3ed8333ed97bda3d324711c0cae9a8a3a4cd7c08ec2c1d3852da52bcf6cf703701331cfb9fef42601d1cd46c501716118368e29aa1b","A","13FCB3423D37F95A8E861C172E4B62FD24F22412BE4E942087367242476E3400","removed reproducible output"
".npm-cache/_cacache/content-v2/sha512/da/49/2dffb9e227a32010fc45d1b61d43a7ad65a03e7d0bc370b29c921cb5c8840ecdaa0a8c10634a3eb7fda2d58d8137aa146de5dbccfae5327c283a50a0816c","A","BC16F658C1F6D63E0C8738AB881D03F49F1955D8F853CDCB8F7D315CF62F0082","removed reproducible output"
".npm-cache/_cacache/content-v2/sha512/db/2c/8047ca8190ddd8ba17896a7529582e54ddb6f9a2c0f2c0d07c4730d5943c031dba1c009bdeaaa8f5bbcf92543ee39164f8cafb070a95aaa96a80c5bd3308","A","350A76C115B393C19D24654834261E5DC9F0E8CC5E08F3937FA80140F3E4CE83","removed reproducible output"
".npm-cache/_cacache/content-v2/sha512/db/87/baca71361fe38ab7892ab0ebcd77c901a55eb9ce8c5b038055b04381dc0455590922fc31f3694a02e4ab8e37f06271c0da0824d906e39c7d9b3bd2447c6d","A","0BDBB5D473DDC13E850987F3937666E261B6A3A8FCAFFDDD8195953FF0FAEE8F","removed reproducible output"
".npm-cache/_cacache/content-v2/sha512/db/ed/da0c03a63d39ae1708c39e6246d9cb44910295922eef392a9ac64bf8d8ca308f557a3e7beec05091ad1e650a152ec754c1b243e37e47933a1a9ccc33314f","A","5D5CE027F6360238FE6F5136EA293FDC557FFDDD1761BEC31CF83C1DB704E875","removed reproducible output"
".npm-cache/_cacache/content-v2/sha512/dc/64/afca3bc32380eeaf531e83605e909aaebb9b85fbd47d6b5fb933531d7b5f76799a176de5e3ce03ac82a3d2d95f03e70aeb8a9d204791dffc685643d67368","A","004CFD29E260CF949725B5238A259B53BA75554B256CE9AC6D42FC1C5F913BFE","removed reproducible output"
".npm-cache/_cacache/content-v2/sha512/de/13/7b35ab2462f3032d0639e609d6dcd43e99eb0401ea53aa583e5446e3ef3cea10c055361cdc19861ea85a3f4e5633e9e42215ca751dcb0264efa71a04bcce","A","DF9F92EF26A35D4F92CB8A73415DFEA8DADAF294A03E60E4D176DF82F38D17C9","removed reproducible output"
".npm-cache/_cacache/content-v2/sha512/de/74/15500b6f90a1fdcda85f5a0c3de8973fb853a68c0084d64433f3613696a5a61c1823cdb365b02db69ee4137da86659e42d4eae6743fe0d9ddd80d708f8cc","A","94FB962C489AAE2C4E5581F1494721083DC76DDDD7C703314DD4D7FF965D2A3F","removed reproducible output"
".npm-cache/_cacache/content-v2/sha512/de/84/9e50ed13315ebb84dd4099b5ec2b8c9aa94eed8e21e56f144364ea47d0a5bdf82797e1b440697d009f1b74b71d8cae94695b041a3f02252121098585393f","A","D854F7ABDD0C7A8120CF381E0AD5F972CBD0255F5D987424BD672C8C4FCEBCC1","removed reproducible output"
".npm-cache/_cacache/content-v2/sha512/df/0c/b3090ebeb9b440f83e2ebfd9bde4960b5f198e1e9d39aa3ae48de03bb8a1c7b63a4f82043373a0c06f451197b8faee84742b67e83b88a9dbb4e25f4dfb07","A","53A71DBC834BF932D44B49C9FB0C730F68E1AEE195646C815D2832D6AA09E01D","removed reproducible output"
".npm-cache/_cacache/content-v2/sha512/df/99/9292ee195cad2f7c2b87103030b79e5d8368cd6a31d9d6876f17ef124abf3612c658e109977ee5aca3ca0477ccd185539b48dd7c68cd028d2768057ef323","A","220D8B27410873A935DAA31AF93F3F4CAC69BE2C76B066CC7EABDD7040FD1DCD","removed reproducible output"
".npm-cache/_cacache/content-v2/sha512/df/9f/fc44cd7486e10bf6f96bf2151930444c10d1c1ae7c87377659905f5e7d283319aa8adf88c8aabcb8e00f79ebfff3ae2521500516d174a4728961aebcaa00","A","93D8053FA56EA5C75F1FE81CD7B7E21B26CFB8EA8D5FA21A06CF864D08B11E46","removed reproducible output"
".npm-cache/_cacache/content-v2/sha512/e1/42/ce4c9fe6ab2da14fd1a559afcc147c474af1f79c9cc79d9335c1a36c7390689efee2ef468d7a78215e60fded2e8e27cd5e91738d186b789d3d6bd0f7c474","A","CB3451637DC64FDD96644FB5A1D953905D17E766102263317A5CADE4989DC519","removed reproducible output"
".npm-cache/_cacache/content-v2/sha512/e1/b5/7905f4769aa7d04c99be579b4f3dd7fe669ba1888bd3b8007983c91cad7399a534ff430c15456072c17d68cebea512e3dd6c7c70689966f46ea6236b1f49","A","D1F7464DB9713C5F73C919DA72DE334FCE0BCBD76FB08727D36712EF5DFEF5A5","removed reproducible output"
".npm-cache/_cacache/content-v2/sha512/e2/07/7b56958d40d07850a28214555ca75015bfe14c3a0b3d34ace31cabac73c8d332177978bd4da90a8ea44d0accc76cf34e3fc87960969deec6096e3aa00f2f","A","1849BC0BC00B8049BFCCD7D42C3A1F86221A966D4CAB35C029319D65B38A388C","removed reproducible output"
".npm-cache/_cacache/content-v2/sha512/e2/0b/c59e60d7bb77608f6d42aacb9fcc86a6791be545de1206a69685cae5acd851a346398bfe3d02644961ed5f7403371b654d05b9a29f86f40fa71d42873083","A","2F93A22582A0B8AA9499B92FD52D10E981769EA1B6E54D0B3E3F8D7E9AC45174","removed reproducible output"
".npm-cache/_cacache/content-v2/sha512/e3/50/a27e483a7bc4f2952a5db53a5e2d532abd20445734edb47bc4443ef8d7ea6767c00dbf4d34e0c44be3740a3c394af5c1af369e8d6566540656c65d8c719e","A","7B75C1057198CF97696909A9BEE176C9C5E9BCB5B03BF3ECEF2F484DEFADD51E","removed reproducible output"
".npm-cache/_cacache/content-v2/sha512/e3/7f/eab6b0d4a24afb2c9aa8176737f91227bbfb78cdfae961da120df632860e76af02d5e939cebdd1b87d79bb224481df012b91c9894bd88486356d3921238c","A","59DF046122E0AB753B96C49D9246AA305E36893C7B6586E9C82D05F02EBEE4C1","removed reproducible output"
".npm-cache/_cacache/content-v2/sha512/e3/cb/41ff8767d9454b0426214eef40b91eb720797bde5fea2db2e0c5df3a9e84d4a2be3f2b82c50c07188cafa2b0fe77d77ab1685a633d5a2013bf98d3f5772b","A","692FCE9082DE6FCC9268927D681D49E1FCEDCAA7DA63374A2A4B9DD7FC95D263","removed reproducible output"
".npm-cache/_cacache/content-v2/sha512/e4/aa/08bb6360a727a4ef98d7a1d16f9da7c1e83260af7bbcbae2b42c46498eb535f43acc0f7115111691f2c8f3f0208682966fc4f97d4ae13518c54f147c759b","A","F9D424A84182460185F4E4A8CA11630148ED48E47E4C539E40686311625C1A3A","removed reproducible output"
".npm-cache/_cacache/content-v2/sha512/e5/79/e8980b28659098f8a353c5b2208691aa3ebb99bca14d96f70096354039d0d10ec1f8fce650c61b70a39c1db680cce51e8c84905bdac3e70ee4457a9de5ce","A","D727F8E098DB307734769DB43C90492F72705E0F9F33EE2869C09C473FB3CBCD","removed reproducible output"
".npm-cache/_cacache/content-v2/sha512/e6/5e/15c9947ce8b67f943c594d1ea3a8bf00144d92d0814b30fdba01b8ec2d5003c4776107f734194b07fb2dfd51f0a2dddcf3f0e950b8f9a768938ca031d004","A","6BA231F5377E0B18EF7AB0C65CA895708E21F1ABFF5999B24629436B0FF77AC8","removed reproducible output"
".npm-cache/_cacache/content-v2/sha512/e6/9c/e0e05190369131867853db396b3f5c1915a6027752b49d85a814075c62860af3af0812282a317dc1ddff3222846502101e0d67222c8e9974228717d3f856","A","0EDC541AFCB1D57E7129C153ED2A9C0BD255F6B9921DFDF9583B6D18DC92CFF4","removed reproducible output"
".npm-cache/_cacache/content-v2/sha512/e7/92/4d2ae216fafab829ed418ce4e333661cb5022f093ec61731f099f64f1a8e709eb82489dd1842d9c095e152aae9999b86b3de7d814be7ab6f2e62a49760ae","A","0219BBD8F32E268EEB6EFFF55A2C6FF2D502098F49C583FF023B2D9D5A8BFA87","removed reproducible output"
".npm-cache/_cacache/content-v2/sha512/e7/e7/cff0ff0c14d0be0326420f1ac1da991914f1b3a90594ce949ebae54bbe6f1531ca2b3586af06aa057312bc6d0cf842c6e7e2850411e9b8c032df732b061c","A","12DCB1DCFF7099BFF0663FC220551BA53FCF23C136A22375E323BB6626D95724","removed reproducible output"
".npm-cache/_cacache/content-v2/sha512/e7/ec/9b841640344271687dd7e5ebc015ab54c4b7c41d2afb9fa91827ed50774994aabe1ebbd8087fa1836d61dff112628c7ae38cef06fa56b5e1294bd92792d5","A","5DDC55129D365193496E8AE1F6E21E4BEABE639B6C00F5F67E2E0843B72EFA55","removed reproducible output"
".npm-cache/_cacache/content-v2/sha512/e8/46/a62854519e5a5d69d9dd6d9e8b330c9c7f09303ed7b5078da1b3a400d206218da38aa96e0f678a63696f54ae50d7e5e56dfce8e7704ec11533cbe6799986","A","694F4194EAA0631F12335328F614163705B591E76DCB90F1DCDBE3BA9CB455E0","removed reproducible output"
".npm-cache/_cacache/content-v2/sha512/e8/59/73b9b4cb646dc9d9afcd542025784863ceae68c601f268253dc985ef70bb2fa1568726afece715c8ebf5d73fab73ed1f7100eb479d23bfb57b45dd645394","A","F6616E15E530ED552F9DAA2D3CE71963947C6BC7C98C9B64FD3E673FD02622C6","removed reproducible output"
".npm-cache/_cacache/content-v2/sha512/e8/8a/50ee6294c5171934b20e6d1d21cfb971b1aa5248860d649c173c6785d264d5a862852178f50d070ca13db64b744e70bc98febcf43d669667d6b25a669df6","A","A772BBE141B4AF2C1E65F7530353CD6E978F0349067EA3DC2B0AAC2428C2826B","removed reproducible output"
".npm-cache/_cacache/content-v2/sha512/e8/f3/165e9761b2156f169f85a1662cd44bc6d4d8f4b6f93475933e5dc2b4c4c10cd5ccd155c3faa21a8f587cbaa8f6a04a90bc8f8fa9f3d597953fb15c9b3f7e","A","629E2AA8AC539F0B0CBD3A276DF6243B6FB49BE6FEEDE0636A084C499AC430B1","removed reproducible output"
".npm-cache/_cacache/content-v2/sha512/e9/f3/dcf91e22870a8fe8dfda22fd9fd60307f25395b56407a2a0b8c8aea8483555a1cba602c7c2aa39179ea89832198cc12fe61072e9ed57a196ddea97a9448a","A","0213FE6B1C1C470CF5C60FFCA0D362142117C8E303FFBCABBD9A4C4700B6CEED","removed reproducible output"
".npm-cache/_cacache/content-v2/sha512/ea/20/5cce85fe90343b6b7f982419e1dd3f8a651c4cfe260d3d789caa4ebafd07e6d5bf778aefb23889a4834cc76e3e4b34e70dbf54c4003899d316b7e01e2ae9","A","FBD210F350082BF46B765B06F0D52BFF687F54003987A04E2903C4096ABF9C1E","removed reproducible output"
".npm-cache/_cacache/content-v2/sha512/ea/2f/661964a5ab334c12aa42a7ddcac114b5b943a8764d8e27a6feb2aed93c34b2d96b88e4d148c69ff6e784f2b51f1fb5e7dec645a7e713621d43693ce7d27b","A","86C24711A2424E7D5E9842D881DDB7B8CD1FAB5A13A4A6EEB46869788D78678F","removed reproducible output"
".npm-cache/_cacache/content-v2/sha512/ea/91/23aae1f7aea688e9c6005d83dccfd312e2b63a4789e0460ae07c3b21469b54648737970d0c0882481838fdfbe99fc923ae3d31c1e27ad25bdf410af38f20","A","7409882D0F91DD29136253684981098674F39E8FCEBDE12F2559035518A43CAA","removed reproducible output"
".npm-cache/_cacache/content-v2/sha512/eb/1e/9d2bacc97694f3178b1078d631c2dbc1cdfe848381ad95eb12f781cebd3b9d51ec8ad965c06887e60e0b32b2562b441785225b22e78018b05194ba19afad","A","E6EDBC8F203901612A3CD938F940ED520333923986D5427B95C87AA1882E7BD5","removed reproducible output"
".npm-cache/_cacache/content-v2/sha512/eb/93/fb8b3e97e7212bd5cc1c82f4316db230ed493780ecb974876d678ac3bde2ea86b7493fe2e2fc7c7ab722b43446fed860b29de08c2621aaac00c248d93cb1","A","A63A255EC20A935C3A3334A6645F9245DB36E2319DDF1EB6BC0EAB2BFE5B42D7","removed reproducible output"
".npm-cache/_cacache/content-v2/sha512/ec/f1/85966b70b040036f4598caf08c6b5b7eca47ba75a206e168ab69fbabe6471ff8c8549cf9acd54791d02290753643f35c844b03076ed9fe4d1f9d32f89a91","A","9240E77A97E0532E6EEEE5A46DF853CF4AA858E2C98C22DD1FFDAC8177033EF3","removed reproducible output"
".npm-cache/_cacache/content-v2/sha512/ed/71/cdc47eea5fdc46e66230c6486e993a31fcc21135c3a00ebc56b0cb76a40af6dd61e9e8cad194dec50521690a9afea153b417be38894811f369c931f1b648","A","704402651B02A1454F17D445FC7DD716EFC282D059407126D58EF30A47E807AA","removed reproducible output"
".npm-cache/_cacache/content-v2/sha512/ed/cb/2114bf07192ffb1c48871fef642fd1c1c29dac6bdc97d7c2a7c1e93a2985a65f033ba5e80c82d6b6017310288fabab72677d28fdc7cc18a85313746d4982","A","0ADD7F5CA8C7127902B93CFC2277E3C27D9F33BB9CF9A381741FDDE361415EB2","removed reproducible output"
".npm-cache/_cacache/content-v2/sha512/ee/5a/273e529f49a71ddb41a5381c7696db952b3f68a96619cfea0c4323a5b70eadd72da7c9fb63d999b0c141d89f8f64a9f0d6729f1d3599b936057ee59fa6ba","A","35E40B38E5CB28A0C7FF9FA0A4C828E8122EF9ECC180FA2451F7FB6F6898BD78","removed reproducible output"
".npm-cache/_cacache/content-v2/sha512/ee/b2/94cb2df7435c9cf7ca50d430262edc17d74f45ed321f5a55b561da3c5a5d628b549e1e279e8741c77cf78bd9f3172bacf4b3c79c2acf5fac2b8b26f9dd06","A","5612DE52AFE83DA73E66B519E83AA56AA81151C844B90BCF8E045DF5ECEC8D2D","removed reproducible output"
".npm-cache/_cacache/content-v2/sha512/ef/cf/cf5d3d7094b2c3813cc3b3bb23abd873cf4bd70fece7fbbc32a447b87d74310a6766a9f1ac10f4319a2092408dda8c557dd5b552b2f36dac94625ba9c69e","A","F4A64EFB583769C09638D81963FD3F7AA883B632F9992A256DE3FBE962CA75B4","removed reproducible output"
".npm-cache/_cacache/content-v2/sha512/ef/ef/9d161b5cc77df9dee05aabc0c347836ec417ad0730bb6503a19934089c711de9b4ab5dd884cb30af1b4ed9e3851874b4a1594c97b7933fca1cfc7a471bd4","A","FEDBABAA6DB26C6BE0183F82777DFA852D59A62F8885DE93BD32EBC28758958F","removed reproducible output"
".npm-cache/_cacache/content-v2/sha512/f1/09/902aa10048b7799f1d14d41d6890b1256d4baeb6d27f0276264576db6c60d687ab92db4f048c3e17aaafc8f702bbbb4bfa3b4f178535a7b795ed11b47a0e","A","5DE7E3804FADEE9D773CD494B695E6EFEDFEE8837E751FD9B9B77C3E9C6B40F4","removed reproducible output"
".npm-cache/_cacache/content-v2/sha512/f2/0e/297ce2fd1e828a2d61a2ca94fe769855aa315f99c5cee4606786c1bacc8fa5c40c7ff1f790a6bfb52d237c45ede1899f9790b352e0ef73b4ad75fcbcd0eb","A","87B2B03C48FDF2770660031D97540D637288552612698D1F7CE3440E7958A0CC","removed reproducible output"
".npm-cache/_cacache/content-v2/sha512/f2/73/f72b0879865819e0589c1af9b39c09897bc50be2c754f2d2ee92b3da32e4260ee93863cc587f3bbf698656e314f624281cec7fd3a43239706971716252a9","A","A52DBCDF9A2E555353AC1F6874EDBD2F8CC14EB72300D3F03982D78954B3DA99","removed reproducible output"
".npm-cache/_cacache/content-v2/sha512/f2/ae/d51203095b827cb5c7d53f2f20d3d35c43065d6f0144aa17bf5999282338e7ff74c60f0b4e098b571b10373bcb4fce97330820e0bfe3f63f9cb4d1924e3a","A","B8381291C9B3C859C5B58E75DA8BDDE64B424344054893C774C68C3C443D7881","removed reproducible output"
".npm-cache/_cacache/content-v2/sha512/f2/ef/e17d7151043d4ed213d48e2a0b8685851d19adead280e3fbd93f272406bd7c975284f6e1eb15a15a522f0c0d14e98b8b9a936828c8f4d23492d75f69361f","A","C1BD4A4BFE2532826F41C7CEF76D6E3CAC8AEAACAD927FF2C38446F8D9F4D88F","removed reproducible output"
".npm-cache/_cacache/content-v2/sha512/f3/ef/56a9e6db173a57f4e47e59ae8edbd6ac22881e44ccdc1ad00835da4c1c7c80835d1fd3969215505b704a867ff3d7c35123019faadbf6c4060dc3beeacadd","A","27903847FC8215E6FC5A33E81490F7BABA66403F8AADE33771B988CCA097728C","removed reproducible output"
".npm-cache/_cacache/content-v2/sha512/f5/6f/81f4d3c5d0d69a3e1ff5349777f8aaac9e52ea53d1fb4f6aefc30f9fa7e4ff7af55774d03261c9df4506453a3911d5a8d0a77c8e465aa723cb286b02ef34","A","7F500BDD923323DD1072836B6631B396B982636657047C0049D434F6AC7D87BF","removed reproducible output"
".npm-cache/_cacache/content-v2/sha512/f5/d8/0cfdc6419cdbe3cda3181d5a31c5f3e3d905eddb612fed2bae3ebb3ec5abf4ba4181d12e9de3275974488ce3c90bc7990357e4013eba559c5c9e7cbf2491","A","6CF446960F88F71ECD10D2810336F1C4E51102F7AF4BF19DD5C4F6FEA7105707","removed reproducible output"
".npm-cache/_cacache/content-v2/sha512/f5/f4/a349aa2cfdf448548a7ec5226513a95fc21112ecb36d29a08121a987b23af69dad418800493e8d263a38f3f062435116ab9823c6a9a89583999f8dbf7c09","A","662E27E54E00FE46FBB08F9F4AACB054E3695DBE72CC14B436613FBCFB780544","removed reproducible output"
".npm-cache/_cacache/content-v2/sha512/f6/01/b1e864ed09033bdc18261d05df0e62ed7e38d35034b2a314c26e9e56b688b10217e0b038ab58871543f207a6f2395607798bf27917b07d70dfd69556c2ff","A","0F008BF151BB061999F6BF3324B37D5859695865B34773CC34E6F7669999C8A5","removed reproducible output"
".npm-cache/_cacache/content-v2/sha512/f6/bf/b28bdfa6814df700a723e886d3f684423bbf16ae24a3eadfdc17c0d605927d68e18f393103bdd503cf51702a29bb4175b0987aad7479d125f840c441b8e9","A","CCC872D7A2DC007CBF9D755F30D56B8D80EABDBE22C44C95A709129BFDC46F01","removed reproducible output"
".npm-cache/_cacache/content-v2/sha512/f7/0e/605457594f519c83c373330802f162d92455df0804524645952644c8e5d3de7989da8e2b69a22db745c1d3400b3489b897e18ba50825c37ae8e20d316807","A","DC315DD5C3D6E52F62D54D272FD6D0768B6D8E6036670F9F7A413E16DC7B59EC","removed reproducible output"
".npm-cache/_cacache/content-v2/sha512/f7/37/80f8a2d934dce0945d933ca450103cb1e986f2edd68092ecbc3223f3a573ec6035a2fc344cf239b0503c689108d8a81a6fe4380f8b00f88786594b2d548f","A","D56CC19743E0521EBE46964412A5A4B247749036DE7AF3A9F78DD384F58FDB56","removed reproducible output"
".npm-cache/_cacache/content-v2/sha512/f8/b8/72dd3413bb35c8e617af87cb011aa6e6bab1db6c88c08b46784bade7b6154b98bc5f6e3e13e786b809f66b5c8aedf623f899500f60ca3fbfdf6d6a3df08d","A","C7F0A27150BF0D971FCCD19F6956A6DB9CEF38B957A2B57157F5FD6EBC013ECC","removed reproducible output"
".npm-cache/_cacache/content-v2/sha512/f8/bd/dc729ce26e8bc65c52be029fdff0b392d1a84cac74dfdf1bbb98c2d2a44194d043bdb9c6b2b12ca52a8f5e44314d856bdeff2dbbe623e6219e33dfd6bd88","A","4AA15E229C6C7D70805789E5480AB4762E028E7EE5CF2368AA723EB666FD04E9","removed reproducible output"
".npm-cache/_cacache/content-v2/sha512/f9/74/a8c92d3939d05b845b842e18130a914d1e4a41389aadb197d4145a5ee504f0fbd4a36e1f338adc61424600a3ac15eded556fc7003efa4293d8c66a6ffcda","A","2ED4D2257B7D3F4D8C15599D74035CCBE736D0ED501C61F20C7EF0AF3BD02E58","removed reproducible output"
".npm-cache/_cacache/content-v2/sha512/f9/b4/f6b87e04e4b184ee1fe7ddebdc4bfb109495c2a48a7aca6f0e589e5e57afbaec3b2a97f2da693eea24102ddabcdfa1aff94011818710e2c7574cb7691029","A","1F4457D4DF0F93521899C0FDEE0263DE0F243ECB90EA6BC6D744FADD132067D1","removed reproducible output"
".npm-cache/_cacache/content-v2/sha512/fb/2b/3df7b53dea9a382b1fc0069042aa103d12ec49690583420ef6f791f8841a61bf72198346e804abb0629b78617a7a319e4099942753fb72313951a5a49e8e","A","32086F492FEDF1B9B34811F2EE50CA2CCA53DA5C783F7CD5F939D3F1E86BBD32","removed reproducible output"
".npm-cache/_cacache/content-v2/sha512/fb/8f/0f6c001bab77627632716be39a598d99c2000ab0d8911b27872accdb959310fa472977da40693d7570c9061227b4bec3a2dd075e4c4e9de457b71a7eb590","A","A355B15DC60311AAF0D21E3F503A75B7799950F7FF03DCDC3265EC31D6BB4797","removed reproducible output"
".npm-cache/_cacache/content-v2/sha512/fb/e4/04c380c863b586a2e933fbff80ffc74660f4fd97dc8869d9e64a067c463af76154950e2a5048ef42767268f5e3ea16a514aa1fb093db886a8880c2c88f90","A","6CB95A663BA4C9DF1C3C193542795DD4AB290B1FB01C26B1794255D110C30716","removed reproducible output"
".npm-cache/_cacache/content-v2/sha512/fc/85/ed6f0124e474cfc84c32297ea11a4617c4cf676e3eb807e8a55499c2fd1e81d291f91b85776f4a556cbec3063e2d921040a696d05257fa17a5e5f4b1eed6","A","B8C2C35575493DC086DF88CFC468A9E2651B6617336480AB3F00FCF853F443A7","removed reproducible output"
".npm-cache/_cacache/content-v2/sha512/fd/2a/efe1db30c903417e8846a73f68e986f71b3dd2ad40ea047e6b4ee84647b6a1b656d82a7571c366c214c4658da03b1171da5d9f30b07768745bdb9212a6aa","A","35902DD620CF0058C49EA614120F18A889D984269A90381B7622E79C2CFE4261","removed reproducible output"
".npm-cache/_cacache/content-v2/sha512/fe/c3/3774ed853b35e3290849ba8d10d7bdf07f628ea3cb7823cbc7cba945f69a14a7b6ca4f4fcd1c4f1f3d7db73f07e19f291faa70b6c51c4e9d5c395ee18868","A","0C712225CCCA9A70BF83F2AC2F52A268C858C7DF3B3DF196F1623239D80D3C09","removed reproducible output"
".npm-cache/_cacache/content-v2/sha512/fe/d0/6b490dfabc295e26400eb32f646cd4e06b1bc66f239a982df43d178f4d07bfa35305c04287424e029fb04d19a3ed8e9f8fb94ac1c897a1335860c5fab8b3","A","79C9725471A481A15B5C34BFFC62ADEDD07B3901B3132908DD4A0A2481DA72EF","removed reproducible output"
".npm-cache/_cacache/content-v2/sha512/fe/ff/0766de91972219c41de7b5e8442ce71471fc4a3d51965e741d26e1d19b3aea805f27432a5c0bfa31196f8eb78546283abcd57ba03cac71d27e4f06d7fd3c","A","D57D2873083AB10D5522712BFE5DCEDDAA8E227A46BC00C250D8483F83D1142D","removed reproducible output"
".npm-cache/_cacache/content-v2/sha512/ff/ee/55153721243a158f76e1a2a8ba51eca6703d340c0c1bd672706a6ccfbc712ccc9e05a45e9234d6d46ce4bcc88e7aa87cdd57c78ad2a11f3928a87644ddc6","A","C29791211B8E2F181C049247214843292380E4134C140C5105376B7C6AE3E3C7","removed reproducible output"
".npm-cache/_cacache/index-v5/00/4e/b166eaab75286524e4a7212456d7d26fffcba907823f4ac227bf5659f894","A","D78BF34AC84E3BA1546A2FF727CDC2EE9143CF40C871D66600705CB5D04AC33A","removed reproducible output"
".npm-cache/_cacache/index-v5/00/60/6a2298196c9cd65881a7267db2824adff4d9c24f0ed6d3a2ca4c81d3e235","A","3860170197D85465266857A506C342747DB82651296D532A708A9538EB2CBBB5","removed reproducible output"
".npm-cache/_cacache/index-v5/00/99/b97a42e5521c724096b94c6c5b67539fcd01d355194ef8fdbad6f9a14b22","A","336CA766A95C31B718CA5AE3F8A83B9E13874B0F2968AB342818943BCC4BA60D","removed reproducible output"
".npm-cache/_cacache/index-v5/00/ce/8ee671d832e02ff208acf270d85e876723e4e10f208eaf53aa35cc7a9973","A","D5F53EEA73670182ED38FBCE33C13EDFABBD340C0A50554EA5E901FEA555B03F","removed reproducible output"
".npm-cache/_cacache/index-v5/01/8e/b5bbedc89366c2f586179f88a78b32c98717ee7cd6e86bd0e75a23368477","A","64F812CA06A08E387FE390E72583DEB48A4DB1C56DC44628E2E99611C5AED0B5","removed reproducible output"
".npm-cache/_cacache/index-v5/02/44/d1a3a59735e070059c4ee94963ff3a2b7c7fea15a3423a6031d501bf04f3","A","7FB8A15F8780462C16D3A7FE302B9884F14D126D1E07F13100877BD8D14ADF9C","removed reproducible output"
".npm-cache/_cacache/index-v5/02/5a/015cf75b124419cc457a4d4cf6b3b1829afa11bfd7ffaec669b295ccc4da","A","3FDD67E4452E4BC8052E966D493D801A3845D18A5F87D00124A87DB1F96D0B66","removed reproducible output"
".npm-cache/_cacache/index-v5/02/97/0dcecb447acdb9a4a5c183660bc5ee700d0ef522e7c64c53d7e31e250613","A","F3B1F93506F6240981C91B598D6E6AC19AB4A09209BCC17E23B8338FA6DED125","removed reproducible output"
".npm-cache/_cacache/index-v5/03/68/e72117e4892594ad942e805985edef3ca75efd1730b0ff9041f2af01d165","A","7952FFAED7FF48F167A8FB39804905AD9B3B10B66967939F74487631C2148829","removed reproducible output"
".npm-cache/_cacache/index-v5/03/7e/38dac7aca3058a0393fa1445f78009611674f291b499be5bb45cec401b21","A","36D79436F40312ED59B77CCC9EAE30EF6E909C20A94F5B867F2A885D2AF70D56","removed reproducible output"
".npm-cache/_cacache/index-v5/03/af/b652af7d985d655c33bbc6261689ea2f5a550b485dde76ad3aefbe2591eb","A","9C4D070F97CED22B039BF145030D194E26983FB4E542C9D6FD70CFEEC56D9939","removed reproducible output"
".npm-cache/_cacache/index-v5/04/03/44d195bf59b7f71c2a336b826652f3fe5b71a260b8607e4de0b0ab4f6af2","A","ECA9E2FE00EA84A7080EE14842742291BDE0E4F3821AE7F165095DD3C107B401","removed reproducible output"
".npm-cache/_cacache/index-v5/04/63/01bfc136181f76475e598ebe7146149e0b2811acc5d1ba3c3c9128d1e724","A","E3339332877F88F9F971477161981522EF36041668C065027C7378512E9DC706","removed reproducible output"
".npm-cache/_cacache/index-v5/04/fe/320f8814bd5ee151723f829296fe3c958cc81955e11300c81e3d12cda17c","A","0B75D4073888E1E2C6CF1DB65F9608BA87388E42D7DB73F537F9F95A0F93E84F","removed reproducible output"
".npm-cache/_cacache/index-v5/05/35/3823be4be0216c6b586c2eeec514837e4811d9f2cf65ab1e5bda679f7fdf","A","5B6298B7751A88D611A0A258A707F5332FB7283A7CE6A96257F4EA60B023E7C1","removed reproducible output"
".npm-cache/_cacache/index-v5/05/50/b521c2e5ba3e78b9db07dd2cdd504c4c27d036297082d854581be27e4ecc","A","66883CBAEDB232A6604F5C4BA3AFA7396837FE3D56AF7AD3A1AE3B3F4DEAB9CA","removed reproducible output"
".npm-cache/_cacache/index-v5/05/6e/130ee54192b2b6a9eae2a65f29fc8787e5145e1afe07f4d6d1e8b993743a","A","ACD88EC16C7B75F1536868F0AA8481468BE9832AAADA7A5FDAEC8EB85C7C7EF8","removed reproducible output"
".npm-cache/_cacache/index-v5/05/8b/484e915aeff7dabb8ac4b14528aa08acde3bb9eed516b6370dab9589dc55","A","3536ADD575595F08A91EE18749F730072852DC6EBAB8D98FCCC21FC3CD97C1DA","removed reproducible output"
".npm-cache/_cacache/index-v5/06/af/db12aeb67156e5ce4e5996aa623aa8c5d53bb103dc06cf499e47f515484a","A","E8C4C44600E30EA10BBBD5FF1AC2B2A8A2CBFB7A92B1FD8453507C24EE2F03CE","removed reproducible output"
".npm-cache/_cacache/index-v5/06/be/62c91961aa664d24e95701e7d48b51283dc1b99f9c4802f91a2356a4ce26","A","95F523FD1038D6F6EF2CD0385BE5E204A22B793298C19D8A33132498B363678F","removed reproducible output"
".npm-cache/_cacache/index-v5/07/37/40b35380ed474eec2b094a6dbdf4aab201e8f7a88896a94663037b3f8480","A","209CAA07B7714575B922823886E8D982F593B4901276A94A81724DE86616D406","removed reproducible output"
".npm-cache/_cacache/index-v5/0a/d0/656d08a513cf41cf02f0fcb0e63ba171f108175b3c711837ec0c0f93f955","A","C80EC789CC953920AA27C638CC3314E2757629A6B1873ECA202432F5006D79E8","removed reproducible output"
".npm-cache/_cacache/index-v5/0b/6d/a1b6c4a0834dc52dcdf5a155c4ca6451bf00399a27c9a1bb47725c4c0c66","A","49B2A077996AD6489276F019FD1A47C2312182F842690E5AA31408A132327CF2","removed reproducible output"
".npm-cache/_cacache/index-v5/0b/e7/633717947eac3e9b8acd2d53170998abbde0707e5bc2dbc2373be5f29c9e","A","DB4779820E36C5DE3B82108C595ADA12859DFDA22D5FF61FD630B657191F64AE","removed reproducible output"
".npm-cache/_cacache/index-v5/0c/11/9bf57dceb99b6a930d3ad84cbe70e19fad1250d13e828e2b3c4c491b3994","A","D50BF78422FAB20D2458B8FB30BF6EA30AAD11FD9FA0E723394D711A859E3F69","removed reproducible output"
".npm-cache/_cacache/index-v5/0d/01/58cbe482acb2f4e2b961dfc2cdd7143d35b8f091f18831fcdcf72dc7cd4f","A","0E57CD3729384DE9B6F307B54EEC456F3A6C536F15C810FE85F379450B6CF986","removed reproducible output"
".npm-cache/_cacache/index-v5/0e/16/b497e38c00bbd4f4689a021f723e0df4cab474ac95452ddc18fbbd63110b","A","813F0F6E5A64B238FCA89EA30B317C780F75CF28D531F52A4F547F266DE13055","removed reproducible output"
".npm-cache/_cacache/index-v5/0f/29/26c6ee1731275c99a0eb8190bfd46cf570e1cbc32e84947ec0f141c6e9a4","A","16F958799F591B26BCB74561C74EEC15058398DA5C03EDE5B9CC8DE532590CD7","removed reproducible output"
".npm-cache/_cacache/index-v5/0f/90/2bcab1841b7e5df4790cbeda4b1ec27e846cb200d7a11d47555d3a703024","A","8E032361635A186CC91376980B413579C6F9966C83A91E13E70B07896F8BF6A0","removed reproducible output"
".npm-cache/_cacache/index-v5/10/01/03efc199c2b017a7533cc730722dec616ebc1b3be56bda4c0a85c7f71fa6","A","1E5A767A8733D033F2A1B61E2A662B16AB3F200DAAD3D08311C7886FDC74CB5E","removed reproducible output"
".npm-cache/_cacache/index-v5/11/c3/3502bfdeb6c8f1a33e096a8d8c91590b5b4b7af85d52ce646105b97d74d5","A","58B5E17DEBC663E95B94D5C4D343B7DCAD5090AB5D489A6EBD9E7A42AB20CDA6","removed reproducible output"
".npm-cache/_cacache/index-v5/12/40/2cbc18156d0b5bd45d43608718e4abeac731fab0a1e48d628756e2cae0e8","A","9C58AB5619C266174F1DC52070C5CA247FB98662BF3524EFE7C30C1C84182C37","removed reproducible output"
".npm-cache/_cacache/index-v5/12/80/71b2d1452a6c218b9b534041f2e2b4b9ce6235c552e2515e16f03820d00e","A","AEFCC5880779DA96BC7F0F876A78B17B78FBF6C659D9179BFB5374AFBD2C4A9B","removed reproducible output"
".npm-cache/_cacache/index-v5/14/4e/d46fce818db7ad47324f5af3e420f40b77a96131e52dc7dd5bad89875024","A","EAA8ADE22CEE95E8C0504646A35BDED7880D15D5D01BA86FF32A63B131A30114","removed reproducible output"
".npm-cache/_cacache/index-v5/14/f7/87042931e5944467d47331c350feb4384bf9143ab6ceebf7108a55905843","A","15CE2386F79578E2495C682C6B32A3CF61CCBA5B716E4EF005C9F57DF2ABFD54","removed reproducible output"
".npm-cache/_cacache/index-v5/15/6c/9bc61e204a75aaa5dc3d0b96b37e145697f711f91af676c192078901f1d0","A","BB30607A8ABEC576D3C451FC6FA987DFFA4CE6089DD8EFD1E3094BC119041ADC","removed reproducible output"
".npm-cache/_cacache/index-v5/16/22/69fa00fd1117132370a2812fb77b7978dcac10925031693d27da38f0ab3d","A","81387C1C2048B321DC4675F932BEE13B8E6D63421742BD899D3E506EAA3E13A9","removed reproducible output"
".npm-cache/_cacache/index-v5/16/87/ad9f74c9e8998e1f85a916fde8658ebe3692c500e207e60efed24b4a2f90","A","A685E1DA437517FC7CA65FFAD87D129BA02FFE7822557D9DFB19784DF16513EC","removed reproducible output"
".npm-cache/_cacache/index-v5/17/de/04914756cd5d002a060881ac6623ee02c3e9a50d79e5c6e0e3b31cee2979","A","292CE210F444F900A9DB901153B4A90FC955F3CFDEA4319D33B5A49F6291E674","removed reproducible output"
".npm-cache/_cacache/index-v5/18/69/ca47ff09ac9d048c991a5d94c9ef412ffa5496c2ab672947137bfb61e829","A","E4C6C44F8B5D674934F13253EA43610D8890DDFCB0DCEC60CC216CCD8465DD2D","removed reproducible output"
".npm-cache/_cacache/index-v5/18/79/e5871a5f3f01f8e8750b4105addaf8425a9cd196d11f527a1dc856b6d44e","A","4ACBA848DC83E27F134E4CEB8DFB6F5ED4D3F141B5DE364B2DB13CC49F5EE0CD","removed reproducible output"
".npm-cache/_cacache/index-v5/18/91/78cebfc875a8a611331dc3afe4e7283486b33623cacd7f8307e21f0d7fb0","A","1E7A807FA7CA23D101C58223C4D6FC9AB4ECD07F724988C940AC08D21987FBB8","removed reproducible output"
".npm-cache/_cacache/index-v5/18/ce/55345d3cba5b3c5650abf3687718415cbc865505089a50a09e96fb8cd897","A","1A69380B4324FDBFD6ED7BBB74C6FEE2B755AFA0CC04E5815D4EB0F16FFB8286","removed reproducible output"
".npm-cache/_cacache/index-v5/1a/51/8b676d3aa47926784ae93445ccbb67ab3cd5cde01ed2fb99100c51c73d52","A","76080DCB2C673C9DA86E7DAADEB62C052EC2AF061EBB04E33737BBFA4392C73E","removed reproducible output"
".npm-cache/_cacache/index-v5/1b/ff/643d3be8e860adf6562b3948ac927fd13815e8cfbcf3a4e3f1c0799a0c06","A","E9EA97B6308B3B8041E5373D2819718548E8129D3825DF860A9A90E6CA35AB1F","removed reproducible output"
".npm-cache/_cacache/index-v5/1c/16/796fded9cdfa3f16004b1e75cd1c0e49b2ffca2ffb551bfe095f97f8a36a","A","8852967D4718F0D36C153A0191274F37783C54E79D9C4AA97381393B20D3C986","removed reproducible output"
".npm-cache/_cacache/index-v5/1c/71/87816b9d27b9d6240cdfb3699e4ea29b74f4006503aab7f70420c1098f35","A","C65F1AD770AB94E5018EE3FB23CDE1A4ECC3CD913B9559C2C0E7907B6DA19E7E","removed reproducible output"
".npm-cache/_cacache/index-v5/1c/a4/c7d3cc971492220b7cec031eec035df5e60b61a4319081d0cc87870409b3","A","CB457628B4E1B34F086CFFE7D6173BD62BB5F694C87F6B637D14AB739090EA91","removed reproducible output"
".npm-cache/_cacache/index-v5/1c/b7/b8d9e75c10c931d6d798fe96fbf3f0870d4d0a546c99698024c9963cf7db","A","5EAAAFB71FA9AA9749C7EA720C2776BF8B0B7C8C6ED6573A7EAD38B626381857","removed reproducible output"
".npm-cache/_cacache/index-v5/1c/e6/f18a9a75bf7bd16cdb1b75eaccaa4ced854717a581a33918e15c61fc4ac5","A","70043B94EA883779D1696657AE29C8BAA2D7E605CF647CEB58CEE5D0F457F0FA","removed reproducible output"
".npm-cache/_cacache/index-v5/1e/9a/9929becbd070991a0b1e204d86bcd47f937337869b6a9fc383e0ac50c8bc","A","94AD721F5C6A6C8B66E2DAD71BCA58CE8A85B508F5833BD2C77DA607FFCE9E06","removed reproducible output"
".npm-cache/_cacache/index-v5/1e/ee/3fa971d101833eb213109932d7fccfa0ed3bc8a769cb3d208ce67c46ca59","A","50F4E3951A47B1CC75A4F4CD66EE2044015BE36F5B7374EF09BB6F76BA4380D2","removed reproducible output"
".npm-cache/_cacache/index-v5/1f/cf/ae67f14abde01f378dd933e7809a424f97905eda93440563bcfe1c2d9acb","A","A85003B984D607563FFDAB0E87867ED3F1A09AADE5EF5B3578997FCCA8A0845B","removed reproducible output"
".npm-cache/_cacache/index-v5/20/76/f7946a08b36a5b84c09bda10ee12c9884608062bdf12450d531576b50bd2","A","1A24F00FA0D3B923A4A95AB08D92954F82E41641F5F7B28E876FA88E4A20B761","removed reproducible output"
".npm-cache/_cacache/index-v5/20/e0/40122c5cee651bb244e17448855ba7beb1ffc43ef9d58d74671626ebedb0","A","E5F2723C269BC9AECA2D875E9FA5B124D4E289582C340A94BF0F11CB8060F114","removed reproducible output"
".npm-cache/_cacache/index-v5/21/0c/a7ba36353295a9ccb5b95fedd6bffc965c659ef90156665af1c0e73f9fbd","A","839BC7BA4BAC76D1D3BF07ED65485DE1E994414CDE314F315E12FC4D23FACFD0","removed reproducible output"
".npm-cache/_cacache/index-v5/21/0e/2e414f5e886544168446eef5b874a90887f60ba87fa35042f1e9eb7f532e","A","3D096EEA979416D640DB52D16446B58554220F94EAFB6C7B283B4180C17E4A19","removed reproducible output"
".npm-cache/_cacache/index-v5/21/a7/bd8af8e4938b9fee217abddb09ce52db330434e323c828aeabe5bd909ae7","A","3EA4F7FD2395324AA64C6485C3AE4F2E49DF19AAE1DB35364F402748943A715D","removed reproducible output"
".npm-cache/_cacache/index-v5/22/30/c91220c67141ca97041618213314d5fddd18947120ac645b95d74c82bd71","A","F5B5246F8FC41E495B0515E983805F47DFF89604674E0C20D1D6E5E934A31D6C","removed reproducible output"
".npm-cache/_cacache/index-v5/23/0e/0c3fb22b7130f6b75ff8f73602a511ed66f9a22e28321918b107fc083a12","A","D283E0DC0BFC72F3076CBCA12A22BC1A62C3AEEE371F3674E9FA58F965A0CBF8","removed reproducible output"
".npm-cache/_cacache/index-v5/23/65/5b8263903aa40cbfbc41c7b2a8bef7ef014c5a8d48eeb645b36324f038ee","A","C28B14BC37792DBE58225E8FD997488D19EB1B36C84A7B9CFB088A63ED7B6C91","removed reproducible output"
".npm-cache/_cacache/index-v5/23/76/f7afbc9eb60823c417e5dd1dd2f56b61e1b85cdd840120ff5644e6b03358","A","19E9C9D9FE1F45C4D640285FEFA5B54E77888086E6936B6AA304B6CCC224DDF5","removed reproducible output"
".npm-cache/_cacache/index-v5/23/d7/5f2e04fe73aa013a02edf031459ca2412692ea65964115ebe84f8dd26f97","A","8F5CF995287CB3F6D4FAAEFC76AAF35E91B0C92F2942CAAB8F62DFD6B54C13C6","removed reproducible output"
".npm-cache/_cacache/index-v5/24/53/ea4dd358e11afe9ef68c643b6a7f643c748872d2b708f7af6649062338da","A","88A7E1C7B3B92DE0092298EDDC19E4CED9EF39191E40B6B3C694A11672591D74","removed reproducible output"
".npm-cache/_cacache/index-v5/25/2d/cb27353e382265f8f1860479d989b960c3a951132d731e6cd55a4656aece","A","9588D58698833864524CE90A78FDAB2C3160D566CF0E3054E991AC056397CFED","removed reproducible output"
".npm-cache/_cacache/index-v5/25/6e/4b439cd530e6a38af802bae49d3069b7907c9a582ea8e49f5b4f5c2fa497","A","68BD9144F228E41D503853A81773E07B48346198FEFEA680193EFB089A439FFF","removed reproducible output"
".npm-cache/_cacache/index-v5/25/7f/0b973fb10d0d62b5962532a6e5691f81dd1c20b63fcce513967941450a82","A","24EBF66466B4CF5F2F57FEE236D4B06DFF4EA440E219F06A53210CE3A3930ADE","removed reproducible output"
".npm-cache/_cacache/index-v5/25/98/f306f68eac58ac50c3a0a0453cb8f29d78b9505c01947c965b4768a4e60d","A","D1C2B7077A8E52853B6BDD135FBB4D8922EDC901D5498E3866824639C88581A2","removed reproducible output"
".npm-cache/_cacache/index-v5/26/0b/24a5977420471d8bf54333d2c9356dd18376e0d123b7f3acaa7371e8a021","A","0F1BACF22DF399B7BD12548F2F7DB7FD6F391D6B50DC391799B1A6224B9B8F95","removed reproducible output"
".npm-cache/_cacache/index-v5/26/55/4241a3b3800b61bb94c9b9ac6844bf0dd606fcd266ada3ff5c64d5dd9e9b","A","4B764565F931DE07C45009B2E5FA3A4CDFBC0A62982A4768F73941A7D1407E32","removed reproducible output"
".npm-cache/_cacache/index-v5/27/26/56d3868cdb645b2dd09110debc35e2e7b4e26d0210d08755dce2a8cd9ae8","A","3637378192AF61C51D73053221DB3D2DDABC2DDE2B556B541F5B2391B3A5DE21","removed reproducible output"
".npm-cache/_cacache/index-v5/27/ef/452a94b385f28d524a6fd9178863fe32cc70bc3d94033a3dda9c91b2e128","A","9EDDE01937DA8A9C1925163F13298387FD36445BAD5D33A21602C346EDCB18D2","removed reproducible output"
".npm-cache/_cacache/index-v5/28/36/e067187546f18acf472620d277424026dea375fad831a08206242cf8388a","A","C0EC24C871397BEBE9EE6C4724996E0AACC2CC3B2DC22B0006D407EE0B097A0E","removed reproducible output"
".npm-cache/_cacache/index-v5/28/af/3f5b8e1c4db46b2c24d0264a2bb8ab473f22a4f13707d911085e0a717fb7","A","E27C42A36028E5BFDC448C8A4349390D9ECA6940641BF3BC3216A34B8740D91C","removed reproducible output"
".npm-cache/_cacache/index-v5/29/da/115303ea18a519131a06a54e40e89d11ac3d6417db6551daad7b909f4d80","A","65F2A2FD6A5C2C45B8DF06DA6165E884FB753C6676CCD20AA303535D6051B102","removed reproducible output"
".npm-cache/_cacache/index-v5/2c/24/e89f8bf36bf4f4865512579b711f7cba1f7f3a4cc4d8b133abb9793b0ea9","A","7AD828DE5915A2FF6D0CE28E5B19A77B6A05EA6BF18744B1D255A75B5BB87A78","removed reproducible output"
".npm-cache/_cacache/index-v5/2c/93/f5329e57963916c1eb9beb848d4638fa4ff009c3e18fd8ce32ca7ae96562","A","3F2C3217EBE6F2A9CAE3F0CF645EC140BAA985B4415B8313ECDF14F46A6CFB4F","removed reproducible output"
".npm-cache/_cacache/index-v5/2c/a1/b2ef5a84c2eaaa7d05e56b8cf6c031a281ad250ad82994ffd1323d790201","A","BBAD134E5020FE9CAA0B0F48326AE977BB2853FA000A95EFECDDB0C6F12143E5","removed reproducible output"
".npm-cache/_cacache/index-v5/2c/f9/20d16c52be9b42b0c2b4a86e73dc28b9c7f23537444e104f27534d587820","A","DBD7EA108E43846EFB4A7A06B39EC0BB82DBF774EBEAD667826260B6FCEB1011","removed reproducible output"
".npm-cache/_cacache/index-v5/2e/3a/c509332d105749ee6ad9a5173a4a333e8389c76bf55675e427b7ab73ce84","A","A12A8BF55C575EAA6160CD957825751AF894B85DF116B6FA8A0C85FB669E68EC","removed reproducible output"
".npm-cache/_cacache/index-v5/2e/5e/7c6ad49d70eff131acc11a5b821e3d9d46bdb106b01afd85b2b5de6b2204","A","7E148B3DF0DBC98B07D4BF9605EBF78D06843120A4C88369C7DFF9AAB233E3E4","removed reproducible output"
".npm-cache/_cacache/index-v5/2e/86/d58fe2be36e5639580df6b5249e716b6438c07d4ab7a4287ad035afa241c","A","FC591B8FEB1349FD2C2A9625D0B22BAE0FE032986947CB30CE0F1FA391357C61","removed reproducible output"
".npm-cache/_cacache/index-v5/2e/c8/cc8592ab15d662d89edc5604d9f6347e26fbca3465f5f245b65eefb11d93","A","79469E58E310ADCDD39F08E05A2B692C874CA08A45BE61964F29B98A3495248E","removed reproducible output"
".npm-cache/_cacache/index-v5/2f/29/c1d8e4e70742299f3dbf9f2274dbf88ecae5ff8309aae09a9049cf2d88fe","A","C1BAC7F1B096C769CD4F2476909C7F3E4F1E1E7649341C15B0A13C594017324D","removed reproducible output"
".npm-cache/_cacache/index-v5/2f/bb/a8d9ea6e8c235c3fe5514c08bdc7576f1cfedb95efbc1d308b93c5866c28","A","123DD33BC8AEF23DBB9A03D9409989555BF44D1C3A0CDB085816BB6762F57CD1","removed reproducible output"
".npm-cache/_cacache/index-v5/32/13/058347097da238cea81d76c631e35309c05407a3baf778111e4723413c91","A","7208ADF54F95FB4D1FC0A76B15619AAAC20868D7A6A9D79FD0E6BFE4D9057C6D","removed reproducible output"
".npm-cache/_cacache/index-v5/32/2f/866427f820f8b7cfc1fb5e22b113fc26c2dfd7a923ad94e2911e74c0545b","A","FCE6FCF6933AB6ED2491314CFEB5DB4232998AC8A1B93E6E73D60ACFE8256A07","removed reproducible output"
".npm-cache/_cacache/index-v5/32/34/344f59e7c22107a2cfca08115e8169ef1be947207defbd43e9cfcc9821da","A","5F7BDB9DA3380C1051AF5419B1098048AAAA886766B04C251880AA0BAB891A51","removed reproducible output"
".npm-cache/_cacache/index-v5/32/a5/70f2d09e88b52e50b4f2f83eb4d09a8274b46984806a4934f47e709dcf86","A","BCC5DA73A88752B4D8A1A73DC57943CAAC14CE98ACAFF0E6CF3494AB9F947729","removed reproducible output"
".npm-cache/_cacache/index-v5/32/e2/5912d88421e6b76e5e0365ae8015aac3093d6e53b5b60fdfa91116720417","A","0FD331A9E172DCCAC3164CE04951B5E48879900F7691125B4FC485813B81B5F5","removed reproducible output"
".npm-cache/_cacache/index-v5/32/f6/c34658b94967a2498f75a66b8ff6c87e60d36be229f7c9912de8f9a258b5","A","1A7CA0ED9C9E4ED70EA4049095BBC5BD791E7776C8E60A14808A773C0BAD2C95","removed reproducible output"
".npm-cache/_cacache/index-v5/33/0d/aee2258d65148542a94d8133e0db3a0d57e2817555b89709243b5f7408ea","A","AEEBEA3C0A11E07205D45B55FA28AC70EC0532B9A774A7B455C7E8135043AA4F","removed reproducible output"
".npm-cache/_cacache/index-v5/33/cb/15c4c608546e055e6cd46e800ededdb9add906a476f117c988c465f2fe0e","A","C2A469D36A216B440EB0D45B87A7602CC99E5802AF3A75D42F40FA8ECC0DC0C0","removed reproducible output"
".npm-cache/_cacache/index-v5/34/5d/eb35f62151737cc855d6409377487b9c8ba9b1cf92281a9b8c466afcedf1","A","7D517372456143824F5744CEC1525686EC67D9660ABAAB54594BD39A30B77224","removed reproducible output"
".npm-cache/_cacache/index-v5/34/9e/9b1b5aa5889844cd472441c0c1f23172a8dfb7c90ff4d55a8de845646955","A","95231F746F36E01CF5819881CCA7B8BB48DEAAADCF000B99E2BE387E8AD16A03","removed reproducible output"
".npm-cache/_cacache/index-v5/34/cb/dd5e6f02ebea3574006624e5dd81e72b124d66a1bd1598ab078fda7118f7","A","7A7F8B7D43A10F4FDF2CFBEA5AF995EC0909D65A89D1AFE5C4114E39F32DB852","removed reproducible output"
".npm-cache/_cacache/index-v5/35/40/9889848e5e9736d0707404ef3d9a2961efe4a84000d336e8213c17e598fa","A","AB5E879D48B6C5F177BEE4B03251067066632ED0DD21AF36DCE8B13264899279","removed reproducible output"
".npm-cache/_cacache/index-v5/35/7f/e41f2c2713684e6e809753f5b2a642d98d5d19a1c17c03d0788531cebf88","A","0A70E106C998B8729895EE0C8805D37563FB182B03EBB19198C0C4FC11E4E820","removed reproducible output"
".npm-cache/_cacache/index-v5/36/ed/16204172c2fd41b6d18d24dde353d9bd08b895673283fdee1da156c14ec6","A","4E54025950670A7CAA97EAEB0AD24561485692454874B217FA4FF6676219EB22","removed reproducible output"
".npm-cache/_cacache/index-v5/37/f0/4b0d45835eb147ee433d4548390bb18ef2c8020a975f36f25e27b4ad071c","A","6A6B7E647BD50096C81EAE14732491A5DA03006CA4883AD03FAD856EBE1CF8E5","removed reproducible output"
".npm-cache/_cacache/index-v5/38/c7/a74262390d4e3f32c5104583568f583040f1c8c916ada8551b814b742d05","A","1C81416D538D8EF345D73426C3EBAC22C83999C4A787273868F57DA19708D577","removed reproducible output"
".npm-cache/_cacache/index-v5/39/28/d9a292946693ea5271ca304abbd45f4653dc214f71a5051a6d56259a4f88","A","383551769A2C15F86546CA2C19ABD7228A5296519AB473570AC5A4E2B870AEBB","removed reproducible output"
".npm-cache/_cacache/index-v5/3a/21/946df9356ae372c19a7700e322d8d0276a406143c7375ce22124fad7dfcd","A","88E469607D95AD4AA9D88213E72B75F607D3AC6DAB047722201ABA3D715FA370","removed reproducible output"
".npm-cache/_cacache/index-v5/3c/00/93c9d668eebae769f534de8690878a27588b8e973c64f5d5b4ba31b4f7a4","A","876ABC52808CD040C4986D3F7EA393549D63FC6D0B9B9ECF972260BBE446A3EF","removed reproducible output"
".npm-cache/_cacache/index-v5/3d/08/9b87ca6a90014973aff16ea13860301da35d7e442aa076aecda7a685c59c","A","54B1792DDC5EA15FF9D30DDF418A4E59D0F7528CD2A4A4A1BC27E89593102D52","removed reproducible output"
".npm-cache/_cacache/index-v5/3d/65/fc27cfb6810dfc068ee7d191bef5ae97b790a31ed7de8fff35dbe8ad3aad","A","848FC1482962F0883C19D7740ABA727BDE55370DEB44C68CA38EE8C9A87EB27D","removed reproducible output"
".npm-cache/_cacache/index-v5/3d/c1/96d57df043762abc80aeee968e10b519d9ec1de26b0f0e009f7f4b55fdd7","A","EC92DF502CFCC2503A80A2DF0DF73B2C2E0690D95BAD374C9E4526CCF84895A7","removed reproducible output"
".npm-cache/_cacache/index-v5/3d/d0/639107e3f13a812eb6cb868ab09827c1e4a913b741a0db28c7b348e62204","A","8782ACF1769C9C2212D68CD0079EE518592A55204F16A1F32B46487A7ABAB30A","removed reproducible output"
".npm-cache/_cacache/index-v5/3e/11/c8a8a8262c48e83b6fd62f768ad22af5c71ff9472c30357ba9c124c409c7","A","DC2122DFBC0B35D2DDB3E1F54CDB5284E2DEFD1EA5EE128B077C5C3F8AA807F9","removed reproducible output"
".npm-cache/_cacache/index-v5/3e/fb/16aa2afc1b8ee849bb72ab451bd3ab5e2ea9c6f7cc9c1880282bc6d881f1","A","A18D73516DCAEFA68A78F5DC32865FD1CF3336D8088B1ED3E532545929B9FAD5","removed reproducible output"
".npm-cache/_cacache/index-v5/3f/6b/d5dd1776bc8b91a94cc71eb3a1e40a8d0e261a2123ce326bf670dde8c98b","A","A7C00FC44359146232F07B5C9EF0CD01ABAF820F94A6E5EFA77D174A80A24659","removed reproducible output"
".npm-cache/_cacache/index-v5/3f/bd/b35aa26fd53c39287596a93949ad69fc2a94fe33b5998605d9f1507cca37","A","AB8B5D3DC53A6D8F3CA9B685BADEA66EEC82C3677227C0CD2EC3B5CD64406CC4","removed reproducible output"
".npm-cache/_cacache/index-v5/3f/d4/aadf52099844232f97af818d4176e74a1daf76d86adbc7538e7f2c1e89e8","A","982F6853380AE82F989144C558C6C705E599BE071A37DEE844D64293AA18FEB3","removed reproducible output"
".npm-cache/_cacache/index-v5/3f/e6/7cdb00b4b137b164b1f3b9b10559a879eedf3b0cf20b5e5d81cfc9f8a189","A","12070FC48AA1FC8A07F85492D5379BABA59C57D00DE11B5199B381BB70BEDDC0","removed reproducible output"
".npm-cache/_cacache/index-v5/40/62/d04e75208dec117f72a95a5989f81fac7565a530fd22f70ea5e3abc377c3","A","601741418F4EE4CE813A73D57C425A74996059D5464D2DC5DF112D2996D646D0","removed reproducible output"
".npm-cache/_cacache/index-v5/40/9c/8fae440d9887ac4e0018f6f043dede6928b1425882d1a40cf32bdc057e1a","A","56427D6A6A852A328EE445B523CACCE850FF44B69DA0491700ED536F6DDB3D51","removed reproducible output"
".npm-cache/_cacache/index-v5/40/ac/06114fb2060e99370874938baca4f1a469ff13ab0f337484eb1441c8ff62","A","F1AB801758305A20FBC7AFD56D2A5483441A749854738B83D0F35900F7DDA298","removed reproducible output"
".npm-cache/_cacache/index-v5/40/ae/3297caeecf16808017a479c939430759f9d57eeddc307b56b0995f3af281","A","B4F26D67F32950C32074DAC747CB63A183AB1C398A84872C569D2BB9F1DB252D","removed reproducible output"
".npm-cache/_cacache/index-v5/41/7d/bbe5af5ec32dee78aa818560ae4c6a34374ea86cbe0ed4bdd025143e23e6","A","26B3606D6852FCFFD033632B399C4E8B5581A31140B4FBC2775FC6D8BAF74FAE","removed reproducible output"
".npm-cache/_cacache/index-v5/41/e9/117b08bed4e0eab131e59b5437b3f282263ed761bd544830a76bfb3c37d6","A","C0409157DE6382EEE19E9A2E148C143F4A5E0072E588E528C31601CAC4CCF169","removed reproducible output"
".npm-cache/_cacache/index-v5/42/00/5cc234400b9d39b47da9860d24483996b4f9232ef9b66a12b606a55a0134","A","8BA72CB8C9B9A599199C16CEE493BC07622F026FF94ADCEE67C421F1AA36D4A9","removed reproducible output"
".npm-cache/_cacache/index-v5/42/01/dc4d09c078e5fda1ffd8fe6224f320d36d4c62060b195159c328acfed935","A","B24DB4D5BBC62EE4CE459780F58B36CC0EAC03586A2A448CA98EBA6956A7E3A3","removed reproducible output"
".npm-cache/_cacache/index-v5/42/94/4f2c72b3c5ddeaed00a7c56a2dee41351891da39c7f504cc8240a9c51639","A","EE01CD3C54BBEEA8C9923245944A11EBF67D83648C37406187DA1B0C17949B7A","removed reproducible output"
".npm-cache/_cacache/index-v5/42/98/91ca587de8f2a43a792968c4c652e025455b6bd2ed604f4514936043cd55","A","6395F01EB353782B2CA20028E989B3A32C8B7AE7B5C213DB9A0418FDECD08229","removed reproducible output"
".npm-cache/_cacache/index-v5/43/d2/bd171239b0242c6fb5d0795bcad7f7174caf24b6ae0f2d2d3772067d8312","A","A67845BA9FC86C549880E963182AD8797931FB640B7A866FA324703D98148A04","removed reproducible output"
".npm-cache/_cacache/index-v5/43/e2/4823d25a60802304e58edaa16fb53111bb559d3aa89a535a31db203d673c","A","64886E9B03F0731071438FF71EFD8F5FFCDF3FDB855DA6BA4EFCE1F5A25A14A2","removed reproducible output"
".npm-cache/_cacache/index-v5/45/fe/adf235296be01b455aeb7edc188672c365bed7b65a45675e45779da45188","A","810110E1BB82F4E77EB680928A00F508AE2679DFBE43A1E560522BD45E9AE1D2","removed reproducible output"
".npm-cache/_cacache/index-v5/46/87/de21d5d0acb5b18e75e9e9fbedab515b3a15f2d20926f30a5bbcafb74b0f","A","DA16F78241B61D57858F398AC9F93AD2B834E7B2C0A7497E1C5D6D208F1BE6E1","removed reproducible output"
".npm-cache/_cacache/index-v5/47/6e/0184937fde98938cb062ec8293fb6a17fcb7da8963a6d525de3f86b642e5","A","37156CE2517BAF3AB548B88C6E3416AC7B5D820D3D143BA1FC6B062D61CC7FB0","removed reproducible output"
".npm-cache/_cacache/index-v5/47/f8/c8d4583d3ccd74993cd4f903c6c061c4ce30fbfede60b4bb8856e13cfae9","A","93FCF56380A01E9ED08CAE999379104C2FBE16CAD82369CD5A2FB13F8E298DFA","removed reproducible output"
".npm-cache/_cacache/index-v5/4a/20/c8968ba9feb10004e7c9d0d9dbf5702f31bf1875f7af22100a3308c25343","A","EE33795EEF91809FC88006FCDC26593BF9A786E93BBA40BB3E27E5561E965D91","removed reproducible output"
".npm-cache/_cacache/index-v5/4a/de/aa628f43a9795eee281604e011058393572a6a3b06712cb10d04bcc64997","A","9396B0F92A398D950114799CFDFF5B8ECC1C5C815FC802FAB62F07745A064B1A","removed reproducible output"
".npm-cache/_cacache/index-v5/4a/f9/db09e99d2fc4b9d471366260d48b659687fefb56966562f29c82112f99a9","A","89372E25E9D075D79AF52FF0B0A9BA4130865535333E2064654C9F6F10F2B8B4","removed reproducible output"
".npm-cache/_cacache/index-v5/4b/3f/2491a48f50be25a8213ee0a1186e48b2141688c4b926158ec064dbee258c","A","A94A79ABDE3F976D86625DA0F28A50400F7E1E8B13DD57B947BDA752A95A0954","removed reproducible output"
".npm-cache/_cacache/index-v5/4b/4d/ce47a91aa4c10cda303c5b693122434fcebd897428fb2d4b7b305796453a","A","42B040DA524247983D9FA6BB4B301ACC4AC8E9571D9F22485056E3EC79189235","removed reproducible output"
".npm-cache/_cacache/index-v5/4b/ed/35cb8b23ae64f5467e4748e13214ac6208cf6c4330e3bc5a2a28b7b96aac","A","E6E2202009CD4B66A1456E890D406110E55AE87BED1EC6AA0E47CB398EA1A59D","removed reproducible output"
".npm-cache/_cacache/index-v5/4b/ef/4d13d8b7a35cc9a2fd7d82bdbc9528f60a89bc62f668a91002d724665808","A","E7D9B5AE7995E2BB044B0A6F1AF23EC1F602A8E87644CAAB76E5BE33554C13FF","removed reproducible output"
".npm-cache/_cacache/index-v5/4b/f9/b76c81c987c93bb0106da040b3ab5ecf81a25b7a26e02f465029ed4d6798","A","745DEE97CEEDADA6AF03D3FB298BC9A30D9E79AC67ED190875E0028F650CAD5E","removed reproducible output"
".npm-cache/_cacache/index-v5/4c/14/5238cf24a84cee3d24c880fc5192e80058229370242d7e87909fd71b8124","A","A6DB7B466A403783BE3196CA73FB0FF70D210B9034D49C903C5C63625E9A49E3","removed reproducible output"
".npm-cache/_cacache/index-v5/4d/d5/67b6cb3b440f334679b300b3eb6611e1f87ad7dfaffa813d4077c45163df","A","DD5DA5BD98AFBF56FF2E4E6E8703BD1537C0BE87A7DBD62BF9D22920C253776D","removed reproducible output"
".npm-cache/_cacache/index-v5/4f/dd/e55a8cef5dfa95b16aca97c6916f0e1c92608aa75698ea48cf049c63ed8f","A","D108F0572DD0D80510120821D130B35FAEB7FDA5436CD44FF2EAB76E275795B1","removed reproducible output"
".npm-cache/_cacache/index-v5/51/31/5b5ae3a9297c0fc238f07e43e99c3bc1995cd72cbbd2b2c7eeadb73b18d6","A","B6C4602A7C8467F43CAF4DB8ABE663F2064FEA3DADB3E0854034922D823231A9","removed reproducible output"
".npm-cache/_cacache/index-v5/51/7d/7fc8fb088ff37e4ff427d1fec06dd168abfd2fcda2b0ea1489ca5010fb91","A","5DDBF9ABA44D1F3810FBF7F8C8367AAB7FC788AAE7EA1D7C827C976143233895","removed reproducible output"
".npm-cache/_cacache/index-v5/52/1d/cece4a065d9009795606216ee3e75501611290013df6fa0039bed9edd10a","A","CE5A173A051B9FE72E58B245722C4778C89A5758014F2993783D8E5E407CD6B0","removed reproducible output"
".npm-cache/_cacache/index-v5/52/4f/f8c9418170003b9a73b0d337e40fe740f2ca760dc9dfb88862fd3fdfa394","A","D5F98392FE3D7BFBA24F7DC431547D588E0EDC516F1911323D4E3476781A6D54","removed reproducible output"
".npm-cache/_cacache/index-v5/53/58/c1045e828e8bd90f1df1526b6f6421dd096f8bd29809058a7a4a3dad4900","A","13F4AC22E5B5D176968EC62C4A1BB92232C8FC7EB3F034B0D9071D4B2C8C6801","removed reproducible output"
".npm-cache/_cacache/index-v5/55/4b/4d855dd8d61c847d498c12ebf5b56c4b2c52a793ccb85a93ef8f4050f6f7","A","50B0D553A3216B6038892B6CCB81FD9339E764A5B1F70261CBA6D22BFC35C28D","removed reproducible output"
".npm-cache/_cacache/index-v5/56/02/f7c9e3404de9212aefe3706d0ad202a663b6af36dcd7532e19428d480a26","A","76AF13A37A7EB9F1CF759742235381E0408B0BA8DB3FBC495B8CE74C6F8665F6","removed reproducible output"
".npm-cache/_cacache/index-v5/56/71/fa4fe23b6bc134c60d26da3033c87003fb50204af907f8ec32c9a7c9e48c","A","96A96DA6EDEE44D5EF859C87CD00E4D1573C13F24C34C6463D833CE402F6C6D5","removed reproducible output"
".npm-cache/_cacache/index-v5/56/93/0dade3cbf25195a59a6edf940fc7a10245780b960891327ac4d847efcfd8","A","4DB238D75D42B29F3E58A152DE018B7A4BE5D4B36E69061E00CB41C758DF5FDD","removed reproducible output"
".npm-cache/_cacache/index-v5/56/c9/de2276c74e2fe3a07cb8211b44fba44e737188ae66d06e8e43e28347007d","A","34C583A2C5723A26B3F5C5F44A6CB75C9DC067C8474ABF4B93A5DD253FEE5770","removed reproducible output"
".npm-cache/_cacache/index-v5/57/0a/6781167451e1eacefc4e29204b2912ee813aac73489dbafbfd555a960ad9","A","2EA7F9E2F143A98242996D3AE254AB998352C8D1131CE4F37F657BBF14EBF12F","removed reproducible output"
".npm-cache/_cacache/index-v5/58/85/6fd694af3f2a77a99b7f63d7eeca0a3d895a46536c015370e462365772e9","A","766701E292B9C7F8D95D99D00CBF0DEFC5B06A714D1FB79002A39F8E1E3F2F97","removed reproducible output"
".npm-cache/_cacache/index-v5/58/92/5799a11997482f78a71307f2134a84b508b74d7faa3535d40d26c6261638","A","1F2774386CF36ED90C0DA6AE2A2715C3623CCBB072B921C5AAF76E93775B8A5F","removed reproducible output"
".npm-cache/_cacache/index-v5/58/f1/7d7805a6a3ba918b6e895363de6f0ed5fa6a997336544fec222380e0c9c3","A","D830BEB2454E4C41C1C9559375BE1CEA3EF6526828CA7BAF2D8FDEC5E28D14F7","removed reproducible output"
".npm-cache/_cacache/index-v5/59/9c/7af53f76f261c7322b7d597a6c40a01c7835a0bebb5ca909de3af6a4ee4c","A","A82EBE304982C23AB44C451305B68A2658CAE2B309844EE42895A4AD79ED5944","removed reproducible output"
".npm-cache/_cacache/index-v5/5a/17/607f5a3265962bd5763fae1eecdbec14776ff5bf015895d49058d7fd7943","A","976D65FD8633754A6938AA7C2E8A4A20F535FD9FB2AED612E57B4233B8F2FA0E","removed reproducible output"
".npm-cache/_cacache/index-v5/5a/48/df2b2137355548fc0e2edd8c75e03ade0d1036d9466886d3c4f7ea6248af","A","03A643070AF7400585D4AB76C26A2C7917CF5C825CA948B72F1D67A8132B5AA8","removed reproducible output"
".npm-cache/_cacache/index-v5/5a/82/bd12d054b53f44513ac597c91d970f89cd963a5a3836f46634ad3c4bb4dc","A","732174A3D1FCED68EA452BEE3094828932E34D8933D35C9343878E78CDCF5512","removed reproducible output"
".npm-cache/_cacache/index-v5/5b/3f/64c58ca19aebcb3222fb9f0b41d663b061a14435ed65fff8842ae64f0983","A","44892445707E7A1957679352A3F0169A1AD8249885C429A77B6403BF5FC0E0A2","removed reproducible output"
".npm-cache/_cacache/index-v5/5c/b3/2449fa75d05c3ff9cf254624cbacc34815cd86cb3f7e864efbe1a7894c0d","A","BF1D6BC27DB5E3A79C0F3EEA8A89083546B16F1056BD93331770D397DD94149D","removed reproducible output"
".npm-cache/_cacache/index-v5/5d/ca/dd768365891131c33de2384c9317a2387fedcfa1ab7543a8ddff758b1f23","A","4426F22A5B64D920E4151795EF93B325A3A18E3432C52A53BA63158D4EF3F249","removed reproducible output"
".npm-cache/_cacache/index-v5/5e/18/f5beb34f0d6a2dafee936528d3527e046ede32ca2c84f1673129fc38ba37","A","B801EDD43F11CB96C65D24715531036D3A233CD498291BC4C72A9E6EEF7C04B5","removed reproducible output"
".npm-cache/_cacache/index-v5/5e/1e/ec73cb10b2f32d6e39ab917041d3bb996ae7791a73f4dfdfe4d81b144894","A","D5B5FABC4F1D68E78C876FB8DB1B4A6347EBB2637D38D103F83B92D2F44E8500","removed reproducible output"
".npm-cache/_cacache/index-v5/5e/ca/e43ea27e40a4ebc3ba4102f20f3d6796415f2f1a4f9f0dfae93d933b0ad6","A","720DCAE05C5594EBF44A570D9F8B4AA85DC6398B284EF3F2B55CB63ED0702BB8","removed reproducible output"
".npm-cache/_cacache/index-v5/5e/e7/453bd89145eccf9d67f5797fb09e5a017b5b13f1ac45cb7b70bda45940ec","A","DFA3EC8E63B92A65095886896F19F95EA71A4990F32313C2C554E413B1D02E14","removed reproducible output"
".npm-cache/_cacache/index-v5/5f/23/edefb754cb83d9f1e8d1ebd54eaffd7cccb509b8649ed9a33598b6c8959a","A","17E4CDDA50CBF00F3F186F4EBF3146F749F18F23F0BCA9FF368A317721853073","removed reproducible output"
".npm-cache/_cacache/index-v5/5f/54/3138ee53103ab2efce8bd66b74135b337b6169f3e08b3f48ec9551a510ba","A","5408EEB6989E51BA181AF96FFB26BEFDF13C43FC5E122244BB331D4EE641454C","removed reproducible output"
".npm-cache/_cacache/index-v5/5f/8e/e3a0191eb5cfcb52539d5ca138ffb113dad3dc2552b6863f6f57bf82442a","A","0269B082E6DADCC6306B3D8BCE977FA0037A603F5FF62FA3E66110871950DB75","removed reproducible output"
".npm-cache/_cacache/index-v5/60/cd/ccf24592eab52afe642bcb1a895ad8961160834181581ba9784b2701bb68","A","8F5B7C4E821C3EC6CD7D300B9503E0D7C6BB3FF84709E15AD33A94F31A7D5895","removed reproducible output"
".npm-cache/_cacache/index-v5/61/1c/30f30288aa0a493ca72bad1e5c627dba4a251b625d8a0ae297e395dfc15d","A","C1796A920256339E3A3C5B3987B4C15F9FC5B49462A917392C5D0234BCEDC99D","removed reproducible output"
".npm-cache/_cacache/index-v5/61/74/8eaf55954e0c404a45bfbd8959f8102ad3dd4eb735d19ed4bbcc22718e55","A","9D8CE77022275751F34AA4C19039ACC694E3843448299FAE267E55AC750C3777","removed reproducible output"
".npm-cache/_cacache/index-v5/62/1f/67ce826ee436322a29f15679f982de17704f76557ffb3d73d932a4944c7c","A","96FE9941970FF3F1CD6074627DE5DF4CC9425285791F278E01EA436F1D422A6B","removed reproducible output"
".npm-cache/_cacache/index-v5/62/82/71d24cf34057d36cf27f9cc782bb6dd446e56a1987513836d5a2681a064d","A","AC29EF8975FE829B23D16FF5D51C424504541BBE56EC48BF1A2908D8731F4F4D","removed reproducible output"
".npm-cache/_cacache/index-v5/62/c6/c7fa8f4763ce45f543d6952e5a1787fcb67fff9e7372f0684fe68cfbe342","A","5B307C1D515E7143BE389A69FBCED606D7F6277D6243DBE115FAACF1E6285C83","removed reproducible output"
".npm-cache/_cacache/index-v5/64/20/cd30ec1843c376ea2ec9b3afd2817de640d9b9c2508ed91161c606a2274c","A","A0AE66791BDC3597A9E5F5373E8A1B46DE7D96287E904BCB6BC888D69EC42600","removed reproducible output"
".npm-cache/_cacache/index-v5/64/28/4183798f556762dfd1ae2767389bdd90c1faac9783face50292324454f18","A","A9C6A2F3CE73A6FD1C790CF97DBC191297EDF78DC99789039678827E76D992DC","removed reproducible output"
".npm-cache/_cacache/index-v5/64/28/e444d001268ef2d4c2a6c96efcf4cbe9d51fdc9008329f7956b60986aef9","A","9F644F0B4554EA7F6A25F9DD87D7C6C21526C7FFE474A95F5E42B79C815D94E7","removed reproducible output"
".npm-cache/_cacache/index-v5/64/67/e161f6271991f87bb5a4edbf27d85d3f19f0bf6e2921baed735581751cd5","A","F87124B7026C900CA66D7657B4CEF377CF798AB6227699E681C4A0D527E24EC8","removed reproducible output"
".npm-cache/_cacache/index-v5/66/fb/4d3930a70353d60df0be46665b9ea8e8808b848ec06baafc97a7664eac0c","A","45666FDC9984BC1274B6406690C99003BEB423105984536E13D46FA54971E94B","removed reproducible output"
".npm-cache/_cacache/index-v5/67/5e/e54df92ed7a98ac101755877b750a30fb3b2526095c8c89866546209a91e","A","BB168F660EFF3B519DA571D2CAFA04C39EEC05A763C33E22521984F944669075","removed reproducible output"
".npm-cache/_cacache/index-v5/67/a5/8d770b79411452d40f2df49e0182bfdf78fdaecf3c33520ecaca058d94d9","A","7A63F77BB50C0B5519C937FBB5086D63FB05708B15EBC02874A54484FAAFB778","removed reproducible output"
".npm-cache/_cacache/index-v5/67/bb/1004f1a713ecb29b01260615f4929d736015a31836a13ef25567ebb28f0d","A","A054681A139FEE5233F85B3D6C57F599A1EE59379395B94B16FE37754795D1E7","removed reproducible output"
".npm-cache/_cacache/index-v5/67/f8/ae718527d2b9bf7fa981d80037d5b2f7b34f0e34a76fdd3bc9b604b90077","A","A2DA212C614F01BB542E9288F4070DAD4203AF0E632AC469E9A8E0A03FFD2392","removed reproducible output"
".npm-cache/_cacache/index-v5/68/00/fbc360edd65370a465c33b3a28e2475e70476d9caea90405b8a4762d210f","A","2CC8F767E03D4A10DEFA080DE0F0BD558304B8CED2C8F93D068D1B0AE5BE01FF","removed reproducible output"
".npm-cache/_cacache/index-v5/68/c2/0a236f1fdf44feed66ec1b9dab2205deec1dae33c15de2afb2807e1fbd72","A","D110068D4E61E23F6C20F1EE22021145F50FB3D444D261CF40FBB4928C482FCB","removed reproducible output"
".npm-cache/_cacache/index-v5/68/fe/98b94b80101e28ce4c126f11487f2172095b2201999f08bdee70cf6ea2a7","A","59D5F9328572650460FDF480CB0C16D8781211C4E1A33A7456B77250EC694A5B","removed reproducible output"
".npm-cache/_cacache/index-v5/69/03/017c2f73ea390076d2ba9241b1efb8903d9fc55eae5f5709c215a6fa7b60","A","A1F1F283F7F430318EAC4F10000516099B1FFE7911BD6EC3A5DF60C12D57F5E5","removed reproducible output"
".npm-cache/_cacache/index-v5/69/33/b968e19e42cda755b43c4bd1e354056b2be0e8ff44896e82e4bc9fdb6322","A","FB186C5A0C483AF51EE5F063D898AF6B49FA1585E8185BFA41A9671822AF6778","removed reproducible output"
".npm-cache/_cacache/index-v5/69/d5/0c9c490aadb716682d8b29edd42f1a4f7b84c17046376df2ab1209f7025a","A","A388C5100D7EF2BD6270C7EB0C6F337ACE6BE1AD2EF04E41B40644665D075FF7","removed reproducible output"
".npm-cache/_cacache/index-v5/69/e3/1018bd2617c9bf8a0c2742b8d6db95d9995670b0e195cb06cfea9d61c009","A","692E4FE1EF24BF446423D9DB1256707054484E6A9DFBC807EA6AD6C9E93A6829","removed reproducible output"
".npm-cache/_cacache/index-v5/6a/b2/cff74a8452b6159ec5df4cd310e05e05bfaa99de31da7de4b5a7a7a849d9","A","DAAA2508EBBE4CA150902B24AD18C21BB46F1C05FD09A2B8A40D3B364DB87401","removed reproducible output"
".npm-cache/_cacache/index-v5/6b/1c/47c528546e41335c1ef6f76d249265e273eec4612de6394493645174bf55","A","CFA844F7AF18002E6DB14B853953B6B670D3539F8520CAEC47E389632DCDB385","removed reproducible output"
".npm-cache/_cacache/index-v5/6b/33/9648614194cfe05bcf87e96e6d1a9d596eff2ccd2be75d5a63840ff5c5fa","A","05DE769FBC3B77F5FE7F4FB2EC061BE7EF1A73B7692F8B9B67EE89F6321F5585","removed reproducible output"
".npm-cache/_cacache/index-v5/6b/5b/98297e6e26efe4addd84d84e25a8bf62915b2e624cb0e7cbe91e9f5d5dca","A","BAE44678EA262BBD97632C99F41F5CA26B17B26BEF7E8BB7E077CD25BF7477C4","removed reproducible output"
".npm-cache/_cacache/index-v5/6b/96/8af21194b7c666dcff699b874730170edc9a2670a4d17bf4186649ee9fa7","A","A5A239F30FA4332A75FD3B68F9116EC791EB19A09D7139F0B3EDB4EBBFA45103","removed reproducible output"
".npm-cache/_cacache/index-v5/6b/ac/873bbccc3b70b17e1c1fbddbda99b69f0d507fd8d12442008ee2f2518c1f","A","6C095944D3B517E645B20B3C660BA11E23D1147D40B07D4A5483E82635B6198E","removed reproducible output"
".npm-cache/_cacache/index-v5/6b/f5/e2bfbf2a9b9de78ace1e712a95ba76fb58a63f8b42cd12630e0aa7407cd5","A","5C17B1885FA78502C3D0E07256B568C12D454BBE327F6A53FAAF7A2AFFA28D4F","removed reproducible output"
".npm-cache/_cacache/index-v5/6d/01/b577f64fd528cee2f73c6aee0a2ecc4a2cbc6b84d45827f8d411ae728a26","A","C5382088132DC6AF28B0F774A98ADB8D1CC05BBC011E398E8BE0E65ABDF2B63E","removed reproducible output"
".npm-cache/_cacache/index-v5/6d/24/c8204a7e9f01af5962be815c108441fa590d580b53700c9a5adc145dd65b","A","39AAFAD707F6E9D54D85A82AC5A5508B8D872627569603717F10C977CEB04E71","removed reproducible output"
".npm-cache/_cacache/index-v5/6d/52/38185a6182b640b9b029914c320415cae3a1704ac6bf68cbfc1dcc56bb65","A","82994476EC418DC5958D897263F08E266E2D7AD29BBB9E12C89FB12948859FF2","removed reproducible output"
".npm-cache/_cacache/index-v5/6e/a9/7ddb4c1006d61ed231108052ffe4f8fb3ee024ada57c80b415f27b2c77c0","A","A56FC707617CDB99285040E6F4B8CF819781A85AD191E2C308D0BB47A4DE3005","removed reproducible output"
".npm-cache/_cacache/index-v5/6f/19/e503c2cfea9314b41c75b5a2a847575b1d21f04f32181d239414893108b9","A","21FEE5E54040BCDD9A1A7CF7170DBF0440C09A7540FED8552995326990D68783","removed reproducible output"
".npm-cache/_cacache/index-v5/71/33/eea78b5be68d5d93a7dca0ff9805a1cd67e7f4b09a79e02707997799412f","A","D78C153922AD36CED379BA142F5B87CC2A0E196DAF19B4E5FDB97E0F58896C38","removed reproducible output"
".npm-cache/_cacache/index-v5/71/9b/575503a996b3678372373e36b1adcb0ecf0c5e27804be136f2f9b46a57fa","A","30B8C71C62E3DC96A2B69E7EF890CECE45C924E0734B322E63C1DD6342FE4B05","removed reproducible output"
".npm-cache/_cacache/index-v5/72/6d/1f762623db4b06a91bc30095cbf96aa9a8527cf43bb93f9d2f30a3585d5a","A","CF1F66F1177C0C140ABA6E16D6534B8B7AE4FEE2C32CAA30D24E55A4D0C088D5","removed reproducible output"
".npm-cache/_cacache/index-v5/72/6f/7551d241cb30c6b780bfac91fe638ab4ee94cbbb639305be492e439c37b0","A","8FF8DD7CEF11868FCF33911DCBA82E31F70A00C5AECCC16A9F022E4A8A543458","removed reproducible output"
".npm-cache/_cacache/index-v5/73/55/335386b9a8c14140d77a2413e029cb68ba1c9b954933ac808eca4ea75ac2","A","3D389E8B3CDEF1053EA68A0A24FE6A5ADDA8F7C327E5F1F8C23D06CB68043ED6","removed reproducible output"
".npm-cache/_cacache/index-v5/73/f2/a11cb0b72c308ce6cafa4abb9e7c0ed911c6dfaf8156ae9831a6a106f152","A","693304FC83E62A38A3DDDCAE630BFFEDE013E5706D7E7C5127876564607EC447","removed reproducible output"
".npm-cache/_cacache/index-v5/74/23/8c679289b0d93fbed2177f2fcd6bc86750bbcb313235a7da159c4146f036","A","CE42CC5DCCC5858D7514EF9E52E6C28BFF37EA6BC906C0479C787690207A3D90","removed reproducible output"
".npm-cache/_cacache/index-v5/74/8d/17d5aa3783c612239557f251b2be4fdcb43aec68db7405d1d6b7a9377c5d","A","BEB49DD8EC349629E0BB4263155EFF2543483041B962E95EC7232DCAA036A0A2","removed reproducible output"
".npm-cache/_cacache/index-v5/74/bd/cda65b1b0e83fafdf0ed9f696c380d74b09dc3082571b381c14b1454ab2e","A","9C5B16C90B83FEB31CB745FEC5A8E989875CF654F5F31BD1E61F45C1DD7AF00C","removed reproducible output"
".npm-cache/_cacache/index-v5/75/17/fefef5c06cc570a726f66b226d6abde231b9f5de2ae35354240c598b5518","A","3B60B24603BE6ABEB89EA8F45A94B85B8D953FFBD15F7683A1925134DFE9D23D","removed reproducible output"
".npm-cache/_cacache/index-v5/75/80/cb6c0b0c6d7dc576c597ed010b5095c0bede39e3cb4f284c07f9fb6340d0","A","302A81465DE1524D3AF181F939BBDF3945346F9878C902DCE901FE30BEFAA25A","removed reproducible output"
".npm-cache/_cacache/index-v5/75/e3/8a67a6a69c573e507dac8723fa56c0451c1ebb42aa08925c3bd37a8435c3","A","EF56D476907C479AA6E82FDEE615DFC360C3E1BD5A36853682571112B8019BE8","removed reproducible output"
".npm-cache/_cacache/index-v5/76/03/9338263eb3f98ca2bd181e7694d2f112d9868bced8a4d84b4999a6dc4f71","A","E2EE5242F72E9332576175381ADD37E43C0A6C86497656FB3FE727854CC17973","removed reproducible output"
".npm-cache/_cacache/index-v5/76/2b/854aa93b6901d2368940ed99065ffd2a32b7d454f6959db3ac88817affd3","A","08AC0C77278DE10C1B6970D45FD6A30C415C9C87D6697C94C7F4D557A54D39E6","removed reproducible output"
".npm-cache/_cacache/index-v5/77/6b/29a46658abf61c9719df02da136c280351a126f4bf1dfded33238ec0f0f5","A","F4E462C86D94FC0FA02F45CCCEF6C36AF57E9B406214EFAD4B01D42DF52C8965","removed reproducible output"
".npm-cache/_cacache/index-v5/77/9d/c32241d58c98717ee40567b3abec6869e5975d362dc142e14ef77a7f9f23","A","E617BD157756F7C9581C1A774659C855916682AA743F8529A17A8765F71C8668","removed reproducible output"
".npm-cache/_cacache/index-v5/78/d5/a9e12d3ced7a032b7fc3f8862a6fca7478e411c879317ba317bf13e31311","A","D903BD0640EEF36696FF96C8D7A0BBE9DE2EF8CBE9563572CF4D9F8BB8A55F95","removed reproducible output"
".npm-cache/_cacache/index-v5/79/23/3b5c4878bcc451766f7bcf5df7d2a4999739fcb2e30c1dcf6d759fbf963e","A","C33CC57702CFD12EF4ED460776099B70E69D13835A7C82467BCF140DD6A0FB4E","removed reproducible output"
".npm-cache/_cacache/index-v5/79/2b/a261187919d92768a88a7dd2d99815ee7f043463f14693e43ecf6ab9a13e","A","A2A7CC2470696D24E675350E316DC6C3A00882994B38B6C0589D064070D0740B","removed reproducible output"
".npm-cache/_cacache/index-v5/79/2c/1b8b1376c8c01c5ec7a454d3e15de59e0b9e9759e78c70d1aa16c6964d74","A","66EDCF4158BFCC2927AF4EC5BD9C8AE0B76895AC271CE9BDE0A0F7F1067A4002","removed reproducible output"
".npm-cache/_cacache/index-v5/79/fe/4f70ccf5900102da6db2b64244a530221adbb1249bea4816a8f8ad01ac9c","A","9F9C8145C1DE5A90F9AA75AD54DA1C3537F7F0FF795637B0CEF9F36C81E255EA","removed reproducible output"
".npm-cache/_cacache/index-v5/7a/bf/86f09ba3add65692315777a9d471022d632fccd4e09cc1f5819f6b259b2b","A","556F0619E5C0D5530DE1A16FB9DEA33F4D2596C34C4D975FB7692E49BD570813","removed reproducible output"
".npm-cache/_cacache/index-v5/7a/da/c99fe20ee8c4a489636364819eeba7691d224f93b56f13b9d5cfd1943647","A","03967E096FCE7381BC1E8FD9F93DF5AB9A56C0FB386ADC66E1246DCA24D65AD9","removed reproducible output"
".npm-cache/_cacache/index-v5/7b/9d/e5dc25964da0a27e5238a769ac1ad4eef668f182ab00664b3ae11f47bc11","A","E1C9D190D2B2DB94C89D778E0F9DDDAA24685F3FA44013AEE3A691EA3FBC4F8B","removed reproducible output"
".npm-cache/_cacache/index-v5/7c/01/a2c7cee872051584ce9afbd7cd92701c7fe77cb8be37a304f4703459da8e","A","B68FA4C12562DE481AA1820716A7095C6F176884519D2D8407FC1FAF4F45D69D","removed reproducible output"
".npm-cache/_cacache/index-v5/7c/22/e50fc0132ff15f9bd4ffd260aacb79b3ef25c78697efb5381a263eccb2b3","A","8D703A80419394F6C49F0C8D0820E0E64C5277E81239041B315FF477041971D9","removed reproducible output"
".npm-cache/_cacache/index-v5/7d/65/c2c4e4cf88f6f5a26a474eec1eb28a1a0c087f156fa82df974013a50081f","A","3A1084F59FA10FEA851266816A5E88D1FD49F7E9EE8D0B1D91F1828217C10BA7","removed reproducible output"
".npm-cache/_cacache/index-v5/7d/93/968e7c82870e5488794f97eb86e45cd2e8b7e4261b666ee8cab6dac39d90","A","11B4E077A2D4CADCF4DF50B65663B71495B7AEC308D3F792C9530F4B872D05E1","removed reproducible output"
".npm-cache/_cacache/index-v5/7d/ad/be90b3954e2f6e7b35b521e65a5016fd963aa11c3d6c88ccd9e0b61c069e","A","E4E4BDF49EEF37B7F3EA47B57C99D9AA2162E0C4B9134F45EFDDE8DE57CFB8E3","removed reproducible output"
".npm-cache/_cacache/index-v5/7e/07/65fe6aec50e6ca1c411ea339a5cb928a34a889783d2a617f9257ef499b25","A","4D845DFC875C8E8CCFC10EF60998458BDA3D7CA2D897482BC69F5C9ABD0F84CF","removed reproducible output"
".npm-cache/_cacache/index-v5/7e/1e/297e6081f2050d08959be634218f7dc79469d7a8742e8eb0d087205d0e19","A","A979A45AE07F7BA48D1F55816976028AA586657ADCD921CC46135067B78D3340","removed reproducible output"
".npm-cache/_cacache/index-v5/7e/3d/652caa0e835da5885a5a7d73c888a86803c16c6a3d1c0e56afc5a65a72c1","A","0C86CDDF2F91DEBD83FEE63B407E6910809542ACDD1D2E21F43482216CDED641","removed reproducible output"
".npm-cache/_cacache/index-v5/7e/63/9c312bb275081a100a2f4ee0049329b3d966da3c1f0fb4e9e828e10b1be5","A","5F1ABB7E5352FC7B92746EE5410E9F4D4A49C9C6E43EA2EEC82CED35EF8C3919","removed reproducible output"
".npm-cache/_cacache/index-v5/7e/d7/0ed379d5ee056335ec9dac3ef37a1deb5f65088632d897b46e8e95cb3d8c","A","8198AB52A6E3986DA1C3752876C678859CBF98DB1AC9CD9EE5265CA157352F3C","removed reproducible output"
".npm-cache/_cacache/index-v5/7e/e1/d7156880ad5c5d031b02bd4e7f7c2a6d0c0655146a4df5647682be15a6ba","A","E5212E968653E1D2AE6C6F0A4EE772EC5372CD308E52C086EFC574E9D4D6A21E","removed reproducible output"
".npm-cache/_cacache/index-v5/7f/95/4d69b8db6ce7dca3ac1c71b6dd6b87557e202a0b36261a8b325a90ddfe5b","A","D56C126D57DA238E575299AD05D02C832FB42AD47A236E9CA3FB8CF60EF8E121","removed reproducible output"
".npm-cache/_cacache/index-v5/7f/97/e83bb239b55df05b4811c3e3a0a8e00c0955ff7d47ff9cbff544628f1e6f","A","B08319C12F7966C5BBF263307413A50623F8D25330CF00A681C7ECD479B4025F","removed reproducible output"
".npm-cache/_cacache/index-v5/80/76/29d07ed3ad0803e6eb0ea33c2a069e1114a8ec1d81f2c80c48f58fba35ec","A","A9064D806BD077208ED8D658D9A773A8A6F2DED2904E16CE2F6B346F3926B4A0","removed reproducible output"
".npm-cache/_cacache/index-v5/80/e4/331538bf699777633364d789a4af835fdf25af69c55503330076d13a9512","A","94819745892EE31577A9DDF8091582D01495D0D2DDBFEC45165563CC1DC13063","removed reproducible output"
".npm-cache/_cacache/index-v5/80/ed/8c7ed40b908c652ecfdbeb4d82eafe4d7a72134887aedd40b65ea9e2741c","A","ACA488B3197B6A2E4E25CCEDA9BDA682B66A2AA2E092DCDDC2A60AC5C325BBC2","removed reproducible output"
".npm-cache/_cacache/index-v5/81/46/99a7db3a3209b5de2c760de391f5d6844b67a72311c9da9da01366aaa562","A","39DD30A296CAE32B78458DB6FD9AA262FED40EE029CC47F752A08EF87AE28B34","removed reproducible output"
".npm-cache/_cacache/index-v5/82/9b/14cbab914a1f63d40eb9e86f6c8bbfdc77e802c37cb36c66a8d86735d313","A","20C809070673F1B30919C4CCB7A9E4482488D54EFD34EE196F4050F623B9D0B9","removed reproducible output"
".npm-cache/_cacache/index-v5/82/d4/aed451e167a5b0a6599321bfc9dccaa481334065ca397082e26598c17294","A","C972E41E936B7E9771C2372F9538DF6EAB97E8059B91354E3CB42F1B81E290AB","removed reproducible output"
".npm-cache/_cacache/index-v5/84/1c/e3cba7dc37f2ce1baaf03aa20ca20a10ed50e421de0a7234593848b6ad26","A","3FEC05D22450893CA4378742E1BC1D1675493D76178D3747E2127C6A83F4F3A0","removed reproducible output"
".npm-cache/_cacache/index-v5/84/3c/a34aeaf29195f5f9401c15f6857af1bd76c7606e0b093aab991c9bb6dc49","A","A4D28870D3CC31D5CDC07E3640A1F21A24A76D98B121FB96BB92DD866070FAFA","removed reproducible output"
".npm-cache/_cacache/index-v5/84/60/de398e1fb91b3c915eedba41dc530aaca0476a56f861e8425db5a33424f0","A","20201DAB5287780FBD8B1A881544DE63C6D9ADCE727AA285DC525DC33891CD2B","removed reproducible output"
".npm-cache/_cacache/index-v5/84/7d/03a88beaf99eb05fa26d125df78cd442e9d85f7e5661af6021d8ceef9008","A","5AC5DF23C2A91D00BFAAC70000E1D8E0B0B4151131A0B243845B40EF983719FC","removed reproducible output"
".npm-cache/_cacache/index-v5/85/b8/b1ca3753d1cd1c428b248d18f3e58c4e5d1e143498967a41b9106116bd57","A","8891C37E03EBDED0DB5CA2913A2EE6E1BF31E9256342E82430E67000DCD42FA7","removed reproducible output"
".npm-cache/_cacache/index-v5/85/e2/19ecc903e042de66c739013c3061f29cdc16d8dfd107aacc1f8ce3029cd7","A","648E2DB21774DB1016D1606EC357E26D135AC9A4B6008603FC9FBDAB851379D0","removed reproducible output"
".npm-cache/_cacache/index-v5/85/f6/9a496bab0f4a4704c802880ebedbdd97a34757454b529c8de817248ecb84","A","1ADAB58E153A1F5CA40E40A0BFF7D1614855937446F779D9645F39ECDA59236A","removed reproducible output"
".npm-cache/_cacache/index-v5/86/fd/d4b41126b656ac9b1953939753efa0597fd6b4711715ce335ed2a3b0eb94","A","C7F88D4E11067A62AC07ED1F869AE0DE247BDCAA51CA559507A0EF8EB4C9E232","removed reproducible output"
".npm-cache/_cacache/index-v5/87/1f/42b7ca0991314841be90b1c10bb54c8508b6234ffabd309de6142e2634e5","A","8725829E90BE3A2F0E7E064AE5B42376DB277DD432A85167F672D745CDBD2530","removed reproducible output"
".npm-cache/_cacache/index-v5/87/54/7c8f82b15168ceaed681d5d5a26426bbe4add133242752778531d32fe3b0","A","8201C8054851C7E59F60095259BD259F474977E479B783DE86B1F370EE56C8DA","removed reproducible output"
".npm-cache/_cacache/index-v5/87/da/af28f1133468f98432a0caf94d8a9e1a4f1bcd830398a06a4e51d9d17bcd","A","F7DACA6190B55605ADE56DF365AE9358B790034CDD0F2B600E2169BFF199ACE7","removed reproducible output"
".npm-cache/_cacache/index-v5/89/05/7f5b1c22a459a524f032a961bfc12d557754cbf1670d01de840100035dd3","A","6E4885A2F1E4ED3DDF035F242F0CBAC60C45DD7EEC7288D608EDD27C3CF22A1D","removed reproducible output"
".npm-cache/_cacache/index-v5/89/d5/97998e12a1ecffb0639c1687a615449b1a23db621ad1871be41cf5133ffd","A","F6CB8403C6BC42B013D588DCB0F3D2192C9A63EF32E670BEC245530CB90617E4","removed reproducible output"
".npm-cache/_cacache/index-v5/89/e2/73a2c48674c1c8c96bc99a155d1856342fbb494f2a8adcadaa797e12f06b","A","48B9A0BDE3A906D8D761CC08CFC2A8381C3AB991DF077F492FECEE91E8E4F31A","removed reproducible output"
".npm-cache/_cacache/index-v5/8b/93/7b95e0dedcb8078233a6c78e446ab86eeb34fe91750c0e4ce90602a1e1eb","A","0352D4973413B71B125B7B7AD8DF1DA7D6252B1322D069E064CAEF6EEF9560D3","removed reproducible output"
".npm-cache/_cacache/index-v5/8b/ee/c2ea22c4bf9c5ddcd0333850e543442de3364478847c7ebc382b1ff3a70d","A","2FFE0BAD03EF1AD4707CAB6B272833AAB2B088DD514EF8BEE9C6B473BEA66B2E","removed reproducible output"
".npm-cache/_cacache/index-v5/8c/01/4ab82b5e439a01bbd50079b4f2dc4fb80424f5aa0890d6404f604dbafde9","A","F1ACF19FD434B4D7FDA64FE2224064D24AE25A2B8E40A6ED14E585905170B990","removed reproducible output"
".npm-cache/_cacache/index-v5/8c/cb/67976929ccc2e2a9b563f4bbfd3086265131cb09adf646e6bb43c334cdb1","A","5E612DA4CED326326AA7E51A6C1F884AEA656DABDEDBA85F7B334AE2632C7775","removed reproducible output"
".npm-cache/_cacache/index-v5/8d/18/d15a104a0944c809e757c0151fec03c18e6bfd3d1700acc26735df43e79f","A","6ADD54B8AAAD77853F0E2D923DED76631F0CC7CF860447EAAB69FF82B757B11E","removed reproducible output"
".npm-cache/_cacache/index-v5/8d/99/76df126d9b6d7061bf86eae6b8b042ec84484bd9fa245eea8faef5d2332a","A","5E4545DA36D3CC9904DF8D6D368EF401C7C0EC8B06E0FF189A4FDF6941C45735","removed reproducible output"
".npm-cache/_cacache/index-v5/8d/b3/63d81c0dbe3f1f838065e193af4b69922816127f958735517701db92f877","A","0C91C8774F23DA9F9EFC06550B6297B8673588C66FE4A099EF3F43512AC582E9","removed reproducible output"
".npm-cache/_cacache/index-v5/8d/f8/aefda99ca03a1004596e312ea5d597c682502fb85fe4283d6c1079cacd8f","A","3935046567BABA87C3FE1E71C3707303C6F87A0B5F7C9249F8C1F1E25FBCECE1","removed reproducible output"
".npm-cache/_cacache/index-v5/8e/b5/30c605e6fd340a2dc9bdeb395ecc433616b552b29da8f629011db89d1b56","A","29C910AADFDCD84549C48189FA759D25EB77C37252470956E80881A0579535E4","removed reproducible output"
".npm-cache/_cacache/index-v5/8f/34/e10d3179577f8e006cd1493600fe0d85810c31d7c3912d6bab01f327f550","A","02DA5F1C6A28962D86F99608665C295F65EE08500B9A8B91C87D80A068B3C425","removed reproducible output"
".npm-cache/_cacache/index-v5/8f/3e/aa8a49a64aa50b6965e5452104c55b9f97fec3e5c280a171bbc0021410e3","A","46AD9AA140F4FF9E542501E241C1CE73695C875F091B0C26B711759AE0571CBE","removed reproducible output"
".npm-cache/_cacache/index-v5/90/35/7416ec35a1e560ba96df19f9415d0c611025f3d75d9b177e038376546d01","A","E9B48408EF1AF02BFF3EFDCFDA6B60BBCABD2E768E0FA93CD0291E170302E617","removed reproducible output"
".npm-cache/_cacache/index-v5/90/53/8c061789582f306e5cd49035ee51582e6495bd621f643d2451345dc3b3dc","A","385B4F452335A028BCFF4600030C955732FC6F2A6E06AF36BABAB516F370C196","removed reproducible output"
".npm-cache/_cacache/index-v5/90/a4/9df0e30cf9bb2d9f744b21b05a290b3cb8e19fa864c4a813eaaf347b6e6c","A","6BCB99706904EF0E20A010BEDD4BCA39B04D8738B7619F8CD75F1330817197B4","removed reproducible output"
".npm-cache/_cacache/index-v5/91/a1/e4c992e67a0e0f1a68289d429ea35e312c543479d1370bc8ac480049cc2b","A","2898FEF54457C0F94CC3D82BD6F1B1EAED0DFA220C70AC5F958279BC4A09B095","removed reproducible output"
".npm-cache/_cacache/index-v5/92/02/bd423dde386359f2df1a45dd7a78c8bf37ae12438de2dcb02f1e3453d421","A","F826C71828647D13C37E9C813C70803AAFBB6D86718674389732351D2A3690C8","removed reproducible output"
".npm-cache/_cacache/index-v5/92/38/e29fc6e888e285300467cc4224ea6fb974ed531347d52d7eeb3c9632099f","A","0F91825034C6EA8CBB4ED4DFF8BDB7C44A8C1093254E9A5CE83349AA28CC1DA6","removed reproducible output"
".npm-cache/_cacache/index-v5/93/09/72adca232a03beb43a8b72dac70aea04b97a0bf6b9fefbbe65e78ce2ab06","A","F0BC00F29326BC75833D46AB3FFD9A33BE0A10D8A4101FF00B6542591920E1C5","removed reproducible output"
".npm-cache/_cacache/index-v5/93/1e/51151580349c403e9dfbbdd5e40201a21b074f7cdf8417861f9ee32280c4","A","0681DD3110221FF3A16E8B848ADE288076071E2D8CF243D949DA1B4651883B43","removed reproducible output"
".npm-cache/_cacache/index-v5/93/69/8f5daa2e963ae7637a4ec1906adb0f59a184aeaff930e427cca84fdb2d25","A","8345D0119F06836AF2A1BC0B3B4612678E4D3C03FC66D805668C05058D5E56BE","removed reproducible output"
".npm-cache/_cacache/index-v5/93/eb/a95f6ee3665f1b7c89de9e104ea60b0cd9674bcdbb621b1fa57880ab8c07","A","D871E2B734306E277E6A9047F4B7A1BC8C8764B0AC2EDECC6BACDF164129E55D","removed reproducible output"
".npm-cache/_cacache/index-v5/94/83/05bda12ca66a018199a313bf2a9d9cceca3e0e0c1a5e06c5aae0873b104e","A","28BADB88DBB735FA970FA9AC8D0844D4A3FF7897C4E57ABB89CC7874D1DCD2A2","removed reproducible output"
".npm-cache/_cacache/index-v5/94/9e/b0edf20eb60e2b82592ea4e7beb516a719fbd0ddd25633a3ca0eb30cc3b0","A","8E6B6AA8B4D45BB1E3F29405B708BBF424F0AA6C240A1A1E2CC3FD2737A1E0EB","removed reproducible output"
".npm-cache/_cacache/index-v5/95/0b/a7bd89d5e50b639d5d8ce521aa97b6d3195447b72a7ff9d2c0d1812f7be0","A","CF086950B1F678F44D12AD0B7CC1086882F1E7D636BE988FF311B0C3642B359A","removed reproducible output"
".npm-cache/_cacache/index-v5/95/20/216edd7104928342f4e596f226b589b3733c83a5c056ece5738890de4460","A","D3F7FCB8DE7B5F0D7B8E76E8D54DDBD51A080D00D142B5942A22989A8A07C375","removed reproducible output"
".npm-cache/_cacache/index-v5/95/75/687939821827baf89453eb86559a27c09f58aeb98ea6455ac1964224bc85","A","A0AC8E217AEF5B20B1A1355BCCF4A61801B1D71DECCFFD99F5CFA144A9B3C4D9","removed reproducible output"
".npm-cache/_cacache/index-v5/96/e8/97d2c6e5c772f993e1a5b5fdeae5e52c835ac89d689ba43dbe025d54d880","A","E7F7AAE306D482A56FB5524291328C2E90D0CA3CEAFC459FA949CCBF941FD3BE","removed reproducible output"
".npm-cache/_cacache/index-v5/96/fe/5a6d99041d57c8d97929201bbe2f41270c2d103b511839d1fb8af5c23fe4","A","74D7CB68F7C1DB216382F56983101B4626062C11FA30B75DC83C9FFBF5A8D2A9","removed reproducible output"
".npm-cache/_cacache/index-v5/98/42/0031cc57bec70996ff1adaa9ef0304342a31261b401619076be69c7209b5","A","BD072F373767CAD4E3EC76318F4FE7DFDE65AD6DA83594DE8ED7036F268308C4","removed reproducible output"
".npm-cache/_cacache/index-v5/99/2e/77dc269773f7c3466fbc19e1ebff23dafaab30db29a632552bbb812fa077","A","92E6E38DACC800AD142B053AA7C7C62F2E5C6C9D831B88A1EB4AC283ED953E98","removed reproducible output"
".npm-cache/_cacache/index-v5/9a/bc/143ae50ba22ddec235347ed6a62762b673eddb52cb1939aea401679de36b","A","F6588506C84BA5E0BBBDCAB0765A37DD1FF829045695B6A0F440515B5FD1CFC7","removed reproducible output"
".npm-cache/_cacache/index-v5/9b/0c/9481f3ca6b152f60af38df0082f36a951c720045115141e4ce5272132699","A","69F89545C7C3971043988D4E321C388FD8EA6FE0C4FD2906CE50B3C3B7F1E2AE","removed reproducible output"
".npm-cache/_cacache/index-v5/9b/8c/88b3b8aae31fcb4c8aee70663d7c1bdf72a065a32589977f261f7ec81b8d","A","23AA9CD359F6EF84F0E755193511F63D44677D5BB3174FA4C1A671328F81EB37","removed reproducible output"
".npm-cache/_cacache/index-v5/9d/6b/339b9832e323abb280eb874ec64f59486423026430be7b1c2ec42ca7e1b7","A","0E50116F6F6A5E6D92774FE6F8F3342EB966E27B6D1BB05B5CB43AE7748EE912","removed reproducible output"
".npm-cache/_cacache/index-v5/9d/6b/76c21652f2169a69eaaea1063b83090d4a616b9b952147bafbb6e4588813","A","2C2783CE920DE36C71EED115E23EB8ABAFA03EE5201CC46002EA9DA24A661D85","removed reproducible output"
".npm-cache/_cacache/index-v5/9d/ac/896209f48728e5c51546b3eee1a7f3ca0e3f1fd7a3ed03452a8c45bc6d6a","A","74CD032DE83C244F7015CEA43727CE2DACFDAB8C5A8622DA12EC880D093FF264","removed reproducible output"
".npm-cache/_cacache/index-v5/9d/de/0f1d928982e3c741961ba0325cec1f6da601f9a95e459ff757832f62af42","A","605FB4F446E4069DB036824F52FF1E2B65E94EAE2C8814001AFA5A7B6B6B2C72","removed reproducible output"
".npm-cache/_cacache/index-v5/9e/50/86e844b90998bc2fde97c185d57a7e407ed9baf8a225280f4941a14fdc80","A","86DA0D7B4A17C69E03135CCC1AC1F53B806DE4B08F57C33ECA26DD90ABBD570A","removed reproducible output"
".npm-cache/_cacache/index-v5/9e/e8/3096b3bba76785304c34866f13e44241760ed6244961f1200ebcc399b7ff","A","23BF4987442B9279E1D52D9018BCDE9F1CF87B0760A09D56881499B056D1BD28","removed reproducible output"
".npm-cache/_cacache/index-v5/a0/3e/cd07378c15855860460035bc3aa76db96da9df71241051be3ab0e1b0f215","A","D29B4166E1010B1218D3C652A1686817E825FCAF392B5A02935404002F61FECB","removed reproducible output"
".npm-cache/_cacache/index-v5/a1/12/834053a367bbbbc732198e850f74c128b1e2d6ed98ac459abfa077bdf8ef","A","7B508389E5855C23CE4E2F446290B03D3AD81443F0AB473A6CC65987456EA7BB","removed reproducible output"
".npm-cache/_cacache/index-v5/a1/30/a81ec09ff8849df96b20fa9c869a01023fc35e39a6fe539bee503fd77a00","A","F70331DCE69DB54FC696A8B903A7DE8973EA6409A33DA139C7686086ECB29FAB","removed reproducible output"
".npm-cache/_cacache/index-v5/a1/5e/c9aa1c46bf0c67511379e97bd07fca87532422f2506214f94db8861160d3","A","557BB90043258D5DDFE5B4F798D08CC0989C5C6DF3307A6EADA5C05672C492D6","removed reproducible output"
".npm-cache/_cacache/index-v5/a2/89/1f50526e632ce5f314dc037f63749ffb251a4c7230726ccc5d1727990b52","A","CBFF2821E76F9DFF2AAB127BF9E1D39E43ED4576CC35F8CE2FB7C8BA36C0F343","removed reproducible output"
".npm-cache/_cacache/index-v5/a3/3b/867f6ed39e2d8a6f3a6355779990acfe09c0c59d4c43d56bb55d305b879b","A","E5F743BAD381E2E7E90E75115D0FD48C5CACE87131D3F2F4DBEBC798EE73719F","removed reproducible output"
".npm-cache/_cacache/index-v5/a3/50/b739b1f6f936987c26973cec93f36482ed240ab90158c0d04899bab0de13","A","B5C4FA67CA96DA337B80515E888EA8B0D8FF875278EA1460263905BA62D4E3FB","removed reproducible output"
".npm-cache/_cacache/index-v5/a4/6b/440e26031a9d0945c7012e43ef22e74e7de628bede43e79e5804eb6aaf9b","A","150B5F195D71DA0713A60A847887A17B369E5B8C2C73E9397C818484FB483BA6","removed reproducible output"
".npm-cache/_cacache/index-v5/a4/96/1394bfe3119ef9620ccb5d4eb6c4001ab70c64efb55f558a35ad46138686","A","1400156FF520D917BDE08B1CBC2445DC843B2B4006798C20D231085A7BE871AA","removed reproducible output"
".npm-cache/_cacache/index-v5/a4/d0/517dfa6c73aa4784dcd8eeada48e8a1ccd29835ab3be1a9f555624fb42f1","A","ACC79703A80E7E690F62496F5D6373DC0BE847225991B5E0270413D35EA96F7B","removed reproducible output"
".npm-cache/_cacache/index-v5/a5/0f/d1d9605e3c132e8742ba2d5a86bfefbb1dd671878bc9dbbe17434d00a461","A","8814D9EFCD7C40374914375081C0B6EE895AFD372D3993B43278C2028F534C8F","removed reproducible output"
".npm-cache/_cacache/index-v5/a5/42/e58a240f7a1b156aa7b4c5145722ca5054ef8ba5b3d6d7fe41c4811b9b12","A","CCC6F22DDAB90DBE3B126BC1A46324917118664EEFDA9CEBAC6560A170949867","removed reproducible output"
".npm-cache/_cacache/index-v5/a5/b7/464a09af299a6607875146c73e357016c5cb1808f31cb066f94d226bc3dd","A","E869ACDD500B7FC6C2674AEF627466D0209E660BDD9B1F058F4744CD112C8CDD","removed reproducible output"
".npm-cache/_cacache/index-v5/a5/b8/454c882933ab15d532e2493b0bd7ce7019f1caca2abb46f076ca0855330b","A","AD1BB373226507A2DCA8A51335F201280D055EDDC5985C7CBE34DF186CCB4B97","removed reproducible output"
".npm-cache/_cacache/index-v5/a6/19/9c79d92b54d86aea221f35960b6289015ad2867cc28b5e1b406202a81e42","A","1C4E46A903B338587852F21B6DB38ADB17931D0F10E512FBA4AA3253961E9B01","removed reproducible output"
".npm-cache/_cacache/index-v5/a7/e3/2f2e3df40bc601d0b8efd8ce5ba296f7caa4cc25466334a1357a1f80f0e6","A","F2F84D04CF3D96A86403A3E819C7F54F490CE4718E05436CEE3AF635AFF05264","removed reproducible output"
".npm-cache/_cacache/index-v5/a8/07/be5c5238fd1ebc9aad53782a8a03d46894dc2a4a5dc3a9198a2f1ce45dbd","A","D4EDEFE0C0BCC2D673489E1842DF2012D4533056C2EF880F49FFEBE6323C67EA","removed reproducible output"
".npm-cache/_cacache/index-v5/a8/35/f87a52e79b1cee2bfc205e27139d1bf81fcf6f91529d64ecb1d92c2870bf","A","5D4EF34959B5381A6FB4151942033AD9ABB704B3C2959FCCE07FA9D0BA9A1E19","removed reproducible output"
".npm-cache/_cacache/index-v5/a8/8e/5e1c3508470e26536493f6bea5085bb2140e88a3c2aba8909ac2bd174b89","A","5928BEFC78DD434B5B90FB2482359E9A81E4A26A5E6B61E91D7024E542C7C972","removed reproducible output"
".npm-cache/_cacache/index-v5/a8/c5/79c46cf3904997fd1a48c99ceab3e05fbcaf7563b7afc67f37e308201f93","A","C083D149BA4B349A6D179186ABA5C48122F54922FB1BBCCD5BE726517B713999","removed reproducible output"
".npm-cache/_cacache/index-v5/a9/0e/2112c4cd96ac6b8d5614d996c169ab87c9ed1e161dff98f46138c6ed6465","A","F9E76FF17EEE6A97A8CA430E24EA098F1034B7D799ED9102A2031C5E82D80D23","removed reproducible output"
".npm-cache/_cacache/index-v5/aa/65/43b89d1c15ce8a3c5d1add3132f3c3d0fc8ae221a195e331cb84d785ed88","A","26B7F4237A91FDB0E137A62DCA83C6BDA34BEF42560125409902227D26438E2C","removed reproducible output"
".npm-cache/_cacache/index-v5/ab/32/ada470a081547ee07b796fa70352091a778eb4700b9d070ccf93c2db0399","A","48B5B79AB23EB37B929EE9F224433CECA2B0EFFF7501D1614405E77D334E3468","removed reproducible output"
".npm-cache/_cacache/index-v5/ab/52/fbb5f30be003452a35ebae293eda911fb6f75115f9b3af315509db315cc2","A","0A704A597FD1D5529899BD136333B5C97FCEC979435B5503FBE33AF9C3428904","removed reproducible output"
".npm-cache/_cacache/index-v5/ab/7c/ea55e4e584609a1f0ba14a730391c0b04141931864f08f4172886bec44f9","A","17733996CA9C098DC5055105B99A4A4EC51616A28A8EC33C98D04C823D6E84FC","removed reproducible output"
".npm-cache/_cacache/index-v5/ac/17/bf85eb14706f8f40b527348d62ece575437429ae2671bbd354fb6d1adcb5","A","3D371D35841AF0C6C3588A630C64F7015DB866454A4BF2A92FE7CC8DB2E81B77","removed reproducible output"
".npm-cache/_cacache/index-v5/ad/f2/5869aacfb1f972b844d789f5039e1dfba389f9adfe3d8304c2ca2d781a56","A","A2938A7E7165991EA715BE00285DFA3584F9B688B6C7BDE5134918EB77C672CF","removed reproducible output"
".npm-cache/_cacache/index-v5/ae/04/0ab846c8ec22e323e9328c9c38d9592d98379603cf76b2db1b42d49ae12d","A","3E1EF1E2F3A2500AFE4CBCF0E86BB51A7112C54864864FA02324EEC6E6403935","removed reproducible output"
".npm-cache/_cacache/index-v5/ae/40/48815da65cf402d4802ee1589409fc28669922973786f80cace5e8c61acd","A","8D8018928CFD296A622C735816BF7AAE31E09D209CC5AE03FD897BD97004132B","removed reproducible output"
".npm-cache/_cacache/index-v5/ae/97/7afa6a975a1424e74523a7430e58affd666cc4957e1c17ba841f6c85a1b1","A","B9FA205B785D1B4CE3CC426C18C733578E3654FF9231514FE1A34C5753990D1C","removed reproducible output"
".npm-cache/_cacache/index-v5/af/bc/a192012145418d110a524426072bc9265ee2fc93b0a67eb175c371423ae4","A","2FC05091A62881EBDD8B1631E5A1E6FDCF2D615FF41DC3152CFC7416C5BDA6EC","removed reproducible output"
".npm-cache/_cacache/index-v5/b0/18/7bd13a4fbca4723a579cab6019efcd5e03ff32581fd276a8f79738dc7a68","A","5BB15D78035C2C50CB7895EC5DB809BEF13F8030EF93603EDEAD47A934338961","removed reproducible output"
".npm-cache/_cacache/index-v5/b0/74/187b89c53e1962773f0ae13e020357b58665412f5615c5fa61b6ad710cad","A","A271B2140F43E11EF7079E00EDD90345F100D8A7186448CC090CA8DDC816F34A","removed reproducible output"
".npm-cache/_cacache/index-v5/b0/77/515e1a85cfba3700ba747b396c94befe3192fce57758979086e1f9994ef9","A","CAD8C738A619DB33E98F4F23EE6C8976306C725F581A2D05CC617B8A636136A3","removed reproducible output"
".npm-cache/_cacache/index-v5/b2/29/9fa2b3d77d11898ddd061d0061ed1ed148e8149d2799d34533ba86c610e2","A","A21D8DF9AF2744AD8BBC056F1CB1E966976D2060FC929FFF979921359FE66B42","removed reproducible output"
".npm-cache/_cacache/index-v5/b2/82/3dc9cfa8ed72b5329a97236a6f169606a8344ca21f60a8677b3ad62c5382","A","6D99788365B2F39E07DBFD1AE204AC21AEAAFED0E811EBCCFE239E88E4F9D640","removed reproducible output"
".npm-cache/_cacache/index-v5/b3/52/06411acc2608a010253f484da434c0ea5c14d21e43eb04b9f81663ae88ac","A","98EFEC8DEF54BCC1BDE327B49E85F8418338A5E18B084CD48501A4A1DC8DA6F1","removed reproducible output"
".npm-cache/_cacache/index-v5/b3/a3/c07ac0b5f83e58c1ac26b69a46654666d62178443c695344e93ceca4a4ba","A","1770CFB1324F14241BD3CCCB53A8FC6E052F5F976EFE95916E1854804C0E6CD3","removed reproducible output"
".npm-cache/_cacache/index-v5/b4/9d/5a271b1898a503a6f8a6b2361235fd7539e9ae1aa5622d3e78124d1a0c34","A","9FD3C92C2FAEB9274DC933ACD250D1EC322574225C47A0F3D9D61569B32D34CC","removed reproducible output"
".npm-cache/_cacache/index-v5/b6/63/238807144536cb82d714f2a1374ef3c3a03fbbfd4fa234ff083114a25f63","A","F809FF4017B31E369290FEC709E2C897DB7C5EFB9F9C8722000C7CFE2C94F710","removed reproducible output"
".npm-cache/_cacache/index-v5/b8/b1/ceb9a3ca4ae375f3c18096f3c50edaca555b5351099882f66badd535bc38","A","07FFE7D39B57EE9C4537E2291D73C93D7CFD4A8A70CED1A3A820A9CE74601580","removed reproducible output"
".npm-cache/_cacache/index-v5/b9/bf/1e3daaea93f68bf9dcdd7e978b6dd8f43627145028c05ccc5d6187e7a25d","A","6F7D0102FA43741CD0C86C43A5ED1D6F0A9C4B64E6DE4950401E29A6AFD478C3","removed reproducible output"
".npm-cache/_cacache/index-v5/ba/31/0ff11cd5c49f9abb3792227a2806421aeb4003688278322146dd805a2cea","A","A8A869A3A29E414E8912A3FE379E875081C880A72CC8CEC6136BB62779F47057","removed reproducible output"
".npm-cache/_cacache/index-v5/ba/d5/f7d95a8e3571758f8b5d095a21909a8f6cdfe7fd2349f7f72b2801eef079","A","9DFA36337BB2EDFD72CEE1E3F89B6F530D8AE0F90467BDDB82EB01E0B82D948A","removed reproducible output"
".npm-cache/_cacache/index-v5/bb/6b/46950472fb508bd0dab7fc38aef2b41bb9b3f0d3a4a06526d6c252f78fb5","A","45A58126010CDFC669FA8F7751886F59B06D278CE64DEF5EF84101C936A22624","removed reproducible output"
".npm-cache/_cacache/index-v5/bc/eb/965254bb7c9f56ca8c69a03e0c766c531ec4a3569f36fcb057a88eeb26ab","A","C7A67FAACCC813B17643C8CB6859FF970FAF36B4ECB55F2229C9CB900DC81121","removed reproducible output"
".npm-cache/_cacache/index-v5/bd/e4/63b4989adf95f004171bab0a16e591b54a4157da6543a4c39a39666c95b9","A","89F54B8F73CDA544A7B3CF439B1DE803794678476107314B744A2CB69C5D9688","removed reproducible output"
".npm-cache/_cacache/index-v5/bd/e7/fd1c1ce886edf87e6dfb8196b96c66553a3548719e12a87d59e118a7add5","A","8FA191BC1CE96D5A75863EB4D836B8DB534D0C71E44C7C25E0FDCB5C7F66040D","removed reproducible output"
".npm-cache/_cacache/index-v5/be/72/64b96cec0914bacadaca2548c2c6e32b7eb715cf0cc5193e6b96c5a25a5b","A","2678D3D3D5909553C15DC831615AE28AE7A6E355D5E2E2EFC66B62BED20FA9DF","removed reproducible output"
".npm-cache/_cacache/index-v5/bf/07/9672ccd5d1b968aaac0d946fa3edfb7bf457bbf9ea32c1949fbe55b875f4","A","199FDDBE17B3E6968698C7B64F4D545E0E74425C80AD9A745F1967D0B3735CF6","removed reproducible output"
".npm-cache/_cacache/index-v5/bf/42/20821446dca4f5865e0cf73662787414f4d454d6945261f211bc263a3554","A","A27C11E0C04941662514E3FC3253D9107F7560FCEC1BD19F10346BBDB25C7799","removed reproducible output"
".npm-cache/_cacache/index-v5/bf/77/38f0e4e2a960ab88a8db0191e7a2d4d3e1c915d095ca670e97ad6fc0172b","A","FBB1781EFA32B33AEA830B20B524853428927699632A339013ED80EA1466D696","removed reproducible output"
".npm-cache/_cacache/index-v5/bf/7c/375aec77f76404d91225e72006a0105b2a6ec04bb02cfa365ebcd4a0232b","A","EF6009CC498F00F7A70E8CD1A3E18E79BA5832323ADDD598C60F47E2946EF99B","removed reproducible output"
".npm-cache/_cacache/index-v5/c0/80/5385b99dd75b65e17400914deb1444976136050c32756ffae3566c22f433","A","AA0E53110B0F46D9224A123C45580E6A7AA44E6C039D981F483F7A2B2CBA0603","removed reproducible output"
".npm-cache/_cacache/index-v5/c0/83/1295af917239a2fbe94404f49d472949b2a2519701a35e8dc9841f02ae34","A","FA58F6EF06F390CA89EC36CE4258E0C3CFDCD50647FD74E2A940C97A81A72F02","removed reproducible output"
".npm-cache/_cacache/index-v5/c1/62/1dc46fbb60fdd4bf8b84dc091030bd86c7d42fd5d9cf9bb6bc7a6d2a8ce0","A","C98484F1474667F7C4ED51D133EE94DD526DD3340CBB8D03F9A9077CD978F04F","removed reproducible output"
".npm-cache/_cacache/index-v5/c2/a3/4d94c6c25990732f631da05a710bc3d90594982ac55c4556c82cb1edbdad","A","916074EB62D6F90A5CFC6C7EF0F06EE78E5D139ADAF91DBC23E4165D483FAE1A","removed reproducible output"
".npm-cache/_cacache/index-v5/c2/a4/488f71f39bc65742422faf2c74e3b330852ef2192dbb3198fed044e60c20","A","4FB74E8342C3B53A2E01EFE47B494FD5832AB29C6B4E69957551934EFF31A5CB","removed reproducible output"
".npm-cache/_cacache/index-v5/c2/ae/3435fefab1a7eb1b2ee438fe4f53d84386a695844b2ef456b3a4d35b15a4","A","4100BC7AC1E8D7EDE5FF894DCAA68452BAE50C329D5FE2391BEFD9596D7B25D9","removed reproducible output"
".npm-cache/_cacache/index-v5/c3/ea/2ac6234e08578459cc70534addafba44ecd5267c7510db659945c34b184d","A","115B3D18137A45E0CB3118200483984896502DB4D72DC94387F7AD27AD11A11B","removed reproducible output"
".npm-cache/_cacache/index-v5/c5/39/1d26498054c07107bca5dec3e4c244be0003d52ac2eebc92797ebafba65f","A","7AF843DD92B139C235917710BE31BC37CD00B281C9752D77CD4AD8C52908D1FD","removed reproducible output"
".npm-cache/_cacache/index-v5/c6/ef/7cc63fd6c89222191b595d5e1967495deeac214320c0adb6acaae0889c5c","A","86A89F6DDBA0DA172C615366AC5980BE516C90D4359F1B20ED0122233DD3354C","removed reproducible output"
".npm-cache/_cacache/index-v5/c7/a3/fcd7361fa1ce7c26e19f0e9ff2b14f5aa0cf05b5f663c00076aa4aa839db","A","9DC9E42389A7079AFD35F93A3DE37309D3575BB1EC4A21EE3DC332B33DA4CD31","removed reproducible output"
".npm-cache/_cacache/index-v5/c7/cc/c8f9410c464063a408efa58ba0a856518b6b9ec0793b80dc2432c081890b","A","961EE77845A340A741C074C8ADB6EABF0E7BC7D9BBC256D4713C2FC1F332D0E7","removed reproducible output"
".npm-cache/_cacache/index-v5/c8/20/e99e70709a97e46fe24d53e7ad4b545d97df07deb942b74891f8ecfc16d5","A","A51FA5E660ED65ECCC92018E783E83DA2AC3EF4102D5B5BD25742C956FF89186","removed reproducible output"
".npm-cache/_cacache/index-v5/c9/10/e51aeab9f2ed39d1416132dca81cf2f580dc5de2fd02b9a85d1df3b191f3","A","F58ADE234BFBD58476A94E2E36A60DBF0F3E21B7114D37AF668BD93AC41FE722","removed reproducible output"
".npm-cache/_cacache/index-v5/c9/1f/e25f670d26bc26d1cb236efef449fc8718223fd484c4107ba797934cb10c","A","4F47EADFB84BB03D4CB1E9E7DEB1840B2502AE5393927F0AC59115F31C76BE3E","removed reproducible output"
".npm-cache/_cacache/index-v5/c9/4f/c60f160004f494db674a108c0fd1d5b819e32bd5a68481c69e665db8e6b4","A","DAF308AF785DAFA82EF245C897C2E3374232B7B1B68D97EC4F5B9B9CB8FA64CA","removed reproducible output"
".npm-cache/_cacache/index-v5/c9/b1/59d7986c2b304c1cff68f1e6fb4777537469d130903290e246abefba1ee2","A","FF2D9F1269D48C38181AB3CB424735F3120246294C140DD0A2A922D212A61F93","removed reproducible output"
".npm-cache/_cacache/index-v5/c9/b4/7c86a154333c5f5fab27833709894eae0a7f81d088a1143ad9d2b05f3b37","A","99A6533F10CD425D2A085468D49B31A7E1B90B6D0100CBBDA0AF8A9D4096DBCA","removed reproducible output"
".npm-cache/_cacache/index-v5/c9/e6/5cae0d4e7f4bf4b4bda6290f3410ffc5b43c2caa543b9f748b3f3091344e","A","EC4143122A0B7CA164BE72ADA1AC529867F6770FFAB1128CF90291B1B13095F9","removed reproducible output"
".npm-cache/_cacache/index-v5/ca/86/1e9cf895edad5b8c64fadf8afc05bcdf16190a37da87e6d995ba5c400ba8","A","D962DB635057B601A7DA9EE0E7D98528ED6F6B878E90D5F328D94F37D9B70D49","removed reproducible output"
".npm-cache/_cacache/index-v5/ca/de/0bd207e4befdc1899d2abf0d3271f34fd6bd81eaaa9e7f4b005488802bb0","A","CCB0A9939B50F4ACC3ED874B0F537059AED8C9B0405288B502DECC281D07B998","removed reproducible output"
".npm-cache/_cacache/index-v5/cb/f1/523590c3a645f44ffaea72ea8195c067f7894e53751f59d2d599e5e90d82","A","3FBC269F3D1626A08D3831E08DF2F5B844886D2353CD3983C5D488CB63BFDE33","removed reproducible output"
".npm-cache/_cacache/index-v5/cb/f4/2ace9a1dfbea06eafdda3044e21e830e5cbd76a5eb5a794acdc111e0c31e","A","3185C2E7561317ED8295E28F4EEA53AC27B6953E65784DE3241E88C9937C4FD0","removed reproducible output"
".npm-cache/_cacache/index-v5/cc/b9/6980e04674e7532b223f9a6dee83a020e6b872e439b581fefd7359c9b451","A","0EE06A7E8BAA0AFE2B65D87924EF6A0987CDE153774FA31977064B1F2578AAA0","removed reproducible output"
".npm-cache/_cacache/index-v5/cd/38/1cabdda927493c6213798d6a0bb310bd54d433e61e75f4b51be190aa87c6","A","5E294C445749EB669A571481B2CA7199C9968ECD16D0C3B47988AD48882C9CE5","removed reproducible output"
".npm-cache/_cacache/index-v5/cd/54/9188276b15d2c08239db45c75b798ee8fc379aa6b73df2617958e2acabb3","A","7C76A82D9FD3AF2620E7D9D4CCAD455B22EF27122A4FBE7C740221A699472811","removed reproducible output"
".npm-cache/_cacache/index-v5/cd/d3/470c9cbb447615faafb6dfdf54632831f7f96c77771ea06a1eeffba41373","A","B84631C61FB90B3AFFA33ACFA72C9D89131138FC37DCC6F156C773904E50B908","removed reproducible output"
".npm-cache/_cacache/index-v5/ce/0c/a2590d81727a5f907971aec316d449516a7f62bdc4422e85ce5dbe1cc3ce","A","227783D233624110205EAC5D05C68B8F2AEABA76F7850330E44CFA7060FD1B50","removed reproducible output"
".npm-cache/_cacache/index-v5/ce/4a/7745982e9c1c9896ebf13515df286c1ef118e45fe0705ef0df1a1823c8d1","A","2CE2F9C2C3EBA31C9DFAF7A601696AF5086756A4FF25AFE2240E811FF229E420","removed reproducible output"
".npm-cache/_cacache/index-v5/ce/72/f99ab9b86ec4a9a5033a4b41f687abf6110c7960ef61b601ec5567a38010","A","F18EB186452000835091453C37B84089E8D48F50D1FCFD5DE94A3426600CFF9A","removed reproducible output"
".npm-cache/_cacache/index-v5/cf/26/199329b02915572faa5ff439b52c860d19665f3c62c1faac64ab534f02db","A","F7359D7BDE15F349A395FA49769ADD399D70148F61E9EF94447E9C1E0F5D2894","removed reproducible output"
".npm-cache/_cacache/index-v5/cf/ac/a9447f39ad8f444f81a4a30e9a279b4757258d9d55a40f35b3dda34c32c5","A","EB72E3F110EE06D0CA2C502E2E440F3379CE31CDD53383756375887BB36D167C","removed reproducible output"
".npm-cache/_cacache/index-v5/cf/cc/527f71b8e551d2553dc535682e25f8f921c8c8c45434b1117737a0ba79c9","A","6C492A7EA0EC4CE6DF79B9EAF0F486F6C5C7501AD82241E90674A66C0B435162","removed reproducible output"
".npm-cache/_cacache/index-v5/d0/f3/570007f66e0a594c21201eb3e8f15d7a4d92bcb97b59246e5b7194b3b290","A","8AABC2767A257E62548751B84763BDAADAF017E98E37B1C9260535099D5EEB54","removed reproducible output"
".npm-cache/_cacache/index-v5/d1/03/624933a18043f1a04aeb125747d53242c45c4138d4558eddad050e9d56bd","A","FC7D0C70D963737614A59A7586FE15DA4A3C83ECA94150474732EBE81455BE14","removed reproducible output"
".npm-cache/_cacache/index-v5/d1/26/8e01e6bce59ac02f0d20fc97382749190cb73f6006f9526fc7fb1ec79dd4","A","614B3832ABC7BBF809FD913DFC1F6F2E6B96F8E7D4FF9FDC7EEC907F6D8735D7","removed reproducible output"
".npm-cache/_cacache/index-v5/d1/7b/9eab34e1b8584f9f531dfaffd5fb72b858092127da2935be28b553cd4725","A","0ED22938D090B55E7E93AE458D4657E6C3D4283C607684C87BA249E54DA279B4","removed reproducible output"
".npm-cache/_cacache/index-v5/d1/c5/255526ac0589eb11dcc4f2c8ab30a85974521fd4921adfd05b04a6e92a1f","A","70242616E1D62E50E9B41A4A94C5964292E7D7B946D13ADF2F07EB9194E0E91E","removed reproducible output"
".npm-cache/_cacache/index-v5/d1/c9/ca79989e0e0311dfe14149d4063f7f2950a9b7ec6eddcf05282417aa5db5","A","9040198AC149AD51BD4C5CE00645F122A78AD62C4BD0A5BEDFCD0E8AD1BF6668","removed reproducible output"
".npm-cache/_cacache/index-v5/d2/0a/c0f6c2335ea4e271c388328d8cc50ed11cbe7b0bea5259cbe5c7a607b5fa","A","229C73926A86B71B4EE9B17DCDD8177D1BA95542AA3256177E7947E064785B3F","removed reproducible output"
".npm-cache/_cacache/index-v5/d3/d8/4f5dac8e9484ea5b97cad1701d9e1dcfa6e58982bc8792f825900787b64a","A","A7E39752812033839783FA421DD4E7DB64DD01E98277BD8B96FF25152A8B68B3","removed reproducible output"
".npm-cache/_cacache/index-v5/d5/08/60c97d564c437a0ef7eef0b6ce52fde3be5aa7df983d26113927468c2a64","A","AC3627EC7C2F64BD1161127B4A6CA1B165A556EF7043DF7319AB97D1772A82DC","removed reproducible output"
".npm-cache/_cacache/index-v5/d5/f4/0913a74f5e223a4fe6108493dd3b03c2d47259df459926160659513c9ad3","A","7FD47433E631A4CF7B7E86E704B07D5701DBB706304F227D8809971793CFA477","removed reproducible output"
".npm-cache/_cacache/index-v5/d6/af/5aa90370e2d1a86b6743c44ce82288daa6c718c94e33ee6e351758384822","A","2054D64FA51B10193130647D386C8972EF7AE3A52DC4187542CBD3C4F051EF61","removed reproducible output"
".npm-cache/_cacache/index-v5/d6/d8/cdacbf9ee39a6b799c95ee6999909e760797199aeeab50e8ebc790752ca5","A","7CB5B397B27EE38A103141275ECBC7AD5F3FEE0B6797834EBB7532C6DE299D7F","removed reproducible output"
".npm-cache/_cacache/index-v5/d7/1b/ada33f322304ac4ffbdd0e78d303f8df64ebcb3c3a559d2e6de16ddc8fd5","A","A5E094FD64B05B9BB4CA18178F5EA10DF3521914EC941D0BDA6A73D9DB302C60","removed reproducible output"
".npm-cache/_cacache/index-v5/d8/09/cab121a4a8fb735d222b4eedeedc6a723af27c24b8ebb57fd847663cb871","A","ABBEDA0FE2ACDD06C9413AAFDEE694952EF4C64B7018331596E79F1A05A16DE2","removed reproducible output"
".npm-cache/_cacache/index-v5/d8/0c/96cd808473396fb088e2ec729674e5f39275b060f4bc94a4d49736b2bbaf","A","AE5DB3CAEDDEDD9F4EC3082E5E6043DFD9DEC1A0945AAB0EBAF088DF5E7CCB6B","removed reproducible output"
".npm-cache/_cacache/index-v5/da/3f/545a4853921a8d9bea200aa9aa96e9b512c2324ba56c1b7d567daa9ebe80","A","8EAE71F8AE06EE0C88C000292EDF22741A656AE8DBCC35ECD25C2B84A055154D","removed reproducible output"
".npm-cache/_cacache/index-v5/da/66/adb6e5c3e87d74b718a0f11225d07abd85816b101208318266a9da32f1e7","A","2605EEB377A3758A7A6EC885415A2466C8118A70A93DF02EAFF2732B55819193","removed reproducible output"
".npm-cache/_cacache/index-v5/da/a6/d035858f56fdf85badb089a786522f8ec367868f4316c31ea37e142b765a","A","5A087EDA5A93E0C799CAD3A4A103E597700892D3A8C300024C7423370C6DE218","removed reproducible output"
".npm-cache/_cacache/index-v5/da/ec/211d19f87bd3d47c875f803133fab6d0d895cb6f8284f41b2b3fee63f93d","A","368C85041136B06EB6D707F84678A90F9E62D41C5C29C5D619E6493DD3F752C0","removed reproducible output"
".npm-cache/_cacache/index-v5/dc/35/8ce18930b49eace61f5df4cfc8014b3be5d5c109a8770ddb29fe6d718f12","A","6BC098569B708AA0909A0EA69D3296CFE3A086A43611CF140EDECF456D230C6E","removed reproducible output"
".npm-cache/_cacache/index-v5/dc/36/0bc07587da8547ae7e0251952a3d7df7df1d5e68d18fb6fcf8069511d498","A","F0C8B13D98A4DB00CA2960ADCE89E6AD609799A6EBA7E6CEB46F2C379666D3E2","removed reproducible output"
".npm-cache/_cacache/index-v5/dc/ca/a55835915ef6263265d8bb3808e71ed66c8960682c6dbfa1ccd3470aec82","A","7974BF948F2131F6DA28B5081B64E84F78D4A6EA4DE3659AC85B6124770BB3A6","removed reproducible output"
".npm-cache/_cacache/index-v5/dd/4d/fc8d14f58c0ea54c89c00e815edb84070b745fd497cb2ff7a09926722767","A","F16DC1EDBB726776F2BF17D3A1D906D32E4E5BCE01FB4EEEE44BBB252FB08155","removed reproducible output"
".npm-cache/_cacache/index-v5/de/42/b0cb98f67322902bfbf7ee1094fc4b51935e9e8c22a11c9e4840f8a73fe8","A","02C392E5214D23A0D0ED21D59BFC99A2686F05EED8EC300C6BDA68214C0A0358","removed reproducible output"
".npm-cache/_cacache/index-v5/de/44/9efa8f0b245f2045eaff573eabbeb66fc3680690cf2d1ccec61b94fb0d24","A","04DED58B986ED322D7526A7793C74E1FC3199C491DE7B97000ED74DEF46F6015","removed reproducible output"
".npm-cache/_cacache/index-v5/de/58/bb6a025cc21c0f6dea4d9cfddf0f9312d5442f7cf1f7620773393a3db264","A","C9ADDF239F13427A2815C5F6FAC303AAB8867FAD535C46DA3A9909D38AD1D4DC","removed reproducible output"
".npm-cache/_cacache/index-v5/df/8e/9df6136179e75a89f9d3914f7535bf2a6318e5c002f7257fc49bc7b83ece","A","C5BD657886D039C0C795E05F4BFBBEF083C4473FFF199ED226ECA529C5D11876","removed reproducible output"
".npm-cache/_cacache/index-v5/e0/c7/56a76682e17c5868451263cc6b086d7e28b7851b2c84adcdfd556ce90adf","A","0F3C87EAE9C5315491C3392B2A0E6BEAFB45545BF04CED083BB8EF88CCF17E25","removed reproducible output"
".npm-cache/_cacache/index-v5/e1/8f/3e9cd92053f2a21a780276bca7ac0f34cba5e1656793709a1173350d7eaf","A","91FBA5830B17238F274EF235538397F5965EF36633DCB46E3653AFC4A9988CB6","removed reproducible output"
".npm-cache/_cacache/index-v5/e2/3d/89f963592298abca949696adb96f38f43efc52a788f75083083ce3acc48a","A","4ECECC719DE2219154FEDBDE8BD116B059F92B708B253C3D9F00857877D0E4E1","removed reproducible output"
".npm-cache/_cacache/index-v5/e3/04/8d44cd12e390eb5dbb059b0e2ef5a03473dc2033446133da2e07e38f1bed","A","FDAB1EB72A695C9CC9C3AFB0794AB1EB332D252D3C7FF08E2205F2A540CA7716","removed reproducible output"
".npm-cache/_cacache/index-v5/e3/c8/a825ea2c84ffbf55ba64f8df536ac984957d23e7273a8d5f50aa69e91a25","A","146AC5F8CD6C6067233DB9A890A01D9AC6704B8DA29A5D30ACA2AB0A56A75416","removed reproducible output"
".npm-cache/_cacache/index-v5/e4/bc/ef288ca449a69236f9c3c8e95da347f9a56c8753b40381d0bc0756777244","A","8A9D080B943D3D8A4E71EB3CEEE82657E2188364815410FDA5F78A9F3B51C4BE","removed reproducible output"
".npm-cache/_cacache/index-v5/e4/de/b98726e8b3932fdb7ef2575a83e68219b46ab9013218ce2f30406e5f85d0","A","B49ECA6302E637440BEB16D5198CCC653BC25C9418CA0A549E10C4F389BBBC1A","removed reproducible output"
".npm-cache/_cacache/index-v5/e6/3e/0dfbe9d801878b38543689eccabf7a1da3aff8ce5da102b0b627ac4b60dc","A","C9A9A23E864AE2A71A33FF45AD1B740C3A7ED35B5001D203EF2E9F5EA1CB2733","removed reproducible output"
".npm-cache/_cacache/index-v5/e6/45/e236d9a349e738c8841f9d14a32f0d4d269da22830565d660e941dc2ff4e","A","DDC6BEEC8B92BF763E596AE58CF2EDE6B85E8A57DE737677069AF032B3D10794","removed reproducible output"
".npm-cache/_cacache/index-v5/e6/64/fbbdf6dd245cf5d43b84fd02ba1f044cb1b0b674e21976b49e23a7999517","A","DDACC080DBDFC3261ABAFACBFF2AA75B597DAC14A2EC75CD455C6A6F3DD999B1","removed reproducible output"
".npm-cache/_cacache/index-v5/e6/ee/a7f609296af013f459dea95f5b86155b1d4d3fa7dc9ec423562d0c55294f","A","1EC2AC4293C8D4473DB7034B1138F50A2E91AA130EF89941B4168A9FE08334A1","removed reproducible output"
".npm-cache/_cacache/index-v5/e7/22/b5ea342b3713a4c921a4d28afdbde5ec3f9c42ae5e4995d5a63bb20735e0","A","0261271BC6FC0FC710843DB166270EA3B20A142F8E25ED3B9B67EFADF64A858A","removed reproducible output"
".npm-cache/_cacache/index-v5/e7/5b/643116b414d720726103a05d13cda1cc0d4752fc8657072f0c2475c17e78","A","32559D716189BAE5F13941E3D39E4937CD98272068A5EE79BB843FC39E278884","removed reproducible output"
".npm-cache/_cacache/index-v5/e7/9e/d1744936780d3cbcec918751782803a49b24a696debbfe4fa1e6429f30df","A","D03ED071717F32358327208C229D991DB69AF9CE8FF0A4BAFA37D16C6DC715A7","removed reproducible output"
".npm-cache/_cacache/index-v5/e7/c6/e4c15574ddfc8ffee2d09cabe7ab1bfa3be1bd6a6c06a5275d1a73d7d35e","A","00A5E71EEA7317B12F8ED165C9CFDA8DF6A0EBE9CB7AD6B2EA11F42184542FE1","removed reproducible output"
".npm-cache/_cacache/index-v5/e8/72/82f17f9564272d0a2798fe17f256e490c3c34c4411395735cea376edc1de","A","72BC7F7614354DE5F0616F3F4BDF62B876EF6128C14CFFFF8D19B055EC7E5DAD","removed reproducible output"
".npm-cache/_cacache/index-v5/e8/a3/f324f79495e6d276d4bcdd7bfe7e25987910848183f9d444c445f2a1c55f","A","B2DDC976DF0C6EC086722AB5F258A5693B31A96391FE4C723AAF5B5AD4A9D9F6","removed reproducible output"
".npm-cache/_cacache/index-v5/e8/ad/09d01e1a140286a104a3deaa2cda92fe426a5115039ba9b221f230288b0c","A","11F0E0D86AE098EF74381031BA6CC5BB707268EBCB6B9B2BB0675E5F45B2B521","removed reproducible output"
".npm-cache/_cacache/index-v5/e9/8c/fdaaa818ebcf8b0bfaf4478f181879d3f7a5032352e5b27bea5c25183dc2","A","37AB0AFE703F623FA9217ED3CCB6E267DC64386C6BCDF579978C84B95F89443E","removed reproducible output"
".npm-cache/_cacache/index-v5/e9/a9/5b88cf3c6125d3f0a83e08d7fc6bc3848a7da209ed87f32d58376e0c2224","A","59EE6B84A14B8E610B1F2A1C839390DD71A766B262EEC79E2E0AC73822CB01C0","removed reproducible output"
".npm-cache/_cacache/index-v5/eb/76/4c0043136234f6ce43613104e8dcac925cc370a2dba9d771b57f3e49f7c9","A","855C6E950BD293C2C6C0A2F1286D0D489BA2F082F8E39B2CE9DA994E2F5B72A6","removed reproducible output"
".npm-cache/_cacache/index-v5/eb/81/89fb3fa6ee5600ec753f44ca84a0ae7e3f993ab13ff00a7fd352a562bcc3","A","3125DDFC4BEB429B9323D0438EA99109D474F7D1C75A4561B9E2F2E24E31B4DC","removed reproducible output"
".npm-cache/_cacache/index-v5/ed/ae/7ba0b9b690691f421a084eac76303bb06beadc65796c38a94889436512be","A","2A9F96E8EEEAF65945516A4495C9032DED69F42AA8B197D3D6D88A102CD35D9B","removed reproducible output"
".npm-cache/_cacache/index-v5/ed/b8/21f3b978a3a22da2c741a07872da75d54875dd2620f1fbe58f0b0f9d92a9","A","6B1A9B5EC4C61F3B9261D0F3CF893F6437652A4CD84FDCF6AE932AD3D539EC54","removed reproducible output"
".npm-cache/_cacache/index-v5/ee/2c/6d5c2061312fdd689bcc92e60ccf2b2e72bc15b7e22453f3a8680f491803","A","31567761F9777E7EBA1F563DF0367E89ED615680C4A572E7BA1A0FB535925095","removed reproducible output"
".npm-cache/_cacache/index-v5/ee/4e/da7610e6e9d4cf0be99f6af08223855fd73aae30090d91575a7bc23387a0","A","DABA566C82CE9748B1F6C13040B9C94477AC47AC25274EC30BE3D23BAD6415C9","removed reproducible output"
".npm-cache/_cacache/index-v5/ef/35/cf17cd3de00125b0e28522e62134303467abe635299a2e0d228d77670ca9","A","74D44265CB9225374F64996FFAF54906BFEE72FCEB07A1E845F34D56495869CF","removed reproducible output"
".npm-cache/_cacache/index-v5/ef/5d/511ccf9bb97ba95651d677533a923828a2f3c30c8e716211478abcac8199","A","8D12A2FE2F8D1F791E4BE2D6D633DF16E9E32E694D4678F5E202298FB2FA9A85","removed reproducible output"
".npm-cache/_cacache/index-v5/f0/06/7e19fc7ab9d7f604f573155a15899edd9e338a4cefc866dd909b7a352b9b","A","B64A554C0E245095203B8B30F4BB3F6F96170CA96CF6B5AB7CA8389B94B380C2","removed reproducible output"
".npm-cache/_cacache/index-v5/f0/3b/58c14b3461e0a75ddd4a0be80707cae7f82bf1ef1ae03a0dfc8054aa2570","A","72A945252C5C781E28E015B7322664EA2C034868A361CEDB1DB79633671AAEA2","removed reproducible output"
".npm-cache/_cacache/index-v5/f1/17/7d3c580b65869fc4f55b962ca87f8ed801eeb7d0a568c2b65f39ea2df787","A","9A38B596231CF451023BEA1E48552E509BB89DD1305987B58EC0AC5E9EDD8849","removed reproducible output"
".npm-cache/_cacache/index-v5/f2/90/5f426285c7d8a666694a7f987731760c151e85591b72fb047e2171695abf","A","D7C15172C8E034847772B85352E45FD6E250231B22F2B55D1B0CB4359A35CE46","removed reproducible output"
".npm-cache/_cacache/index-v5/f2/a8/96f9fcc533e049869e9b00ffe42e3b0fa381051c8997cdfeb7bc0d0d843f","A","39FE146ECBE8DF217451E0CB100D6A5E7D1BB4D99C5F3E778A2934E4DB48A506","removed reproducible output"
".npm-cache/_cacache/index-v5/f3/82/ffe6d031118c280f930d5a8ba11df17d931b6f09825617541d35aea437bc","A","7DE10CCF1B1F96BA1F1BB64170C4AFC4F2FFD8778C72DEC8EB910C8239A767DF","removed reproducible output"
".npm-cache/_cacache/index-v5/f5/8c/714670bd310136e570dad158a8a49596f8c85aa681ae2f8e647049d5d8cf","A","D4F328052D4AC64CA8C1E7AB5168BA9303D8A3C6E4C264ED11E5B5159D5272F4","removed reproducible output"
".npm-cache/_cacache/index-v5/f5/91/b4bddca1df9d1a5db8fc8bd09d22078228fd3c1f50ad12a3c9886499c03f","A","978B865A701C6F5A563A37A07A6A214E37E4AB359EB3BC5DCA1FFBA1A2B7DF29","removed reproducible output"
".npm-cache/_cacache/index-v5/f6/44/be954aca6e8bac59ed3f9aeedddfb27aff4451daf808e122d86491a37f77","A","AB861132CEC25173645C49C79B72927F6DCA0BA53FDB352462480B4CE5D72E54","removed reproducible output"
".npm-cache/_cacache/index-v5/f7/5f/6ee4062ae1003b5ff29da49205d1581c067966dbf36da90eaa593179b7d8","A","2B3AA06C984FB79D31C1308F368EC4E52917F3099624C05C99C71D61D0E8EC20","removed reproducible output"
".npm-cache/_cacache/index-v5/f7/67/c9f87e449b5b4178a97bf5745e24407afe32b0fd84633b99954cfb3027f5","A","1CEAA2882638DA412F2F381CC155216A91CAF4D585259DD6D0C35DE8E982C17C","removed reproducible output"
".npm-cache/_cacache/index-v5/f8/a0/2b10a4c5a762caa8b87f4f9470938326005d452b14dfb0055daeb8de52b0","A","19C619FC7D7762BCD135E1779F9C5804B9936A73EE4BBB87D343CDF097B7DEBE","removed reproducible output"
".npm-cache/_cacache/index-v5/f9/04/42bc5c975fc4953750008687d8ca20210848bdb5914ded0542e37fbf0ccf","A","3BFD8374615E1485A45CFD258026FDE278388E4B3A7FCE02A447891143E65929","removed reproducible output"
".npm-cache/_cacache/index-v5/fb/c0/1e9a91a9cb5a24e0a406a55d70c2b2d5809839970c86e63989e3bb200718","A","E80275BF2706FA4FC1F60CB202CC65F105B36E52C9CBB53A1D017AA458EBF1F1","removed reproducible output"
".npm-cache/_cacache/index-v5/fb/ea/7f7a0679c52edb767a55df3d93f847884d7909cf16c2f148ba11d53e9f7c","A","26AEA82834A7D31E2CFD1B41C7B5D4D624CA34BD9CDC31C87E65434C7B24A324","removed reproducible output"
".npm-cache/_cacache/index-v5/fd/fb/c68ba9a1320725050b57ca9c7fbc237e694f1f4a6cb94104f7e3e654f7f4","A","587914077EC942BD1391A054AA92182F31FD4658F9F6181504FC72578AC685A8","removed reproducible output"
".npm-cache/_cacache/index-v5/fe/d9/065769d90683528816e0573c51de31d23345a3b7b6f338e6a4b77381b1f1","A","31BAD19EC6BC35C5958B45E0781F3F23B47A7F72FD399C93D0A95CCFA76C4B83","removed reproducible output"
".npm-cache/_cacache/index-v5/ff/11/bd1bdd0361bbe4ffe0d3e792454b0e5441eb1e8bdb36bd5a652eb0be6e65","A","57EBDB4383312F3E20DEE3EE4FA4F23A82CE9F6FDFFBC3AB014541A708AABC6A","removed reproducible output"
".npm-cache/_logs/2026-09-18T15_49_38_003Z-debug-0.log","A","C5DB7DB8AC1B606D190055B5537FB15C2FBBA8A5E2B35EAC127A370508A82405","removed reproducible output"
".npm-cache/_logs/2026-09-18T15_49_47_715Z-debug-0.log","A","07A4F0080C3967F2320D4713AAEABEA1FF08611082AA7489C4DF4D6D85C34463","removed reproducible output"
".npm-cache/_update-notifier-last-checked","A","E3B0C44298FC1C149AFBF4C8996FB92427AE41E4649B934CA495991B7852B855","removed reproducible output"
"capability-build.log","A","C4A32610464F3BFB793C2B2F28A4DF2BF78C9BCD29EC77B9929862E50DF8EF3F","removed reproducible output"
"capability-lint.log","A","303BDE66D4DD7099275CE917C787E4914593E21735CD4465B0C310169A507FDC","removed reproducible output"
"capability-typecheck.log","A","C3033208A52996D9017A15C5FF0A8F2032790F734AFA8E03DA27AFA9A64A52FB","removed reproducible output"
"capability-v2-build.log","A","8DD9C96A2F810BC6C9021834FFBD9EAE77F5492EA63612DEC9F2F8C2013C6173","removed reproducible output"
"capability-v3-build.log","A","303630663F0F17B952CB345C4D0E64A9DE41743F363FEDBEB32F5564111A744C","removed reproducible output"
"dist-capability/assets/Capital-BMztIcor.css","A","0580768DC709C98698366E9FDBFB63D7F01864B95AF097454A74E32FEB608EF6","removed reproducible output"
"dist-capability/assets/Capital-Bw4qHO8j.js","A","446026876639BE3CCF6C1F517D0E5244FB77DCFD6BBEBECF1D2B85FA3795D522","removed reproducible output"
"dist-capability/assets/FormEngine-B0oLWaUP.css","A","2D69E112FC07B2E9700A6957AF36978CA7981639D7F5D4CFBF0EFB432E53022A","removed reproducible output"
"dist-capability/assets/FormEngine-raQM2DlY.js","A","AB8B9F70E038BDD2E76047D82862FCE1EB024C25112C7CA82362904C987D5220","removed reproducible output"
"dist-capability/assets/NativeScene-713r2fnG.js","A","13ADC6825DD7ABDCFBEE3A105BFC5373C84DDFDE3D238C599F91EA4F408596D7","removed reproducible output"
"dist-capability/assets/OperatingStudy-D9Q5NETM.js","A","E030CEA07EF3FE4B8BA2BC69C6F01B76F76D4FC83DC907325ABED79ED2A9E9E0","removed reproducible output"
"dist-capability/assets/Orchestration-B6iVt5Bp.css","A","59C85224FC8748A1DEE88954D91F45409AF4713F5DE023AEEDF620EA86B367FA","removed reproducible output"
"dist-capability/assets/Orchestration-DnTTz5HG.js","A","29B2DB81328FA457C466DF84A9A9730AC5E9DC2C995E9FD68E2FD8E055522AF1","removed reproducible output"
"dist-capability/assets/Packaging-eNmQo-9A.css","A","264BCB30707695F6178E4D78E1C0FD8E83EA914A9FE87C8EFDAE45BAE914F8ED","removed reproducible output"
"dist-capability/assets/Packaging-p62YUTMI.js","A","EB0A0D758A4C07E5480249F9A3E44A5EFEE2D9220173A4F4E9F58722D5A6DE92","removed reproducible output"
"dist-capability/assets/PackagingScene-DosSZs8d.js","A","E38A53234D8CDE7FA7C2B55EDBC03EA1BA0D7FCD8E94383C9D6F98C3741E8B1B","removed reproducible output"
"dist-capability/assets/ProductStudy-BE_kFovS.js","A","5EBA663F04275EA2AD58B137453BAEE2288F8BE27A7856BB4EB8CF0A7BDB3B25","removed reproducible output"
"dist-capability/assets/RoomEnvironment-CvLF0UIS.js","A","3D5CECAD709DDE152F323635251B3C4DFE77A8DCA3D4B221AF029C47BD04696A","removed reproducible output"
"dist-capability/assets/RoundedBoxGeometry-CL88GiKi.js","A","BBE2D91C481A3C952D9154020E5AC96A6842FA1248CA089B5E8B0CCD733CF97B","removed reproducible output"
"dist-capability/assets/Signal-BSCJ1FGr.js","A","AA1388150B4519E157642D2B8A781032309F42B828D5C917EE58B204914CE222","removed reproducible output"
"dist-capability/assets/Signal-C9PQEHHS.css","A","F97599B3CE59876B88289F99949F8C40829C32A8B81D6F55C1FAD4EE0B958D48","removed reproducible output"
"dist-capability/assets/Space-CPpLtxfJ.js","A","2834EA8FC8CAE802ED3C0AD16A22F31FC0BFBC29BF852C80FA4AD7B051907EE6","removed reproducible output"
"dist-capability/assets/Space-DO29wyVo.css","A","1EC3D11CB6B9E9D0189D7D47CEE3D3CAC31B6946D800B4C28B72C873C5EFA1AC","removed reproducible output"
"dist-capability/assets/SpaceScene-CJ-EhwTs.js","A","B1996D71100F9AE1625F57CAA7F9431E390E517E8742595DEBB56E2419679859","removed reproducible output"
"dist-capability/assets/WebStudy-D-b5GlSl.css","A","4E60298C02BE3887310C63275D0D96A6F0176BF3291E9EC0B66A19179A0CFC6D","removed reproducible output"
"dist-capability/assets/WebStudy-o7QLra6U.js","A","8B38D828DD4C8B22F54B9805A4E27A5F46728052059CDF4AD8A83CDEABD08B8F","removed reproducible output"
"dist-capability/assets/index-B1VrKQ5t.js","A","2512C94CD3DFD14210D1E951DB998F91CEE1C778F27AA818077CE5D49457F938","removed reproducible output"
"dist-capability/assets/index-r9lyERay.css","A","6DA2636E52E96CCAE2209FD2B4B4E938CB864E351D8077DBF77387B4F5BB601C","removed reproducible output"
"dist-capability/capability-lab/index.html","A","768FD6B7FF93734685CC379C7B9C6963EB6E722C6316A0D469580E46BAD6B7C8","removed reproducible output"
"dist-genesis-full/assets/index-B8IeHJLn.css","A","4F1B749BBCD9AAED10BF3B0C5AEAF246331E00CA2036F2462E172F47534A1F3B","removed reproducible output"
"dist-genesis-full/assets/index-CpkZUzwR.js","A","DC1A57E5E358DC4D69C8FC484E014815B3CE51A2F82FAFEB2E96F86BE2B537FE","removed reproducible output"
"dist-genesis-full/fonts/bodoni-moda.woff2","A","2BD498670E72606236B4FEE0165C53CB52E7D0BED5160B4DF3BFF8A3863BF318","removed reproducible output"
"dist-genesis-full/fonts/manrope.woff2","A","A30DDCD349703AFF7464C34BEF3FFFDFF405EE50C113440D7C8693C02D210972","removed reproducible output"
"dist-genesis-full/genesis-full/index.html","A","9DDB325EE55AD97671B75553F111C7C600BC6F93966619D0124116AA6DB7B5AC","removed reproducible output"
"dist-genesis-storyboard/assets/index-BRtks9qn.js","A","E3E98725A2FE6F66ADDE3E5D76F73A35DBA3FB1D4F6115535FF3E0D7281264AB","removed reproducible output"
"dist-genesis-storyboard/assets/index-CAeIt1g1.css","A","57731E2BFC09F9810D524DE72217256C2BB74EC8726422D957D34144482EC7CB","removed reproducible output"
"dist-genesis-storyboard/fonts/bodoni-moda.woff2","A","2BD498670E72606236B4FEE0165C53CB52E7D0BED5160B4DF3BFF8A3863BF318","removed reproducible output"
"dist-genesis-storyboard/fonts/manrope.woff2","A","A30DDCD349703AFF7464C34BEF3FFFDFF405EE50C113440D7C8693C02D210972","removed reproducible output"
"dist-genesis-storyboard/genesis-storyboard/index.html","A","242877E63B2996437D8F86120B627F95C65848D94CE27165BEB97B6AFF8480EE","removed reproducible output"
"dist-genesis/assets/index-DJuNWrqm.js","A","5D101FD77F3ED0C98D016DEE1788E730F0E1168F17C89BE0AFC9FA4CAEAFCD07","removed reproducible output"
"dist-genesis/assets/index-Dmf9Ph4B.css","A","96165618CF5B113E9107A828A7A72A5FFDC6464F361333DA5386D3025543C80B","removed reproducible output"
"dist-genesis/fonts/bodoni-moda.woff2","A","2BD498670E72606236B4FEE0165C53CB52E7D0BED5160B4DF3BFF8A3863BF318","removed reproducible output"
"dist-genesis/fonts/manrope.woff2","A","A30DDCD349703AFF7464C34BEF3FFFDFF405EE50C113440D7C8693C02D210972","removed reproducible output"
"dist-genesis/genesis-proof/a/index.html","A","F47E422E4484EB54BFC3CDD345A13096A23BA54A35FCD4A9DDF3DBB66BDB3F58","removed reproducible output"
"dist-genesis/genesis-proof/b/index.html","A","F47E422E4484EB54BFC3CDD345A13096A23BA54A35FCD4A9DDF3DBB66BDB3F58","removed reproducible output"
"dist-genesis/genesis-proof/index.html","A","F47E422E4484EB54BFC3CDD345A13096A23BA54A35FCD4A9DDF3DBB66BDB3F58","removed reproducible output"
"living-founder-build.log","A","290390C5A358264D31C54A31DB05889C1A02D4E7E3163B010BD57F9D638C2ECD","removed reproducible output"
"outputs/add-phase-iii.py","B","9E8C21DD2AED93B530EE52C4174FDE17BC9712F90FEDE52A1C45A5BF6CE139EA","archived and hash verified"
"outputs/black-draft.cjs","B","636189B51A39A24060E1FCCB1BC82FE841C8C46FDE760342D8741AB1D4D46328","archived and hash verified"
"outputs/capability-interactions.cjs","B","83EFBD567B6B872ED803F7051D3A6BFBC66C19DD88096A75DB7A8829D6C909B4","archived and hash verified"
"outputs/capability-phase-ii/form-primary-1440.png","C","C7060E5BCBBE681A9F29501332816E028835BDD8404DA522A29220B6022B37F3","archived and hash verified"
"outputs/capability-phase-ii/form-primary-390.png","C","FC462E5DA4109F2879B859BC887AD692EFE440F91ED20D398EFA54743CDA7992","archived and hash verified"
"outputs/capability-phase-ii/form-transformation-1440.png","C","A5CC7CBEBB7A23639C67BC7C38BE2C713E2CA854EFC31BD77BB8EDF78AFA8288","archived and hash verified"
"outputs/capability-phase-ii/packaging-finished-1440.png","C","0959F5438700A5DA3D30EC20CD96878FCA9FC1BA9448B2EF5D5899DD1C665FB6","archived and hash verified"
"outputs/capability-phase-ii/packaging-finished-390.png","C","9E69F75C8F8F0A2DF8EAC852DD65E0CDE9C755A4276964EC755B0284EA0CBDFF","archived and hash verified"
"outputs/capability-phase-ii/packaging-flat-1440.png","C","386DD4CE3F7CDC98CEED8AFFC030B66EDDE763BCFD4E632FE554F9EE5D2D37D4","archived and hash verified"
"outputs/capability-phase-ii/packaging-mid-1440.png","C","2BAF37B17F687F0FEC98630B935022B5D2474F5F3C79C1091DDD8E2F7BBB8BC5","archived and hash verified"
"outputs/capability-phase-ii/qa.json","C","33799505E1EE0AC86C6C49AA7A9479DF07DF6EF5E7A6354E72812F5F309B2D41","archived and hash verified"
"outputs/capability-phase-ii/review.html","C","E5B9A13C474C3A18209E2AA67B110B4C79CF8323AB4AE976849C4E605BFE83B4","archived and hash verified"
"outputs/capability-phase-ii/signal-intent-1440.png","C","0285CBB41A5E94D648CE72411522D2F1AC5B9AFCB2B6513653C59FC41A7E1014","archived and hash verified"
"outputs/capability-phase-ii/signal-primary-1440.png","C","951DF420E5557260996E70C0B7BA93F1B273A4C4E2C055FD43DE759E9CAAF5E9","archived and hash verified"
"outputs/capability-phase-ii/signal-primary-390.png","C","249D83ECD16E97964EE08F5485FC1111D8325CB547E6235E03BCB8AA38D7F792","archived and hash verified"
"outputs/capability-phase-iii/capital-assumption-1440.png","C","04936061EA4A3B6B6AFF7CF42C83A391644EAB4BF84C832EF57E713361324CCA","archived and hash verified"
"outputs/capability-phase-iii/capital-consequence-1440.png","C","8105A301B483ACE5FE62359DBB7D0A70F33CC0ABFD7906EAEB596E6BD9AA0D49","archived and hash verified"
"outputs/capability-phase-iii/capital-deployment-1440.png","C","E2BC42C25385EB550A98B8918DC03E2404EC1D85AA9C85B951D28C88B197BD79","archived and hash verified"
"outputs/capability-phase-iii/capital-draft.png","C","F58BE97C259061E5E72D0649A16871FB7F8D75A82F830A2B5060845EE0CDB4F1","archived and hash verified"
"outputs/capability-phase-iii/capital-thesis-1440.png","C","1B091EF3815391A905F8E82EA78C2F646E3F2F6E8B51A7C1EB8D037E5869F03F","archived and hash verified"
"outputs/capability-phase-iii/capital-thesis-390.png","C","7F68365711566C4E500EF9DEAE3AF5761767C026D4DBB492581B361D8EDA8E08","archived and hash verified"
"outputs/capability-phase-iii/capture-errors.json","C","4F53CDA18C2BAA0C0354BB5F9A3ECBE5ED12AB4D8E11BA873C2F11161202B945","archived and hash verified"
"outputs/capability-phase-iii/index.html","C","9B3960F33189EF979C9E229565799DEFF19EEBF37B7AB8C4D94318447D91B6BF","archived and hash verified"
"outputs/capability-phase-iii/inspection.jpg","C","91E70AE8828DE0B8B80C42B4FE81F36525C732051187AB4C9D34F7F5AB8B7CF1","archived and hash verified"
"outputs/capability-phase-iii/orchestration-complete-1440.png","C","1DA3758A9C1FEEC1F38DC75B22AAB7C681BA46D7A01B1950E42ED072951D964C","archived and hash verified"
"outputs/capability-phase-iii/orchestration-draft.png","C","952EB138259BF9EE7ED4095346FFA30360E939D8D9441C22BE694A221F77FCA8","archived and hash verified"
"outputs/capability-phase-iii/orchestration-exception-1440.png","C","ADAB5ADD47D6996F6E8D145F3AA002C3254AF36E1662E4E4FBFD9483952157C8","archived and hash verified"
"outputs/capability-phase-iii/orchestration-execution-1440.png","C","E1E5B17E53235A9DD1D267CF93610F29E23711E65E9EF743DBAA22066CA81608","archived and hash verified"
"outputs/capability-phase-iii/orchestration-execution-390.png","C","82EEC168A8B3B30B8A6851C639CD2E934093EADCF3E2D3D0AE4596BA6206D8C1","archived and hash verified"
"outputs/capability-phase-iii/orchestration-human-gate-1440.png","C","641C0AB8253793110A08C947F079F2148F3FF52EB4B63819508969518B3B86A2","archived and hash verified"
"outputs/capability-phase-iii/orchestration-idle-1440.png","C","9D4B60B53F22480F286E954A3392B1D8C73919C65C09E8873DFE6AD0C9226638","archived and hash verified"
"outputs/capability-phase-iii/qa.json","C","BAF3564E2E8C522E7816F31BC4CB15D387E7FE10A45F4470085FF92B6407DCA4","archived and hash verified"
"outputs/capability-phase-iii/space-draft.png","C","BED2780A0267622F2716F1463D9B8C6C4356E1C7D660317BC21CB6E921B44243","archived and hash verified"
"outputs/capability-phase-iii/space-human-scale-1440.png","C","8BF430DBCFAAD10C6BF4AD523BC38B916653DBF511E4EBE28CC90614AB12D00E","archived and hash verified"
"outputs/capability-phase-iii/space-mass-structure-1440.png","C","EF25D4D4064CBB712B9363F00F7592577257C2FA80F08B2974B811F75F2B410D","archived and hash verified"
"outputs/capability-phase-iii/space-material-light-1440.png","C","3F7C698D0B80C5B99C9B314CAC932B9CF4C7D344DE96D8F60AFDCF5408F7DDA1","archived and hash verified"
"outputs/capability-phase-iii/space-occupation-1440.png","C","3BF8F2A33B7348528AE662FFAC10F9C9031695D00E251BACC7AA4A7821C65E87","archived and hash verified"
"outputs/capability-phase-iii/space-occupation-390.png","C","E7D0048D15203DE068E0A67374E3F3EC49E20554F764309D7C00AF07013BAA85","archived and hash verified"
"outputs/capability-phase-iii/space-plan-1440.png","C","C28D2CCFE932F524E558C7B203E64F7DE6BF5B3D0D8D0AA1996551B9CDDC6691","archived and hash verified"
"outputs/capability-qa.cjs","B","CAFB90631E9B409EBF618F112FF48D6E79442F2D860405A3E698356B3AB3FBCD","archived and hash verified"
"outputs/capability-review/3d-product-1440.png","C","4E4933E6D0CCEF3059FCBF7CF7AF5C68CE941CCF43082921D19CB9605BDA4562","archived and hash verified"
"outputs/capability-review/3d-product-390.png","C","BEA94491F5555393AEBC03EDA5CE4F6DF0428F63F5F40EA20020630CC142FC31","archived and hash verified"
"outputs/capability-review/geometry.json","C","7AE0B89AACD89A96897EE5E45647D04B6E931FA8B795F6B9BDC5ABDD30DE1E55","archived and hash verified"
"outputs/capability-review/interactions.json","C","611754FE5E37584496585787CA6780D2BF4C249DE568090A627C8F174D462FF9","archived and hash verified"
"outputs/capability-review/os-1440.png","C","F3B024BC634CA3838D853F1E170E794C5DB7B3650AA4514A64D62F7A72FFFFC6","archived and hash verified"
"outputs/capability-review/os-390.png","C","04012EF08D12B5EFEC9BE24976D4F2DF6ABCFEDE4658E3DE25B7CE816B371EED","archived and hash verified"
"outputs/capability-review/product-assembly.png","C","99CA7243CFCD0365BA36C0E43B875FD2EADA7572EB2BD39515198F3F7B4601A6","archived and hash verified"
"outputs/capability-review/web-1440.png","C","2C6035D5F72F5584BE50F8C35358B772B03FAABEC21F935B125EA8576764C6C9","archived and hash verified"
"outputs/capability-review/web-390.png","C","BD0DFA298B04575E4AC3EC072C74AF4D087DC17FC1579088AA017AAB574F3E74","archived and hash verified"
"outputs/capability-v2-capture.cjs","B","6474C843139C20DEBBF906E929D11176D93DEBEA5C871DDD48C147C9125D45CB","archived and hash verified"
"outputs/capability-v2-qa.cjs","B","EE9678F5B664FC7D6149CA77943B81E6627B7BC7D12E4D9584649BA5507F83E4","archived and hash verified"
"outputs/capability-v2/living-canvas-1440.png","C","D3C5EC9073C9409AAE80495262001D9CC979CCF5E9C5B5DCBA0030D31A7064DE","archived and hash verified"
"outputs/capability-v2/living-canvas-390.png","C","E38EB2B30F38AEBBF4214F6BE477B407EDE525E346CE6457967B8113C3E45236","archived and hash verified"
"outputs/capability-v2/living-canvas-transformation-1440.png","C","B955A2FF3DDEA17F10658AB645B791E01DB98011F6F845F6FA63AC15E9B6B213","archived and hash verified"
"outputs/capability-v2/object-zero-1440.png","C","6497AAE17E5B5AAFC25B072E6DA388B9D309E83C668F48714E6279A33524781C","archived and hash verified"
"outputs/capability-v2/object-zero-390.png","C","9C0F612B88748DA90076F45FF1BEA1D2ABDCCEE1BDDD9AE3AF1A7C6C38B45457","archived and hash verified"
"outputs/capability-v2/object-zero-interaction-1440.png","C","1F2B46AEDB7B75A4BC83CFA311CD1923A866FD0F15B771FD1571DE2B978F9362","archived and hash verified"
"outputs/capability-v2/qa.json","C","65CAB10CAF82E2B9F53763D21EB381755B90A1FE2A7D26E45FD8220E95E8A791","archived and hash verified"
"outputs/capability-v2/sovereign-os-1440.png","C","765809EB97CEDFA7EC70C961E053FECC5573511859DA4F394B750D29C7B0749B","archived and hash verified"
"outputs/capability-v2/sovereign-os-390.png","C","7E7A564F0C850466DCEB1D62B196A3A11631FEF43E91184D807A51D7E7C528D8","archived and hash verified"
"outputs/capability-v2/sovereign-os-decision-1440.png","C","C5660FBA1AEB017530D68A5A001BA858CDC713DF5D1B038EABD3F13105165CBA","archived and hash verified"
"outputs/capability-v3-capture.cjs","B","2DD00EA963B797CE1D1141973A41677EF3F43F68331DD1130CBEA8B136C3F6B4","archived and hash verified"
"outputs/capability-v3-qa.cjs","B","D27EEA7BE8C30171CE0FEC522258F03B3EF449705220D24A83BADA2F9D72F708","archived and hash verified"
"outputs/capability-v3/living-canvas-arrival-1440.png","C","16C1C100696A00B690A008CDF3AC755B72E966EAF14B99C6622AF995769FEE6A","archived and hash verified"
"outputs/capability-v3/living-canvas-arrival-390.png","C","9F629B02C116420CF4BBACE0FB9310CC8D7B1AF9258571E01173CC089903CD17","archived and hash verified"
"outputs/capability-v3/living-canvas-destination-1440.png","C","413253767BC9A3209F1B48AA48092DCDAB27B95CF50C65AEAF5F9D819EF8900D","archived and hash verified"
"outputs/capability-v3/living-canvas-destination-390.png","C","CF3EF75B77B04D0019F5C37016AA9E04C6C92078ADB88E2673D4AC29669E0E79","archived and hash verified"
"outputs/capability-v3/living-canvas-mid-1440.png","C","9466B3FE0FD89B111786B2CE972F510257A73BE5C87AB696F17C8D0750188BBA","archived and hash verified"
"outputs/capability-v3/object-zero-black-ceramic-1440.png","C","B6B9DF88D2D615CCA773B60AC5F5E48D50200FD94462C3E17B544F87FF51DAB7","archived and hash verified"
"outputs/capability-v3/object-zero-exploded-1440.png","C","B4A5C63BA225BDB40D83723DA883E5EE0D6EDBF8C8ED1A705D25D6C5FA32D059","archived and hash verified"
"outputs/capability-v3/object-zero-hero-1440.png","C","709CAE28214E45E082537173783D029B430DC5F2711C63CB19B10C579F8FF4BF","archived and hash verified"
"outputs/capability-v3/object-zero-hero-390.png","C","B78FDDDE4EAAF4ACA5B1211B23B69EE49CC7569B5B3E2EDD3E04AEC9872588A7","archived and hash verified"
"outputs/capability-v3/qa.json","C","58D928E396A14E6B8768E2EC08EF1DF4D450B1FBB8BCCB92DCD28684736FBF55","archived and hash verified"
"outputs/capability-v3/review.html","C","861E54F04A5C777DA79F3209BB82326ECC487DBBB2DB8DA74548F52ABE70189A","archived and hash verified"
"outputs/capability-v3/sovereign-decision-resolved-1440.png","C","21A2AEAF26589980DA29C82CA63425E896E43D36BA79D89BFCD91DB84CD072A1","archived and hash verified"
"outputs/capability-v3/sovereign-decision-selected-1440.png","C","79B865540249E660CF1487C0B2502D91E01FDD684CB5A7AB68B4BCA99BA7491D","archived and hash verified"
"outputs/capability-v3/sovereign-focus-390.png","C","7E7A564F0C850466DCEB1D62B196A3A11631FEF43E91184D807A51D7E7C528D8","archived and hash verified"
"outputs/capability-v3/sovereign-now-1440.png","C","765809EB97CEDFA7EC70C961E053FECC5573511859DA4F394B750D29C7B0749B","archived and hash verified"
"outputs/contact.py","B","398BDC34E8FD6BF435392B3BF65EFF47F49B52CF18C90A8059B678940C1F099B","archived and hash verified"
"outputs/elevate-space.py","B","C307313FED29331A77FDD4080E6AA63A3E16EE4463AB2B04B281F529C5D709D6","archived and hash verified"
"outputs/final-assembly.py","B","9908551C3214D574F4B8FE210DA7F322EE291FB492923A6C389DD5F36ED38820","archived and hash verified"
"outputs/founder-draft.cjs","B","4EF9793961C067C2E182F6D4DCB3963AD505C08A64BE6885708A43D4BFDBEA30","archived and hash verified"
"outputs/founder-gallery.py","B","0AA19702F7FEC3C2EBD23F2A85A62C49F0ED0A71F1FD2F103D1F8D48F4AF3BD3","archived and hash verified"
"outputs/founder-gate-captures.cjs","B","FD5A1E4C8FE4FE7F45BCAEEDE07405F12EBA13419042E5DDB3BEBFBE9C13D492","archived and hash verified"
"outputs/founder-gate-qa.cjs","B","25EA6DFDFE840EC4E04EDE846C99507A31B8F1DE77FEFBA2013C8C8C74542D86","archived and hash verified"
"outputs/genesis-company-ab/diagnose.cjs","B","C5CE379AE43A9BAE83349079B91D1ADE6C008BF7E4C88562D3DF958BF708C4B6","archived and hash verified"
"outputs/genesis-company-ab/first-look.cjs","B","CA3FA60D721A3EE753266DA127C9EE515A85E4F8D74E5BFE38B9EC764ED0A9F9","archived and hash verified"
"outputs/genesis-full/first-company-1440.png","C","1C6EF3BD7A53802B1265527FB30172AC685FFC0D6E6CDB1C8913C05D253AC298","removed superseded first-look capture; approved captures archived"
"outputs/genesis-full/first-company-390.png","C","B589ED6ABBD6B7D771508A4475169F2F8B79AA0E157ED28CDDF567C5E168CDBE","removed superseded first-look capture; approved captures archived"
"outputs/genesis-full/first-economics-1440.png","C","EB07473641BEDDF394630408324B87EF511298F62464BB525C5004DD392A3F8C","removed superseded first-look capture; approved captures archived"
"outputs/genesis-full/first-economics-390.png","C","97F45B597F50787461AEF47C3C3B89D55131B4EF748357A8BDE34E488ED76EBB","removed superseded first-look capture; approved captures archived"
"outputs/genesis-full/first-experience-1440.png","C","A87350DD75BBFD55149ABBF6E3E2F763FAA61A805BDF90B61EFB76C09BCB8AAB","removed superseded first-look capture; approved captures archived"
"outputs/genesis-full/first-experience-390.png","C","8B4F92F02C924EA2EE72913408F4A7180C4D701A8C26017AA4B241661C92723C","removed superseded first-look capture; approved captures archived"
"outputs/genesis-full/first-identity-1440.png","C","8245042835D2016170CDB78D7636897198F1608C3807E254911A04BDC786651A","removed superseded first-look capture; approved captures archived"
"outputs/genesis-full/first-identity-390.png","C","9695CD5C0A9F2BDA60ADE087505ACE5469BD72BB20F1B37B7B4B7DC587509EB7","removed superseded first-look capture; approved captures archived"
"outputs/genesis-full/first-look.cjs","B","491D7CFDC8A63EC6B461094FDFC401C04378E19FC6E17BB6C970710891448AE2","archived and hash verified"
"outputs/genesis-full/first-market-1440.png","C","056A423EA430331E4BC3B0E461F5F38CBE0D4B25FCCAF5CD6A0E067C1110EEE1","removed superseded first-look capture; approved captures archived"
"outputs/genesis-full/first-market-390.png","C","8129EE1167F9E26097F3F47C172AC98E04946A9A2135B8ADFD579D2150C33391","removed superseded first-look capture; approved captures archived"
"outputs/genesis-full/first-system-1440.png","C","3F7367088B1D4D1AB83A1B0E0968CF6ED302A29B09E024AE6CE18F7A503F14E2","removed superseded first-look capture; approved captures archived"
"outputs/genesis-full/first-system-390.png","C","1CD6A42F61AE83655946B51A0698B768BCF165F0552E886B6B4D64936FD730D6","removed superseded first-look capture; approved captures archived"
"outputs/genesis-storyboard/first-company.png","C","E5A77F5BB9F330C3693D2F41E3AB58CC614E3334EE9C9A6130B79EB03AEA394E","archived and hash verified"
"outputs/genesis-storyboard/first-direction.png","C","394A3646FB87939321DB03FEF64BE046CABA78044B41C5D66C23E18F6DC06431","archived and hash verified"
"outputs/genesis-storyboard/first-form.png","C","912A22C761C21F68997E4499BD651DD854F2476CA7D69205E24FB921DAA52736","archived and hash verified"
"outputs/genesis-storyboard/first-intermediate.png","C","FF1F12B399FD40333199315930A4FED563952496A900B4668D328CECE3E39430","archived and hash verified"
"outputs/genesis-storyboard/first-look.cjs","B","F1E4554509636D14B87D784E4BD8BE3AA3BE6FF535864CF1ECC93D804678F780","archived and hash verified"
"outputs/genesis-storyboard/first-mobile.png","C","022BFEADF3FA3C1EC5916EF9AC0F861A553A477487EBFB1CB4F04136A5477A9A","archived and hash verified"
"outputs/genesis-storyboard/first-point.png","C","899326A5E55DFA539FA319D21FCB63D0210AD7694B6917335C802F4158421083","archived and hash verified"
"outputs/genesis-storyboard/first-return-l.png","C","450AD1358A762C7824BE717BDF7A24671643E8B2B7244A7A4366B7A1C96FC7F5","archived and hash verified"
"outputs/genesis-storyboard/first-signal.png","C","A8B7B4104912270008FCA87B8D3AD10459EE001832F3CAEB15759740F15347CA","archived and hash verified"
"outputs/integration-work.png","C","9FF7445E5082BA269DF896E0333911290A06B498FDF0BB28579E33FA9C30964B","archived and hash verified"
"outputs/living-canvas-founder-gate/1440-closed.png","C","2788499F5E9ABC665DE658F86B3C8B29DA77EF6AA11FA2297E832A6B76A589FB","archived and hash verified"
"outputs/living-canvas-founder-gate/1440-opening.png","C","3DF98E70393D8A148250BEA36628F751962D71C8D0D23B0A603883B85D8153D8","archived and hash verified"
"outputs/living-canvas-founder-gate/1440-revealed.png","C","935171510397FBDD913C3E8814F79BAC96BF3C569A3407DD8EF0FEA352677C10","archived and hash verified"
"outputs/living-canvas-founder-gate/390-closed.png","C","47EA1374381B9BC8C7D20815812843FE41A08573780DC7541F9747098EBB784F","archived and hash verified"
"outputs/living-canvas-founder-gate/390-revealed.png","C","F78098CCB887626BDCB12B7027C2ECB907631C4EC1B7FC1C147EC7F59BAF8813","archived and hash verified"
"outputs/living-founder-qa.cjs","B","002A324DA738CB25248410958915CA2EF3F4E8ED03B6808D530657C90226DB81","archived and hash verified"
"outputs/phase-ii-captures.cjs","B","C892662048DCBFFF616A6CC75626AFCBA3BA9188EF91D1D833E3FD2653E90845","archived and hash verified"
"outputs/phase-ii-founder-gate/capture-errors.json","C","4F53CDA18C2BAA0C0354BB5F9A3ECBE5ED12AB4D8E11BA873C2F11161202B945","archived and hash verified"
"outputs/phase-ii-founder-gate/form-environment-1440.png","C","B171BD448BA8A3A6672009B2A5CDFCA8EAE80744A7F501DEF05FBC9DEFF9DA51","archived and hash verified"
"outputs/phase-ii-founder-gate/form-interface-1440.png","C","3BC32B58EBA81E4D1A304FFB5BE2E95AE4C1BBC509890E0D9F60F6E81E5FDEC4","archived and hash verified"
"outputs/phase-ii-founder-gate/form-language-1440.png","C","C72D5756D2FD9CC695005A983AD953B29F852C813AFA9C5D3FEF45487EE5F04D","archived and hash verified"
"outputs/phase-ii-founder-gate/form-primary-390.png","C","09C4DDB640CEA3CFC7E888C78E45F548F2B7F7DA861300CD40B797ACA1346145","archived and hash verified"
"outputs/phase-ii-founder-gate/form-spatial-1440.png","C","7C63D5942D6DA0BA26D27F2472BC2AEF919417F57CF56273FC4AE637D8814BAC","archived and hash verified"
"outputs/phase-ii-founder-gate/form-symbol-1440.png","C","BCFDB9E866E57B3FE049DB77FD7474A45129EF86DDE76BC19E5DC97E2C02B732","archived and hash verified"
"outputs/phase-ii-founder-gate/index.html","C","93A3B35879161E029AB9B04DE1544C3A8118BABA946EB9BCE1F69403B7063B25","archived and hash verified"
"outputs/phase-ii-founder-gate/inspection-sheet.jpg","C","0E5E31C97DB3098BC29C955FD6928C9751E896919DE972F0EA6AC675C00B3145","archived and hash verified"
"outputs/phase-ii-founder-gate/package-black-draft.png","C","F81C44183E6298E8424928D1610F51CAAD44504A23046B5CEBF05BA984A5AC09","archived and hash verified"
"outputs/phase-ii-founder-gate/package-closure-75-1440.png","C","6159AA1BB36291D2575CDF5AC06223A3724344CA115F7F9ECA75DCB20570E164","archived and hash verified"
"outputs/phase-ii-founder-gate/package-dieline-1440.png","C","1183AE1D71E52C4F1F25A6F90DCB960927064E004EB76D069E3889B1CAA537F1","archived and hash verified"
"outputs/phase-ii-founder-gate/package-draft-open.png","C","639C30BF9A0F18F5C301BBD18DFD3A2AF7A40CDB8BDEFD9F6479698970A9861E","archived and hash verified"
"outputs/phase-ii-founder-gate/package-draft.png","C","1341F696B3BD515CAAA92FD27792AF2A6E97BFFC7F02AAA17E81B20CA152751E","archived and hash verified"
"outputs/phase-ii-founder-gate/package-finished-390.png","C","D664A9FDBE4B7CBD88D9A474261038036986144518709BA9042E959D28BC749D","archived and hash verified"
"outputs/phase-ii-founder-gate/package-finished-closed-1440.png","C","7A22F43F664A79B40C81B002563C11708421EC78172F843D6F8D07031DBF21B7","archived and hash verified"
"outputs/phase-ii-founder-gate/package-finished-open-1440.png","C","7900E7E0DEA13191E76E864606012AF9FFFB0D607D41D37917BFDE93A52B1B34","archived and hash verified"
"outputs/phase-ii-founder-gate/package-fold-25-1440.png","C","C3044FC6E9D607BE30FFEB01F853FC586770279B3F865458D5EBDB39755AEE92","archived and hash verified"
"outputs/phase-ii-founder-gate/package-volume-50-1440.png","C","23BF50C590332541A6B3AF301674B8DEC026AFFD6FA123E0D74DFD00BD9690B0","archived and hash verified"
"outputs/phase-ii-founder-gate/qa.json","C","641507A5812C419F87FFA4103E888DC5711B16225A671DCC17758EB39D9E5779","archived and hash verified"
"outputs/phase-ii-gallery.py","B","D9FB417924BCACA29B4FFD59C7E7312E9EFDBDD513F9413CD91165D53BFAFFD4","archived and hash verified"
"outputs/phase-ii-qa.cjs","B","269F87E8DA7E592849FBA798195BBDBCD38D7BE3A692AFDE855B9070B914ACF6","archived and hash verified"
"outputs/phase-iii-captures.cjs","B","37A5564B4B9024B4007F06493F521703DAD3F21BD57232D3B6173BC3C70AD4E5","archived and hash verified"
"outputs/phase-iii-contact.py","B","F6008A3EC79C6CE469EEFA0A09152927EB2741AACC68993174E755615FB013B5","archived and hash verified"
"outputs/phase-iii-draft.cjs","B","BCC5556B4DC407B59CE9A5779AF5B7C6AEA4EACCFB987942B28855B15CD2679C","archived and hash verified"
"outputs/phase-iii-gallery.py","B","9D53CA69D6704683C9CB04E79E17135CF86C08395C293689E4E1064D4D7E0A8D","archived and hash verified"
"outputs/phase-iii-qa.cjs","B","F8992DFEDB5C4BF1A45DF9815B749A3471630DF7D784FFF16FA27F0E7E751B2B","archived and hash verified"
"outputs/preservation-route-check.cjs","B","54B18D0E63DA7A42A5E2C8A9DBA8968556C1A0F8E07529973D9155E4F416EBCA","archived and hash verified"
"outputs/refine-package.py","B","9B8351013D05FBD7AC61DA49A969AF0485591004BE3A8DB8CA6E3D2160B38A3C","archived and hash verified"
"outputs/refine-phase-iii.py","B","485271677AE047D3A279A5884C0230F8D81BC9A32EE7A246F2A209FE9AA8254F","archived and hash verified"
"outputs/render-quality-before/VisualEnvironmentLab.tsx","B","E061F3D39F2EBB9237382664335E54D4DE50A80CF0519FA3331386DA70F6C0CF","archived and hash verified"
"outputs/render-quality-before/visual-environment.css","B","05DF6E915A8132D6EFA162D3A2AC08EAF0672411A5494391B56D71318E2ABDB3","archived and hash verified"
"outputs/space-figures.py","B","9C49E5E9D0965D76AD56F017C88CA00708A8391B56577CFE181A71EBBE9962F6","archived and hash verified"
"outputs/space-final-captures.cjs","B","E681A89BDAC354092D852B8D476FEE3C75DD25E8F8964DC29F893191C519AE8E","archived and hash verified"
"outputs/space-final-founder-gate/console.json","C","4F53CDA18C2BAA0C0354BB5F9A3ECBE5ED12AB4D8E11BA873C2F11161202B945","archived and hash verified"
"outputs/space-final-founder-gate/index.html","C","190359336C4DB0AF3F539F4826E95F62C2948EE0A9791E6F27453C97AF26D00A","archived and hash verified"
"outputs/space-final-founder-gate/qa.json","C","500C395A4B20C22B07CED01A6897DBF5107EFB227619A8BE39D619F4B3381754","archived and hash verified"
"outputs/space-final-founder-gate/space-human-scale-1440.png","C","9D333D13098A8B006BD84B8D8574BCA567703F40C00AFBBE5500B9B3EB0E2CB9","archived and hash verified"
"outputs/space-final-founder-gate/space-light-1440.png","C","689B2AA9C3059AC9CABCD6EC3255FF2A2ACF9B8F9CE08F97F177FDB7B92B53D8","archived and hash verified"
"outputs/space-final-founder-gate/space-material-1440.png","C","644213DF68B108A9349BC8796F9E2956E7449D07688117AC94B31DEE3DFE8B3E","archived and hash verified"
"outputs/space-final-founder-gate/space-occupation-1440.png","C","869BEC05CB3B6B566C6CE5EB6B0E71377EB54040E9DFA8F551A9661F6FA079FA","archived and hash verified"
"outputs/space-final-founder-gate/space-occupation-390.png","C","D728F7550CA335B8149BB53010DB57D1B8D9BD3507DBB27AFDE8D49FE2D37E8D","archived and hash verified"
"outputs/space-final-founder-gate/space-plan-1440.png","C","FE8B699F735AF8F3CD0611A2F0F981284D1003D6F53AF015F2B21C21B84FD458","archived and hash verified"
"outputs/space-final-founder-gate/space-structure-1440.png","C","AC3A75F7824E56B967841C5C2A8D4E7A869B519405327E190348093EBE074038","archived and hash verified"
"outputs/space-final-gallery.py","B","89DBAC28BD49294D5A477346F6E2CB3D5FA92684CC5BDDA22C63A56CF3219D27","archived and hash verified"
"outputs/space-final-qa.cjs","B","A2A34B15DB4A1FB299FC6508120A0AA6FA9155CC0A893567B347A5CCA036E1FD","archived and hash verified"
"outputs/space-notation.py","B","093E221F660903A15F31199BF72549AEFD4BEA9BCFD10F0D29F2A9D0ABBCFB56","archived and hash verified"
"outputs/trace-v2.cjs","B","C918B2E56F29AC54CB94D50C60503D7B1EFB705EEFADB495D8B24A1ED9181142","archived and hash verified"
"outputs/upgrade-v3.py","B","95FC4C5D03C149A1FB8DD634E75755B0D5A2B7AE55BDB1004CF97A7624454722","archived and hash verified"
"outputs/v3-gallery.py","B","C9FBAD82DF5356617DBF454DF5E173EF8B8535DF80C0FFFC0AB5B9BB1D30152B","archived and hash verified"
"outputs/v55b-preserved/VisualEnvironmentLab.tsx","B","0324CC5D07CCD96BB75686957A40B2C8233855EC13481062E5FA26B7136980B3","archived and hash verified"
"outputs/v55b-preserved/package-lock.json","C","913C1F1EBE2B78595E2BFB441C4C7A1188758E219D78316E4CE1A4AAA914018B","archived and hash verified"
"outputs/v55b-preserved/package.json","C","E5B758D1F265829F916E404F7B4E4AA0A4811E21FE056C9C11407A0E4DED699D","archived and hash verified"
"outputs/v55b-preserved/visual-environment.css","B","37A93A3AD689291C4B5C8BA7300E8008509589E56DA7AF7FEE24DA1F3CA0397D","archived and hash verified"
"outputs/v56-preserved/CompanyRenderer.tsx","B","56A50BE0914880AEC1CB9EFB98644E8293C7021803A7FE5F04D81561DB7702E2","archived and hash verified"
"outputs/v56-preserved/VisualEnvironmentLab.tsx","B","32B8D5F1F45038913605213A03035D454438DFA5AAF8F63BBADD6C654653B6B9","archived and hash verified"
"outputs/v56-preserved/visual-environment.css","B","BF0E3F3081D05067C75852075619FEE4BC5498CF4481984E2E49A14FD41BDDDD","archived and hash verified"
"outputs/v57-renderer-before-source-import.tsx","B","9A03A460044B24BCA1FD58B04AD421551DCA524D6753B4C50C66ECA1347FFA3A","archived and hash verified"
"phase-ii-build.log","A","E4E39658651145A0955D53C8924930542E1BD6C1731477AC708A5F34A62D1A89","removed reproducible output"
