"Path","Category","Reason","Bytes"
".npm-cache/_cacache/content-v2/sha512/00/2f/fb2687c9bd91abae779635a12725e38b531f89946b7bb4d6b4c198913d3e0c635c267ca8eddbee8eda9daecf6fac92597c39966624c36a7a47bb90a6cd81","A","Generated cache/build/log","427320"
".npm-cache/_cacache/content-v2/sha512/00/9c/68503dbfd791121dbbe97328d4dbbe27b003cbb8eb4f1c2934bca24ce698fffc583f0751573568cf9d74d3f4fca60986221e8e333e3d19a265c12a1a32ee","A","Generated cache/build/log","157157"
".npm-cache/_cacache/content-v2/sha512/00/e2/2049009ea62258c0fdc04671b1fb95674eed870587736c63f8e5e2f0d6faf7cc1def64b7b279dd6c0bd8676dc39cf7f4ab33233944f42b906cf8692f59a3","A","Generated cache/build/log","4853"
".npm-cache/_cacache/content-v2/sha512/02/9e/86d16430714fcb1ecbcbc0e3757c0417f59a7403663a63f709065f6bfc96d6f74672838ff36c6eb3cca6b639300b10b6ab60798abb41a1a4ce443beed3d2","A","Generated cache/build/log","166185"
".npm-cache/_cacache/content-v2/sha512/02/ea/7b69439fa5b01483644e38937a230e5ff43301973bb4988926fe66a52d014dfd84203b8f300a3d0ac5adec10726f3d5160eec891faa4489f05dddaa8502b","A","Generated cache/build/log","10384"
".npm-cache/_cacache/content-v2/sha512/03/5a/c761bd3ace330603174b4a43767d73c1c2e49a43488ee4cfe17724b40238f5541691a74b0f0f7767d4584c13773f265b8615bc12c7209fa9d49bb502c01d","A","Generated cache/build/log","15335"
".npm-cache/_cacache/content-v2/sha512/04/b2/374e5d535b73ef97bd25df2ab763ae22f9ac29c17aac181616924a8cb676d782b303fb28fbae15b492e103c7325a6171a3116e6881aa4a34c10a34c8e26c","A","Generated cache/build/log","4496"
".npm-cache/_cacache/content-v2/sha512/04/ba/e011c453c17da8ea01b118e08dc8cbc64a9df96287ee633c3d87520c4d198aaadb40659554ebb6dd6fd3ebdaf50703cfa3de2dad25f8cee82ebee26c864c","A","Generated cache/build/log","4199"
".npm-cache/_cacache/content-v2/sha512/04/da/0263a4975cf43b805da8a483f818113e5f0ed4fa91cc60abb38e008ddc6c22688474f5451e29f85ec88af2efb42dac20650b428ad2ae7f4c447fb588773d","A","Generated cache/build/log","7207"
".npm-cache/_cacache/content-v2/sha512/04/dd/b607979a30c23d50cb63ac677983978260fa423c3532d052576d8b1a4f9cd8c6314e7244b9dd2403137a56915a16a475d56f706b61c10de13c1ae7907970","A","Generated cache/build/log","4409"
".npm-cache/_cacache/content-v2/sha512/05/1e/d5bc30951cefaadb10445ac9314ba0c9135a919dbec3c7352ba206fbd425a849f89c07162c88019df8a9749a6abf329ac6f7202b464cab4314cee978cccc","A","Generated cache/build/log","19093"
".npm-cache/_cacache/content-v2/sha512/05/2f/0f7e6b431a7ae061d3a89c665074b66c95621e08614ff6da5a9f4862d42a3666bd8d2800ecbc6600f17c6e1bfe145a027a0a3b6ff9826707a30cebd40695","A","Generated cache/build/log","4779"
".npm-cache/_cacache/content-v2/sha512/05/a5/e03ae231cfc9fca48ab77bb02d83feecf83a6262bc67e2f768b77c3d29b9c185c450abaa37c5e9907487f29ea49e5de0eb177db1f96bdfce63a33e263d96","A","Generated cache/build/log","6319"
".npm-cache/_cacache/content-v2/sha512/05/d6/e8cbe97bb40dce196e858f21475a43f92ee0728f54e4df72e3caad1ac72cdd93dfff2528b6bb77cfd504a677528dc2ae9538a606940bbcec28ac562afa3f","A","Generated cache/build/log","4621"
".npm-cache/_cacache/content-v2/sha512/06/80/bc3e23b81e4768d1354987d36dc6be4cc4f0c8effa05b2bca03790037a51527971bfaa036eb9c20603e2f967a2693d313fb917dc4d6b6c7236d46ae7dea5","A","Generated cache/build/log","4307"
".npm-cache/_cacache/content-v2/sha512/06/d1/1e4aca1a4239523c17a631022b635318d2e33abe74b58397e6b9f60eb67c4b19464cdb5efc3ca6e1b24ec57efe7c217f99b5cbe81b071c62c8743e096400","A","Generated cache/build/log","8542"
".npm-cache/_cacache/content-v2/sha512/06/d8/f604e38ef37a375b21f9f5ef0c817b3111055c6ab9143a9118aee6c1d2eaf09cdd74c90dfae2bb22072535d67665a966199b4e62fe87fb8a8e26ce2841b5","A","Generated cache/build/log","7776"
".npm-cache/_cacache/content-v2/sha512/08/58/f3618022e1385f890be2ceb1507af4d35c7b670aa59f7bbc75021804b1c4f3e996cb6dfa0b44b3ee81343206d87a7fc644455512c961c50ffed6bb8b755d","A","Generated cache/build/log","16872"
".npm-cache/_cacache/content-v2/sha512/08/ad/f3d725cc0d82e3760e2f5c828807fcac7029d44242180630565bec869e19ae13b31a9113a50f5bbfd58b6fe4e367f5fc07408030773069d1da48518db5ff","A","Generated cache/build/log","267837"
".npm-cache/_cacache/content-v2/sha512/08/e4/4ea676a86a9d44d85d34d12eb6afa03ad2e1d99e696fa2685fc93d8395372b6353ab04a9f65211fbaa7e704c2f7332f0f4018edcb1d3d237028ffbb5a243","A","Generated cache/build/log","25695"
".npm-cache/_cacache/content-v2/sha512/09/5b/dde851e0d59dcf3a904bc4ee84eb3afead228443d2faad91c0698ee52df84ab166140413ae32cd1ef68db8a28a63e87fa0791097d1827e4c92c12b6787c9","A","Generated cache/build/log","9479"
".npm-cache/_cacache/content-v2/sha512/0a/d5/cfdf9771681e53df35d277e137b877bf4295dca589d99b1a7a39a21b7ed86d7d6e30c9befb336dc11be6f02090edb0cc043ff62cb1db2637266eee38567b","A","Generated cache/build/log","18553"
".npm-cache/_cacache/content-v2/sha512/0c/25/eee887e1a9c92ced364a6371f1a77cbaaa9858e522599ab58c0eb29c11148e5d641d32153d220fcf62bcf2c3fba5f63388ca1d0de0cd2d6c2e61a1d83c77","A","Generated cache/build/log","3699"
".npm-cache/_cacache/content-v2/sha512/0c/37/c03548a21b6c02d6a6b03faeaa953ba025e2f91f2ccca5fafc94b2be8cc422ac6ccda1dd01d7670507ff6af37f11bb6eec0707f0efcfeb76853b444473e8","A","Generated cache/build/log","6323"
".npm-cache/_cacache/content-v2/sha512/0e/54/8caa8e16853870e2f07c3299f45a87bd27e25fab581e27ad40296d101202f318c370b4831dc5b0d4ccbc5cba7f16ecd6c93b47b6260fcdc66ddc092573ce","A","Generated cache/build/log","12929"
".npm-cache/_cacache/content-v2/sha512/0e/92/ca6cd5385b2969c49ca442e8df09cc185a257f2619b9d06a28d30ad520b02fe633abf5df87f944773e14820f6ac2084220d2e73e1be9ae053c03e782610d","A","Generated cache/build/log","8504"
".npm-cache/_cacache/content-v2/sha512/0f/76/a7498d79109a31ae2869b1723a48cae69a89e742d4769e2edaacef8b7dd8373bde5bf61357c4e364f230390bc00d745fe1e47300c5e8e0b3c3d627aae587","A","Generated cache/build/log","3701"
".npm-cache/_cacache/content-v2/sha512/10/b1/017bc3ec2efbc9e9032bd332edf1f7ef3875bf75cd66dc213334c83b68952fddb31aa03b70d935f20c0c24601baba31c6e1c4c214532c949ee6cc9ae78ee","A","Generated cache/build/log","40991"
".npm-cache/_cacache/content-v2/sha512/12/62/8ee55dce2d7875aed2b6c205d16a7b1a2b5fe6b557535048842345bc464be04f4e647f1687dbd3e588b9e92cfef7c983bad78d90ef640d6bc5b1fc0e42a9","A","Generated cache/build/log","4903"
".npm-cache/_cacache/content-v2/sha512/12/b8/924e5b79382f7fed25e445208085f4b1c684948019b7dce1fe224c1b769828aac4ac520ef2dee87e208088fd08380415abdd4da2dfd4699b271bc4cab87b","A","Generated cache/build/log","73417"
".npm-cache/_cacache/content-v2/sha512/13/29/094ff4352a34d672da698080207d23b4b4a56e6548e180caf5ee4a93ba6325e807efdc421295e53ba99533a170c54c01d30c2e0d3a81bf67153712f94c3d","A","Generated cache/build/log","2206"
".npm-cache/_cacache/content-v2/sha512/13/c9/53018341d4a5be147f95189b993358a8031d84ea8565bd0151adfe4ff19666b222576000fdbd3155ef2c84511373821d5d16a319b8eead53070045ba8508","A","Generated cache/build/log","439060"
".npm-cache/_cacache/content-v2/sha512/14/98/584680da89ab5f12450af072a589c9aeff7486143e75ab78ad2831a8493cac4090677ce7315391b19e113513ab2807be8c6d3d0c06d9ca26e5f2031fbde9","A","Generated cache/build/log","2677"
".npm-cache/_cacache/content-v2/sha512/15/e7/70d1a66f921ca7a0f625039597acc080326fa7496759b7a973250ece93c4ba43e56c1e61e94569dd55127c05ed196e47cf7392d1607fb95ebcd770478b45","A","Generated cache/build/log","11241"
".npm-cache/_cacache/content-v2/sha512/17/8d/a0f3d41de68016b69d24d279d2ae3ce200acdaef0f12553e264ad735f0b64c6916f82751d00072c26a512d0c2c6b4ee92cc7b354f6ab2678bc2939f3ea5b","A","Generated cache/build/log","135823"
".npm-cache/_cacache/content-v2/sha512/17/f4/ca013933b1e504c4f95fbe6c102862133370c64cafaf900b026680dce5d695ca06c90678c45026e0900bd516c81f5df5f8608a99ff6ec6de4ded757ad3c5","A","Generated cache/build/log","9559"
".npm-cache/_cacache/content-v2/sha512/19/0d/84591a5057cfe8f80c3c62ab5f6593df3515996246e2744f64e6ba65fe10b7bed1c705f1a6d887e2eaa595f9ca031a4ad42990311372e8b7991cb11961fa","A","Generated cache/build/log","2008"
".npm-cache/_cacache/content-v2/sha512/1a/17/4f832d5e978fc898fd395f4e54c38730dbf33ddc10949a712f599352b650b310a304e05924f98a680393a21cd426a12ec269f6fc5dadcfc9af26d50af37a","A","Generated cache/build/log","5930"
".npm-cache/_cacache/content-v2/sha512/1a/7a/6dafda430d0c43de182ad9db4f6edae9fdcdaa1f5981c08cf0dd7fe2beb31bd9ed6dd233138bad3a7d512a14f6904758205c855058a8f73f6596f6fef319","A","Generated cache/build/log","12198"
".npm-cache/_cacache/content-v2/sha512/1d/67/01a0de8d8a57aab52c9d2b616a1db4bf2e80ddda9aab9d01cbc89cc18f890ea7f932d8c58c37af78c4e7e42bcfd29d4b16d831fb11fc9597274a0ac9b567","A","Generated cache/build/log","4820"
".npm-cache/_cacache/content-v2/sha512/1e/90/a8f2d996ccb55a779b36775f44840cf9ceaaeb43ab3af6a77a9a83cc42f90eb92c034f562045f59256e7387a79eaae0bf7387a6988e18c43ba02d77c88c3","A","Generated cache/build/log","9863"
".npm-cache/_cacache/content-v2/sha512/1f/47/6442809addbd9511e29004ec45a61f8901b72b41d13b282d1492ac292e6bf6102e0fe354173feaeaa3dc18a1d002886e7f58ce6cf680c0a5353cbadc23f6","A","Generated cache/build/log","4848"
".npm-cache/_cacache/content-v2/sha512/1f/ca/8e35f65dde5b6b537fa31c22202136d6a3a7b58932af3fd0c776bbd86d7e3ca2844ce458c40d39f5e8033075fb8e1a459d6448699773cb2ff5a4fc09c70d","A","Generated cache/build/log","12022"
".npm-cache/_cacache/content-v2/sha512/20/d0/3271a5ae86538adf09389911c6b1d83061699df5c0a174f744f5bc169b2eab9fd56a54d60d14684e757ae87d7531c0722771288f35bf2d366f249c354879","A","Generated cache/build/log","8678489"
".npm-cache/_cacache/content-v2/sha512/21/25/9a73c76bbf86467f02a5e6c9691c6f4ec0f36dcb88ce58f448841a713a80fe86a2138b0ba2a4e4366cdb61033c00dc1e1f2233b83659fbe0dd12f5bcaaf0","A","Generated cache/build/log","6324"
".npm-cache/_cacache/content-v2/sha512/22/a6/fd3630824ede877febce74d21919d4e21f5412aabdbb1ff124f6cbff6bdee07ee788ff9875b37c918b59e783331468e393a229f9748d5d5ca757885faed1","A","Generated cache/build/log","13764"
".npm-cache/_cacache/content-v2/sha512/22/d5/d080be68efb6220b31e46e989f04489ab9b553e837952158ac902a6d1ef5c1128b14fee805b80aa064c13355d5f9fcfb2c2647877310c6898d70dcdcf8fc","A","Generated cache/build/log","165080"
".npm-cache/_cacache/content-v2/sha512/23/9c/fb1f76dfff8d64b6c3552eda4dd3001adf7e8792a20743906e3cb1214e4b758d54b266978d288cd38045a69718dd83cd51d0881409c684f8e93736fadf66","A","Generated cache/build/log","168479"
".npm-cache/_cacache/content-v2/sha512/23/d6/a216b6ddee8607c259d00eaaf5468cfe7d3cfad680c3257ee7f6d605f45272987d5c20dd43b4ac37898b7a6fc5998048e83705529dcc05e30c7f65e74c87","A","Generated cache/build/log","3678668"
".npm-cache/_cacache/content-v2/sha512/24/38/c41460a9226c43080ec924abe203433df91b6625d8f49bf35553920c8012be026668b80410efffb618b1f41975d8d18330f685cf07c84a75b3d883940b62","A","Generated cache/build/log","10725"
".npm-cache/_cacache/content-v2/sha512/24/c8/7c68afb507fd1b93f60dba9202987e4c802abac8d2ca61051fb19b520cb2c20a6c549078d463ea0e9486bdd253bb947375c2801fa5e9cb7652a95f2f68f8","A","Generated cache/build/log","13087"
".npm-cache/_cacache/content-v2/sha512/26/65/cc67ac2ebc398b88712697dca4cea3ba97015ba1fd061b822470668435d0910c398c5679f2eece47b0880709b6aad30d8cc8f843aa48535204b62d4d8f1c","A","Generated cache/build/log","4312"
".npm-cache/_cacache/content-v2/sha512/26/dc/9947e9aa80189b4e8f3179adc1e99466cd988cfd879506d5246aceb332e5e30257c81485b6160a9e33d78bcaf11a617ebabebe8324c2bee14e8b5742a137","A","Generated cache/build/log","4104"
".npm-cache/_cacache/content-v2/sha512/27/fb/c6d330426c828e4057ee7d2c325dd32bb2887224850d92b9e6a3a5991b3a0ceedaff96c6df5b96f606f8ac2facecc8cccaf54c55f4be9cec0a056f25c738","A","Generated cache/build/log","10253"
".npm-cache/_cacache/content-v2/sha512/28/82/fb7903df1d0442f3e5e5b9a230ec11d4c30a8bd7d6d09f887336076bfb5c17a14d0a2a3eabb9fbb8ee5858eca6c94760ba4faf8f7f237411aef09124bea9","A","Generated cache/build/log","5434"
".npm-cache/_cacache/content-v2/sha512/28/83/7f9c3241411717c3430b561644f62407986ebca80548060f42aa65188e64088608a3f54e4c16faea9142f915bb72cb366e39e3add3375e45ee1463b72df8","A","Generated cache/build/log","5049"
".npm-cache/_cacache/content-v2/sha512/2a/67/ca2f76fa1be457bcff0dd6faf74ead642ffa021609f63585c4b6a3fcfcbde929aa540381bc70555aa05dd2537db7083e17ca947f7df8a81e692d8bafd36a","A","Generated cache/build/log","4053"
".npm-cache/_cacache/content-v2/sha512/2a/93/40450037230bfe8d3034bad51555bae1f8996baf516fd1ee7a186cc014e5cdedd93f16f89a0d6f0b1e62b9d8395c1f858fda7ea023cbcdd5a7ac045828f7","A","Generated cache/build/log","5824"
".npm-cache/_cacache/content-v2/sha512/2a/cc/3859e44e90ee2b0bd93fa278a55ff028d82af592ed6e9cc347f9748270fe2349762eec70ec83d9f8a2332355bdb65e9623010f6a7eb16555baeed6f5c350","A","Generated cache/build/log","14192"
".npm-cache/_cacache/content-v2/sha512/2a/fa/78e7d1eb576144275080b22d4abbe318de46ac1f5f53172913cf6c5698c7aae9b936354dd75ef7c9f90eb59b4c64b56c2dfb51d261fdc966c4e6b3769126","A","Generated cache/build/log","4952"
".npm-cache/_cacache/content-v2/sha512/2b/6d/03911914c039f11183013dc83763abe82e4132e69e50426b336602e780a2a20bb773051fda12e2b7c35aa5c762560d4347e8596e6a161d811dc13fe41b63","A","Generated cache/build/log","2715"
".npm-cache/_cacache/content-v2/sha512/2b/88/d5ca39c1760bdcf3a63a06468b64437ddf74b060eb8116476606ef597e47006dd55ba484e70e68ef67f6908d15d0aefe443e44e70f5b37f468a2a9b9e00b","A","Generated cache/build/log","7277"
".npm-cache/_cacache/content-v2/sha512/2b/9a/5760e9bdc2a6354608e92f7613905dfdb678b55da8d42246b04cb528f446445541606b981240917c9cd4bb670250d36cbed5808d61c321f8721fd59a84fb","A","Generated cache/build/log","7794"
".npm-cache/_cacache/content-v2/sha512/2c/32/733d510410f47ecb8f33f7703411dd325dbf29001c865a8fe4e5861d620a58dbfd84b0eb24b09aeaee5387c6bcab54e9f57a31baa00a7c6a1bce2100fcb3","A","Generated cache/build/log","2067"
".npm-cache/_cacache/content-v2/sha512/2c/71/3ef01b91ed16060cabe7ae672e4aaded0dc2aff4e1445d0b7f1e96d9858ed5ea1d339545eeb67003f361a2171f6b76278232392fb5cb0fa81c20525d488b","A","Generated cache/build/log","4891"
".npm-cache/_cacache/content-v2/sha512/2c/8f/6effe95a606e03b354c3292256d983eb22571560ec22d9f502eb1078de5b9e0a383157895f7ce0990ad605887e9334e5feb50297c7ded3e082876e1c8711","A","Generated cache/build/log","14624"
".npm-cache/_cacache/content-v2/sha512/2d/a3/63b51594058fbecc1e6713f37071aa0cca548f93e4be647341d53cdd6cc24c9f2e9dca7a401aded7fed97f418ab74c8784ea7c47a696e8d8b1b29ab1b93f","A","Generated cache/build/log","3151"
".npm-cache/_cacache/content-v2/sha512/2f/5f/03689b17494936fb8da9bfc98bb398c94f686a164144e23db5c0e9a06d4aac67684bef636c514efce60f515e0a37b3464d815978d93887a7766d3affd5ca","A","Generated cache/build/log","11118"
".npm-cache/_cacache/content-v2/sha512/30/5b/63058833992c66800e1101f8c8c975a919ed6800b9e38144f3cd5ed02f1fd32b10b38ed307e8577dfde54afb9160d6a368cf9540c2c98cb3f3687eb989bf","A","Generated cache/build/log","536846"
".npm-cache/_cacache/content-v2/sha512/30/c7/4046e54443388d4de243f0380caa6870475d41450fdc04ffa92ed61d4939dfdcc20ef1f15e8883446d7dfa65d3657d4ffb03d7f7814c38f41de842cbf004","A","Generated cache/build/log","8052"
".npm-cache/_cacache/content-v2/sha512/31/b8/cde34f1f12775f8905db150d6f9ddfb53682c3b27416e35e35d284015e2c970cc607e73e74e63b966b82941352eac510bb0e03a06436ca2f11c8c26dbb84","A","Generated cache/build/log","8216"
".npm-cache/_cacache/content-v2/sha512/32/36/2c2873b93bb982b26446c5670b5a1785a8df4327fd939a782f8ca5e285ee9e7d588fa9cdbbe3e171ff87d88ffaf4dfe112bc17535cad15ead037ae07b3d6","A","Generated cache/build/log","12196"
".npm-cache/_cacache/content-v2/sha512/32/e7/0e9f387a851e6689de95a646e095100c60c8ca2ea4671816e35e4ce32b9d9fb900ddd6a6e4c7bf1ae4fe349a472755725d115c66dba13d38f02252aee706","A","Generated cache/build/log","5045"
".npm-cache/_cacache/content-v2/sha512/34/54/bce9161865be3f7b18a168448118ea4c245cfc3062c07eede638148607256754f0bd24f0127d8b9bc5dffc29b9102b4b1802ff255500c442e9035ffa97bd","A","Generated cache/build/log","3605"
".npm-cache/_cacache/content-v2/sha512/35/43/0a2216156952152e744bf4246df9555cb8b8121d40a95e7e3ff8af30aa5faf7489d4cefc7c06350ed6827b706f6c8631492ad17c17c1e1da40a1dff28157","A","Generated cache/build/log","16635"
".npm-cache/_cacache/content-v2/sha512/36/a0/0307c5633c52ccd95d15bc751ec30c2cc3465605a21d828fa2787b4ade16ac2f3e2a78246361ca9f07a010ac182044aa69285f0be76fd5a9d56c3b8ec397","A","Generated cache/build/log","6465"
".npm-cache/_cacache/content-v2/sha512/36/e0/0449439432b9485ce7c72b30fa6e93eeded62ddf1be335d44843e15e4f494d6f82bc591ef409a0f186e360b92d971be1a39323303b3b0de5992d2267e12c","A","Generated cache/build/log","7677"
".npm-cache/_cacache/content-v2/sha512/36/e6/8d49ae9f94a4f925a498433268934e09cd32f5080e9a1a1bf9adf2d6dcf82a03e3360a1a59427002f21f22e19164052f17e51aa40c11c0eebe217a3dcaf4","A","Generated cache/build/log","3676"
".npm-cache/_cacache/content-v2/sha512/37/d6/44aeb0fec96e607820ed06a9cea31991f3eb4d2a21aec4a943a6e2717ecaa96b674571ec5ace218013faa81cb8830eb79534cba9c46992a0d972bec03783","A","Generated cache/build/log","4384"
".npm-cache/_cacache/content-v2/sha512/38/4c/062019d79e3ef325ea273a1e991bdc28a1f2231ab77604e45fbc4e69f54498283099a1099fa8b71f362456a0995158b74d3e7d8881566e58038ce224d833","A","Generated cache/build/log","31812"
".npm-cache/_cacache/content-v2/sha512/38/7f/f6139160db487668fadb7be40bf09650164a34619685fa3e269d0ec11a17dabceecea522daf1ad32f6c070a261dd49b9214d2f1340d6b205f9d6e43c1bbd","A","Generated cache/build/log","8683"
".npm-cache/_cacache/content-v2/sha512/38/9f/e26f184f96aacc33452234727fd02290928285db8dff0049a996ddeaa518245bc546ec87ce4b8d61ed5f138c84ea741c87ceb8dc4bfdac8becb894887c34","A","Generated cache/build/log","51162"
".npm-cache/_cacache/content-v2/sha512/39/63/43f1e8b756d342f61ed5eb4a9f7f7495a1b1ebf7de824f0831b9b832418129836f7487d2746eec8408d3497b19059b9b0e6a38791b5d7a45803573c64c4b","A","Generated cache/build/log","2510"
".npm-cache/_cacache/content-v2/sha512/3a/51/08083c7f5e5d05a92a786ebcbccc59c2bc6a628371a5e200aabaf6301eea892840b5fa7f4d8039e216fa871a632fd5992a0c9ac3a8a292ca44c35fe7a1b8","A","Generated cache/build/log","3706526"
".npm-cache/_cacache/content-v2/sha512/3a/d9/f0b9256377539f8be01d9ef86c8d0772ba1083c18b35c3d47207904dfce6af5ce550a38d9262a423c149db3e76a23c506943d697ef475679e7bebf6a012c","A","Generated cache/build/log","8728"
".npm-cache/_cacache/content-v2/sha512/3c/72/397f53b410fe7127d81098518c4ba21972b56f4e3a578f3ecd6b8d604c4ede13684ad75960d3808408260412375cd7b115e033be7e4184b6ded3a5369389","A","Generated cache/build/log","15465"
".npm-cache/_cacache/content-v2/sha512/3d/7c/1f06162ed210423f0f039f413e58361beda7f77522d558a8b71c6bfce08745e13c85a02d32b3115dd06a31c3b9d2bf84ff3f3109431b18b0488508aa3604","A","Generated cache/build/log","14663"
".npm-cache/_cacache/content-v2/sha512/3d/be/628cfad9f3d1831fcdb6dcbe143fc8ba400a56c6cd3845b3d02537960d5d3f91e476137e8c78a9f2afa2d899452fa91448f88bfced2b85d56e84ac837363","A","Generated cache/build/log","8383"
".npm-cache/_cacache/content-v2/sha512/3e/1d/08bed630e15075d999d983e62dac6b3cc8942c9e2cf0a3fceed11e18fe75ae82d27303b3e0d5e59eb8347df8b4aa9fec636a6b2cf94392389249e20c7c8f","A","Generated cache/build/log","7704"
".npm-cache/_cacache/content-v2/sha512/3f/0b/caec153e08c4c91984024d96f94565c830bf7695fb492e1433d6d07380a8aa1b125a3250406b8f0f39768d002dace32f23af7105aab905f7ee389de4b8eb","A","Generated cache/build/log","11522"
".npm-cache/_cacache/content-v2/sha512/3f/0c/2111a90754a4dd44d54ec3efc6ca1d3e33394297847aa8abe486ebcbb4f320808d56007b7db0ec19c502d21a951a0e7addc83b289a846036709f28d4975e","A","Generated cache/build/log","8567"
".npm-cache/_cacache/content-v2/sha512/3f/c0/6302c5ef652f95203508d7584709012fef8613ebb6148b924914d588a8bdb7e6c0668d7e3eab1f4cbaf96ce62bf234435cb71e3ac502d0dda4ee13bb2c69","A","Generated cache/build/log","2433"
".npm-cache/_cacache/content-v2/sha512/3f/f5/b9733ef4fdc400b8a7d8df1c1031659357b06f2749804268bef6605cb153da054a5de8e8696be7c40aff6b045ad072283cea302234114d594aa74e3af8a7","A","Generated cache/build/log","9272"
".npm-cache/_cacache/content-v2/sha512/40/17/618756ab20452f3c2d1d439fa7c16031b7bf8dfa83fff633f08c99061684a4fecab1837da026d4971ad161f1fac021c4baa02f5cc7643eeca60240b38078","A","Generated cache/build/log","18654"
".npm-cache/_cacache/content-v2/sha512/42/d7/aea744aa535e6476871ec4534024cbc22447dadb150a355e020b5c6c54cac822a132dd243faeacb10963737eb777fe5772e873250f67b42435690e0daa20","A","Generated cache/build/log","186219"
".npm-cache/_cacache/content-v2/sha512/43/84/cb127d80ed3032a71c2677a47d130ae55c3be47d848332babdffcf3b01700687e1b5ac7fa46092924eff928bd63424f293c0a62fe8fbe2009a2ccac36298","A","Generated cache/build/log","27258"
".npm-cache/_cacache/content-v2/sha512/43/92/4bec8a722dd58cbb1ae9e65b61198b7a3edf3407cef6b0c8fc6c3a32d6eacb4a1c6236e7fc7756e60e12a9e5a09195aefaa15c0da4302577f27c8fe66219","A","Generated cache/build/log","35327"
".npm-cache/_cacache/content-v2/sha512/43/af/e764b7ba8f1b94f34a9bff8b89e2de6fd95119e389734233c385824dced450e30c9673a545dc3dca6ff7c0b8f7ad6509e14b78676a309ff42b167ac8212d","A","Generated cache/build/log","39735"
".npm-cache/_cacache/content-v2/sha512/44/6c/305a7c10be455f6af295b76d8518bc3ec5849dcc04709b4aeee83853540dee994e6165cdbc57790ee2cb6062bcab4e52e9baf808f468a28e5b408cd6dca8","A","Generated cache/build/log","13449"
".npm-cache/_cacache/content-v2/sha512/44/70/941b02870ebd210c68385fb99ae091b8ffed76ab1c3cae487940a74395d942bed8daea7531d447fff0756b2737bcd6512c80b425aa3ce318d1da9ed82740","A","Generated cache/build/log","6464"
".npm-cache/_cacache/content-v2/sha512/44/7c/4c2e9f659ca1c61d19e0f5016144231b600715a67ebdb2648672addfdfac638155564e18f8aaa2db4cb96aed2b23f01f9f210d44b8210623694ab3241e23","A","Generated cache/build/log","3756"
".npm-cache/_cacache/content-v2/sha512/44/94/5dbc2a3a2009cf76cbcfffb9ba6ec42a3679f5142057e5936d14bf7c326145ff8c402094c883561b1d6e430b65b948a65a9eb0ba8b81ec26a95a8f0fdd67","A","Generated cache/build/log","4194"
".npm-cache/_cacache/content-v2/sha512/44/ab/5617ca46992f3b8b60fa82a42efe5ec461195575fcde98224dfcfdd43acfffc75404ee67e1bf31c802905345fedac6f4fa0cc1b04b00576024f49df07dc7","A","Generated cache/build/log","5343"
".npm-cache/_cacache/content-v2/sha512/44/d3/898df64c4f204ceb162657721519790f8c885c040bafe3c3ce7af017c2b189864599f69d6b168212d49168a0fb93d7ddc066646c08f869a15271c7a38fa1","A","Generated cache/build/log","4115"
".npm-cache/_cacache/content-v2/sha512/45/11/023ec8fb8aeff16f9a0a61cb051d2a6914d9ec8ffe763954d129be333f9a275f0545df3566993a0d70e7c60be0910e97cafd4e7ce1f320dfc64709a12529","A","Generated cache/build/log","8996"
".npm-cache/_cacache/content-v2/sha512/45/1b/b3a83b6de58f61deabb3e615a12be4cf9ec995b3a5b0494e8b90931e6381ecb54103b984c6f1425275ac0c4739b302d57e284a06f0ddd0836a8bcb9bccfc","A","Generated cache/build/log","52195"
".npm-cache/_cacache/content-v2/sha512/45/b2/79fe398570d342703579a3d7939c12c9fc7b33595d0fef76dcf857f89d2feb263f98692e881b288e2f45680585fe9755ab97793ade1fcaac7fa7849d17bd","A","Generated cache/build/log","9804"
".npm-cache/_cacache/content-v2/sha512/45/d2/547e5704ddc5332a232a420b02bb4e853eef5474824ed1b7986cf84737893a6a9809b627dca02b53f5b7313a9601b690f690233a49bce0e026aeb16fcf29","A","Generated cache/build/log","6542"
".npm-cache/_cacache/content-v2/sha512/46/01/c10afb636ce2b681748d04d22436811cf6aa1512d6aede18fc804a8a42e2f71d90226ca6ab585108dcb7e6e8460a90b6a53a1f1e4ab8fd6fe721f47fd504","A","Generated cache/build/log","192830"
".npm-cache/_cacache/content-v2/sha512/46/48/4f3e9db3aea0c0400ff68cd867ced70f025bfae17761229edaef8e78039a2f23b06e93182decc5fbb9dc00bb7ce0d437293d4d2bcf7555d5279aaaf638f8","A","Generated cache/build/log","4182"
".npm-cache/_cacache/content-v2/sha512/46/86/9dd9b89d0f4baeff50460ce58d74f234ea0d25211cba205f4665c22b0cad8a188b5fa2bf0843041afb23361118073353261f16b1a53ce4d3f269e3694d7c","A","Generated cache/build/log","2183"
".npm-cache/_cacache/content-v2/sha512/47/7a/5ba64708aafd8f9b7754c208dc943455996a53256d8370ccdc221117131d6887f08430e6cc9b728b99124e76f84cee8e2e4019f0afca7344adac25622a7e","A","Generated cache/build/log","5837"
".npm-cache/_cacache/content-v2/sha512/47/a3/946367b67c0e989fab3e552c7928157a371f0b40486ef9ccfb2c27a3d7cad0d472f283d3d20bd8cffd9371d28e850082bd734175907ca5cd2c4ab1d964ad","A","Generated cache/build/log","2873"
".npm-cache/_cacache/content-v2/sha512/48/53/4ebd227e0e07fff409fdd38631f828129483c2908a5aa38aa8e7596979edb94c845e8dd1f7ae1478119306a0dc77fd33f73bec335ae893165e2ca9b96dcc","A","Generated cache/build/log","227545"
".npm-cache/_cacache/content-v2/sha512/48/57/45988262fb26c2d2f8e51cdd191951877379601340f13c04f47638d583e9233a74aa725aa68f4290ef291338b3fa631a2a3afb8038319d707267fb8deade","A","Generated cache/build/log","4441"
".npm-cache/_cacache/content-v2/sha512/49/b2/9b00d90deb4dd58b88c466fe3d2de549327e321b0b1bcd9c28ac4a32122badb0dde725875b3b7eb37e1189e90103a4e6481640ed9eae494719af9778eca1","A","Generated cache/build/log","2663"
".npm-cache/_cacache/content-v2/sha512/4a/9d/5a6e52748af0e44b38dc68977112e9cde7f5ef92c149dac30115fabac74af285057fd9bfcac057b6d5c329987b4f3928a3f0af7dff049fa04b9339b9ae31","A","Generated cache/build/log","6067"
".npm-cache/_cacache/content-v2/sha512/4c/84/d03d491acfe69593918be8d84e77093568468d4d20cfb06156ad3ba1286b634c5ef48cbfce86dd96e1ceab5d47b97eeec87b5f5521a8405c720889658d7a","A","Generated cache/build/log","323010"
".npm-cache/_cacache/content-v2/sha512/4c/c4/29da5940f91627ec97239eb327cfbc0de29715b6d3d99d1668e763cb42ca0b54accd955c1478799f78f81381196e5c5be50f7183e60e4c3955532423b4a8","A","Generated cache/build/log","3067"
".npm-cache/_cacache/content-v2/sha512/4d/1d/ca7eb4d94d82cf07a8d48dfc7a305f56716ac72fdb2ee5339b2b866462005d58a3ce1684a8408744b93b91f36a66b711f6b29586f61e9eb707ebd692c1a9","A","Generated cache/build/log","2225"
".npm-cache/_cacache/content-v2/sha512/4d/83/9a9ccdf01b0346b193767154d83c0af0e39e319d78f9aa6585d5b12801ce3e714fe897b19587ba1d7af8e9d4534776e1dcdca64c70576ec54e5773ab8945","A","Generated cache/build/log","3265"
".npm-cache/_cacache/content-v2/sha512/4d/b5/f79a3f27d2874204556563c03192a707012c372fad2322e17c8c53fbf1acf70b6621986bea6c70690234d11f6ff1a98ba7ac9f60d634b28c28e9a16cc800","A","Generated cache/build/log","6732"
".npm-cache/_cacache/content-v2/sha512/4e/3f/4fea7b40244c39da8abf1740069275d1e179dcc44b7b5d4e3b3b7c4940e8967cbcc4cb777d82d80a7ef8d2cc6c731e47cbf95cefc46bb629316c96826a5f","A","Generated cache/build/log","44338"
".npm-cache/_cacache/content-v2/sha512/4e/da/5c349dd7033c771aaf2c591cc96956a346cd2e57103660091d6f58e6d9890fcf81ba7a05050320379f9bed10865e7cf93959ae145db2ae4b97ca90959d80","A","Generated cache/build/log","2017"
".npm-cache/_cacache/content-v2/sha512/4f/65/1b7db044177db089ea5722c3254d6f7e743602eb0321fedfef600e2db8e30aa96cff9f7bebd4d152c508b23fece4da65eca0c03f8bfeea57a2cabadd6dd4","A","Generated cache/build/log","4608"
".npm-cache/_cacache/content-v2/sha512/4f/b8/dffb9ce0b191f0349e25bd0eff69ecdbca4d27357fb32555a998703b558b04c7b6bbaabe5183921bb4916a920cdee58dacaeeab545463c43cdfb39dee217","A","Generated cache/build/log","18401"
".npm-cache/_cacache/content-v2/sha512/50/ac/4995989dec556db24fd64f18f88b8b921208f602ef8a05b4bb490c93973321867fbce82cf7b484997536bcedb7c47dcbaf65ecdfd99b310f8c6e10ab64a2","A","Generated cache/build/log","9112"
".npm-cache/_cacache/content-v2/sha512/50/f5/154b25db3a1eb6eca8822064128305b319e04a2e4689f4f24476b9e0230312cf12d1e234b8f9fd5fd636fb57305b83c9c52da628b6f54f1424ea76b99302","A","Generated cache/build/log","37783"
".npm-cache/_cacache/content-v2/sha512/51/74/87dbad82499635b5fbb71b749e72beae18b08554f32122a1e3960094b4209c82285873fc4ab3d76331331439bda3d66552794f0453a35673f890294e867e","A","Generated cache/build/log","7820"
".npm-cache/_cacache/content-v2/sha512/51/75/8c2a12cec1529bef6f0852d40f5f17d853ebac7726ed52b2bff2e184f0240cbeb84ea70bf30c1c23d108522fb31073bbc8b084811bc550f3e203431a5f40","A","Generated cache/build/log","35340"
".npm-cache/_cacache/content-v2/sha512/52/15/cd9be08531671b0a15f2c05c249a1aa3b373d10a67126bf85f0602c86fba10e4735bd704b489c5ac1ad48050d81e7c7788f9e06b03c2357f199b1ec19dbc","A","Generated cache/build/log","14260"
".npm-cache/_cacache/content-v2/sha512/52/17/64e6c7ea71e7bff47feb08e262918cfaee8d1ad93c3684644f386d98d51d9d83b6eb45ed6e1b4c9a3500c7bbe4cefee40f17fe5e09aa6f612987523b7b25","A","Generated cache/build/log","9146"
".npm-cache/_cacache/content-v2/sha512/52/c2/6baddef0e30b8a29376f77f0cd111565c129547325f38e1c83c0193edda3ceb028ce63a6526f1bb0f04ea56538e37cff02a5dd09f15564ad8516c86617ca","A","Generated cache/build/log","14653"
".npm-cache/_cacache/content-v2/sha512/53/07/0f2ac5ffbb36ee6fafccc3ec6d0ff453dba1208e49dc67253ddcdfe0c8f4dd0477baaeabea79fe645db5cc52998c840d35410b89ca6e658b13cf2d54886e","A","Generated cache/build/log","12218"
".npm-cache/_cacache/content-v2/sha512/53/31/adf3383b372f1d8db60c871976cee11ebd56bbaf68098d86392f0af5c4cefe5d4da777a0a421615355c0886c03fadef4b3ef535a572cae4a4f651ca732d0","A","Generated cache/build/log","627805"
".npm-cache/_cacache/content-v2/sha512/53/8f/bbd0f739652f68b27081084e4985afdc88733e629f8234c342ffb1ef61b3519352dd77e7fba8eeb95b9a9f86efd30affbfa339639575def4d8fce35f4330","A","Generated cache/build/log","5169"
".npm-cache/_cacache/content-v2/sha512/54/06/0e89046a8f718fa58244d08f49f97f08a74e5cc9594d74a3857a2192d8ebb51c719fa65d01c4ec999ba9e6543c94f96f8d177fd72f39a31e6546c9d87080","A","Generated cache/build/log","9114"
".npm-cache/_cacache/content-v2/sha512/54/28/c235f80cb1bcb7b53768d369db8ed33f7b0adaea33c79a94e17a7913621f291bdb9c67fd4ff12a38bb814605e93f063a4e56c0c23282c0fe2b8128815744","A","Generated cache/build/log","5280"
".npm-cache/_cacache/content-v2/sha512/55/76/3978545aae75dc631c018c9ccf984847e79fab98fefdffeb9e0e18b417e4eea9f1c222d6a0207ab179466b9a0ace3dadf541387d1fce438d7dc57c9d054e","A","Generated cache/build/log","10049"
".npm-cache/_cacache/content-v2/sha512/56/08/d652c9e74fa9fe35493a799abbef37857695b62d60f33facc51ab09b1d789836e9790f3aa4d871d0e6e147d83356e576e9f3e8d5cda78db7de2cb04125e3","A","Generated cache/build/log","12860"
".npm-cache/_cacache/content-v2/sha512/56/3d/6317770f7f183b3807e823b42754a2e820b966d8917da67547ad7f2ac7b0073226164fe343000ee30a194d8114b85932dcfdf0f59572e63e2c65ba3fb71a","A","Generated cache/build/log","301854"
".npm-cache/_cacache/content-v2/sha512/56/d0/0e6b299655f65c9996e9e84da6ca6a43207bf28d7b3fd762ea5988d5c3aaa3adf17e54af9fc86df7902873de79caf92539fcd7873aaad31074bcb173b738","A","Generated cache/build/log","11106"
".npm-cache/_cacache/content-v2/sha512/57/bf/af404274e99f9ce6d4b27bc4be9c751f239d71a172178c743df5c42d294910aaa3b590efca08951f657b81e3b87f60194385a8761f785d5065e7f227b4a0","A","Generated cache/build/log","23492"
".npm-cache/_cacache/content-v2/sha512/57/d8/c8ea10e34fb9778ec0900fd6cb36f0cb337b47fe075b393a7b4de7e9de16db802190a0aeed52fad689195ca011c867cd3d1255f0350c15a3407df0bb935d","A","Generated cache/build/log","12284"
".npm-cache/_cacache/content-v2/sha512/58/51/889a499bcdc7f1788c2affee07bd1374a62cc1c1bc105040f8235ddecd0b0375f977f199ed37a4e647c5da4b33c1aa8093a1ef2b17be63e8d3cd0d2ce16e","A","Generated cache/build/log","75703"
".npm-cache/_cacache/content-v2/sha512/58/f4/bf1ef1d04d89c78ac2e8f4c72a0473899361641cefed969be5772ae77a6e1a790a7885a8b7832b61b3083aa74d684a84e5e7cadca621408c5d9baf6024d8","A","Generated cache/build/log","5442"
".npm-cache/_cacache/content-v2/sha512/59/34/30700bd07f9b0e72e5328bdd2528f6e1c1cbd0fa3e79723ad299e68df8bdaf294dc3a283af94ac363037a227922457937dd39296d3f7c6a2328e0610f5d4","A","Generated cache/build/log","3389"
".npm-cache/_cacache/content-v2/sha512/59/48/f6aa5c5a42d3b883a3eae5cdbd193716183c9df22b4bf334e58a98040b3dc97ac02288e2a8b5df0953aa2d0773c00a01bac64254c9585ba0c4be6e37bf8c","A","Generated cache/build/log","4483"
".npm-cache/_cacache/content-v2/sha512/5a/45/03ae88ee26cd3192019fdae756c5adf21814713edc54901efd8ba68264b46073b3ccf1f65ef53a2c7cf0dcbc4a5065bb850129c762644b04b51b98b38820","A","Generated cache/build/log","87655"
".npm-cache/_cacache/content-v2/sha512/5b/65/82459f43aa7b5dfb6bbc8c9715315d8f2ae95ce9174b81452887fc90af7b81ea5a3f64e786c75d6cbfad3ff12e1014528db250255a1afdbb411fed95ba22","A","Generated cache/build/log","16612"
".npm-cache/_cacache/content-v2/sha512/5b/77/388118a0152d13fcc6b8a88605dc60c07390107476f5c8be739c94f566fd58683f4a8adc7ae7ac018efaf5f6a6e2a2c9994fc9560cce4110cca752a5fae4","A","Generated cache/build/log","140079"
".npm-cache/_cacache/content-v2/sha512/5b/ae/e22e5e09d845c41936df78709f7eb8c37e2b6f2c0360d14957df01545124f1f762974457a0307515812a84fb0be101b8b85aa8c683d733cac4d5d84a5b7b","A","Generated cache/build/log","28026"
".npm-cache/_cacache/content-v2/sha512/5c/ab/f99e72ecea72c5ef536088a24b21914b90fc8812e3ac7a52c6eee8d99c6ad17d02bc1e9bd8f96a8a84025401d2e89b054712b552e0b7f11653ead3f15303","A","Generated cache/build/log","10427"
".npm-cache/_cacache/content-v2/sha512/5d/74/d4c02be2b1ae6869c34644ff527cdb5804d00c8be44fc011666e564417b37bb301d8412ebf65f93b491c31e03e63dc21f6d7560d45ca350c430d55f6429d","A","Generated cache/build/log","5512"
".npm-cache/_cacache/content-v2/sha512/5e/57/94a1cf6ec065ea8d6c176944d9026ccc705679f39f10036befc7552be7121c8b15c83fef0b9c50e0469954df4bacead7aa765b2415fbbe69ee0aefd3a87b","A","Generated cache/build/log","6779"
".npm-cache/_cacache/content-v2/sha512/5e/63/967bb7b21d81f5e1c2dd54fa3283e18e1f7ad85fef8aa73af2949c125bdf2ddcd93e53c5ce97c15628e830b7375bf255c67facd8c035337873167f16acca","A","Generated cache/build/log","50318"
".npm-cache/_cacache/content-v2/sha512/5e/83/237413b07bf7ac56012f2e636c0f72111e49bb7db288506beb95e9682575198031e283620f58d9e2bfe1b08f2257cee36a56396be7ee32554663c9c2707d","A","Generated cache/build/log","639638"
".npm-cache/_cacache/content-v2/sha512/5e/84/8b85b45bab116d809a22d9f3470370baa43958df8c79d3cbd4a541a81597ef78f7c75c76c4d650b815814c9c95a088246ba124f0e9f3ac5d0a154bd47066","A","Generated cache/build/log","2852"
".npm-cache/_cacache/content-v2/sha512/5f/1c/08f043a1550816a7a8832feddbd2bf3a7f877a017eb3494e791df078c9d084b972d773915c61e3aefa79c67ed4b84c48eeff5d6bb782893d33206df9afe0","A","Generated cache/build/log","3449"
".npm-cache/_cacache/content-v2/sha512/5f/42/901e58cd9c491636aaa2cfdcc9ac6ba78750741e03b12d7be716908e71a773732e6aa21677b6a304520d34be7728468bd7b8add9a824fd2a79cace822715","A","Generated cache/build/log","173856"
".npm-cache/_cacache/content-v2/sha512/62/8b/d0debce168b308ac38cd0cc90d4b4d6d79af77aa11211b9c72f1febe47497e770dca8bee6c0a822823de368ae2d94c75a881692d830543854d3d88d12299","A","Generated cache/build/log","12620"
".npm-cache/_cacache/content-v2/sha512/62/c1/a97b75872caf19622e2d583836272dde6d1cf6ad7a300f19e57786e4401d3471cff5670f405a70b48bdced0c98ad8afb50bda23d29a2f22ab73e8415b4ca","A","Generated cache/build/log","5723"
".npm-cache/_cacache/content-v2/sha512/63/6b/54372e28bb0eadab9a0348a7906063b286450184d39c195ff4d8a0beea477d7831aa75977efa68cc8880e296b058be3127098bd5b6cb870ae3fea2449fba","A","Generated cache/build/log","5694"
".npm-cache/_cacache/content-v2/sha512/63/b5/ade7578a252ca2f34845ac909e3c618da3992d242b2516e6e8a89b1b7f9ec208f726e73ced96e3e5738fda0fcb16b0abe5c1ab5ece957853579f93c9298e","A","Generated cache/build/log","7435"
".npm-cache/_cacache/content-v2/sha512/63/bf/ca0ec6fc2e3a28669c1aa86cae94ee8342592c8029dc7211c693eb19218e1206f52870c044147e54af57c8e1d57e26f974c3a723bee71a222e34a6e462a0","A","Generated cache/build/log","29399"
".npm-cache/_cacache/content-v2/sha512/65/42/9187afe4505a0089302d4d83d9277870f70371c7e04804e8a39e51bd3e7ac9b027128ecd70cb20fabc9a5a62d827cc3aca6114aa7f738ee917daf77c6c46","A","Generated cache/build/log","4584"
".npm-cache/_cacache/content-v2/sha512/65/9a/30f47048e4ee843e04892d46fc9f634a8265564f00af1c6c05b8994c8ef2c5aa5186ea98e2acf86d76cb1e68b6634a26c3f1e7a0ce6629519c282258f671","A","Generated cache/build/log","34201"
".npm-cache/_cacache/content-v2/sha512/65/9d/70d1aa10930b94b82ed87feeec75e68d7ea42288b71245b7c8d3ca00c6a2eda5742bf402155fb032ec72c3ba22d801a14fbbca0160dabf4088bd5111c9dd","A","Generated cache/build/log","3866"
".npm-cache/_cacache/content-v2/sha512/65/fe/47d8ac6ddb18d3bdb26f3f66562c4202c40ea3fa1026333225ca9cb8c5c060d6f2959f1f3d5b2d066d2fa47f9730095145cdd0858765d20853542d2e9cb3","A","Generated cache/build/log","5338"
".npm-cache/_cacache/content-v2/sha512/66/7e/42775ef5c31b0edc37e0f07696e9189f4dbf42613290247b3f1b8f8b37519f989a5a40c650c90c4ca6b54f1e96b3ed063897d0712b627042ecc7b170bc9c","A","Generated cache/build/log","41374"
".npm-cache/_cacache/content-v2/sha512/69/1f/716de0b5a4d790418e05dfd86681ad85a80744511d9936bf4b1b9c2dd7f8921063c74d8d4a3b8637a466d9e4ff7999c01107db43c2043487d9120bee0112","A","Generated cache/build/log","1316"
".npm-cache/_cacache/content-v2/sha512/69/d9/e479e36af52ab5b147f8f8545573429d818821cec805a5949055956f6342c2b94b8dd059d08321b3089782e1f5b571d5ec78102353610ea942236cd71953","A","Generated cache/build/log","3675"
".npm-cache/_cacache/content-v2/sha512/6a/4f/50cb943b8d86f65b071ecb9169be0d8aa0073f64884b48b392066466ca03ec1b091556dd1f65ad2aaed333fa6ead2530077d943c167981e0c1b82d6cbbff","A","Generated cache/build/log","2073"
".npm-cache/_cacache/content-v2/sha512/6a/c4/ce218843838cddcce49c0b26b2b6bb15ddc47a07879c3d0957c3f749226ec9fcc653b42b5f54823d243f067a1e234c2acafd77ba720e547afa2578c72825","A","Generated cache/build/log","20414"
".npm-cache/_cacache/content-v2/sha512/6b/85/0641a58f1f9f663975189c01b67b09dc412e22e05e374efdc9a0033eb365430264bd36c2bc1a90cc2eb0873e4b054fb8772ba4cea14367da96fb4685f1e2","A","Generated cache/build/log","4496"
".npm-cache/_cacache/content-v2/sha512/6b/f8/72fa936c1544d1f88cfc4c226f5ee74a54b027cff0f2792528d74239caf143409045536b3dbaa429a12ac996ba0750aa0aab383e7a9c723fd96a15dcdf05","A","Generated cache/build/log","8050"
".npm-cache/_cacache/content-v2/sha512/6d/12/128022233f6d3fb5b5923d63048b9e1054f45913192e0fd9492fe508c542adc15240f305b54eb6f58ccb354455e8d42053359ff98690bd42f98a59da292b","A","Generated cache/build/log","9622"
".npm-cache/_cacache/content-v2/sha512/6d/5d/13828f4ae217cf09e93e68c027f35469a452afdb248341e328499baf4c04b2c0d4e7549080ac2644d855aaa6f21ab4abbb54c44b5a547511acef5610f285","A","Generated cache/build/log","11398"
".npm-cache/_cacache/content-v2/sha512/6e/96/556e9ae53a381085167d412b1d1830ca8dfe8b4be6565970a31251e3584b2e4ad75464fb84f87fc1d979437e3fadb3a1be4ef85c6ec332a2652ca198d858","A","Generated cache/build/log","220550"
".npm-cache/_cacache/content-v2/sha512/6e/b4/d3b2f151b790b58061ed3ecb7fdbcd548cf0f9b7d7c1a9b82830f9555b2d7564b4cf7eeec7c4ae1962a3bd1fba3fc82f6b493088f3911a4383a8635daa63","A","Generated cache/build/log","37605"
".npm-cache/_cacache/content-v2/sha512/6f/1b/de57857cbf961be277054d3deb3d281904ea429237cad32e28555549c08b8354144c0d7acfc9744bf7cf22e5aa7d9bd6e7c8412359f9b95a4066b5f7cb7c","A","Generated cache/build/log","7090"
".npm-cache/_cacache/content-v2/sha512/6f/a8/d2bf1bd59f2a6d0222e36e458b13f94e9d1e257d3b43025f9e502ed1672f9041673ac11cc8576084eb106e3260f1736a888a1b430990f934f38597b7d105","A","Generated cache/build/log","4876"
".npm-cache/_cacache/content-v2/sha512/71/23/8287a2659267e32f235c2e2bb69c1e2ffa79be76467e4392875a4feca28e14ed92e211014a1caf7f626b411e37c211a538dc804a40e738fee26609a8824d","A","Generated cache/build/log","3005"
".npm-cache/_cacache/content-v2/sha512/72/06/051249ed0b1a691d982d499fbbbe1d306d943e202ecf3ccc3c0d29d11b6ec1ea40dddf6fd9c34389b7b7460e2802a29accb961e38363ef527dcf62f3c5a1","A","Generated cache/build/log","24017"
".npm-cache/_cacache/content-v2/sha512/72/bf/df20cd9d74c4956d856091f0f88cb26fec587ff194e3be8fbb8107925465191f1a71f450f0a0be620bb854cff2e2440f3031ba9f9dbf74c4a7e6d7f1c791","A","Generated cache/build/log","4648491"
".npm-cache/_cacache/content-v2/sha512/72/e6/9d73154513cb032ba89625bb3c4a7d1abf636b8764121908559415bd01a007a87c235ac6474fc2c9e211463e1ec048157675e15d33b1ff0cf8ee96687cae","A","Generated cache/build/log","80357"
".npm-cache/_cacache/content-v2/sha512/73/f0/343f4a3190008373e70a5b0f1ebcb5caf37a012a09f4a8f3aa0984f8c7dba8969088240718bc90bd41828d0d13ec4de1b20ab437dba8ebbe065674274ae5","A","Generated cache/build/log","60383"
".npm-cache/_cacache/content-v2/sha512/74/ac/75d9e442548cea0b1146a65c8528930fbcb11682636d52ba53889211e6ef7bcc48511bcc92aed6e83c7657c7b75a2f1415ae5eb8ddc4f36da6f6b64423c6","A","Generated cache/build/log","8133"
".npm-cache/_cacache/content-v2/sha512/74/ec/bedc0b96ddadb035b64722e319a537208c6b8b53fb812ffb9b71917d3976c3a3c7dfe0ef32569e417f479f4bcb84a18a39ab8171edd63d3a04065e002c40","A","Generated cache/build/log","2868"
".npm-cache/_cacache/content-v2/sha512/75/12/e30961d8838a1a03bedcc4eeb8a0efbb2700b09c8ce464f76bac2ef58d0990b6584ce79ea9c0aa396d4ceabd99dd9156de14b2088bef530b8d09345e6135","A","Generated cache/build/log","1507"
".npm-cache/_cacache/content-v2/sha512/75/8a/a035265b0f091a27671e45df688c21a306afa63a6f4b9ad5e7027106c8784dff947b8835b64d1c3787ea3f8c2171bacdcfd8b7d62088b0a3002300d9bb20","A","Generated cache/build/log","13056"
".npm-cache/_cacache/content-v2/sha512/76/69/51c412496b25e3a93c02f89b45d478499a07f77ed43761e8c5719adfe3e28ab49bf4a83b0ad698ea69a5631bbc09e4d27a5153f53aa44c43bd59e02debc5","A","Generated cache/build/log","11371"
".npm-cache/_cacache/content-v2/sha512/76/e6/d75a404c2ba54786e483f0c006ba9127434a04ed20625e62eb0e74d588ca4aec9842ba33ff3fb391380a97c43ea92866a8b39ae383f61754b2e1db38eede","A","Generated cache/build/log","127256"
".npm-cache/_cacache/content-v2/sha512/77/28/7fc4ed858796d8adf59a6aa1ab45040690d766630e8099a014bd879430d4d642dbdbefdea290b7664dc85198e94e8882754c35df5a0571d50914950e877b","A","Generated cache/build/log","445223"
".npm-cache/_cacache/content-v2/sha512/77/d3/661cc3c4290ed008b2e6d63237ce6a100704f92b01588d7049f729997ca09453ee6b99347290a005bc7e509ff64276cdc2100152f4e0bd33f8e49745f66c","A","Generated cache/build/log","73392"
".npm-cache/_cacache/content-v2/sha512/77/d4/fcb9cb04861f018b5c285c27fe4c828321138b1b958293183c81e0426ef936da4cf00b91b63a75d530ee8552cbd09605145d0da2b5ea615832ea0f36de0b","A","Generated cache/build/log","5058"
".npm-cache/_cacache/content-v2/sha512/78/ba/175bf0c7ca5eb6cf1638482688827461b8cafaae2e23b84600452f04eac084ab32a93a2139db551ca1f771f8a9c3665e719af19869a2829391443b1242a1","A","Generated cache/build/log","4949"
".npm-cache/_cacache/content-v2/sha512/78/db/fe5ab55b2aed5fdef6d8253ff1b62179b320391cf20cb5ff48818fe72a0d2c5aacc0504bea63fc66ece71973fa9a7cbc7f88ef4580e99e480a78bf9b62fd","A","Generated cache/build/log","10015"
".npm-cache/_cacache/content-v2/sha512/79/89/b441606d52b0566561b4777f3a386030d7a67df793e2395a3607b6e35926c779d1a5e5ed1959aabae6438681448d7ac1080e407d2126d383f24af5d84264","A","Generated cache/build/log","3936"
".npm-cache/_cacache/content-v2/sha512/79/e5/6cd2f7fb72ea9768cd2a2d008f72e7c89a224d5415dd2432eeed9198976ef7d941f6dd06adfdfa0d1abafabd8577fc3753b01a804a8820505807d7839c64","A","Generated cache/build/log","24935"
".npm-cache/_cacache/content-v2/sha512/7a/31/f0ad0418726f719d38af4a19f62033a5233227377e005ec92fabd42272f0ad133ab5573725bbfb4a17c26ad4283c246d862fafc49a382c093ee55dea44de","A","Generated cache/build/log","14064"
".npm-cache/_cacache/content-v2/sha512/7b/0b/d8964f3ac54a06234cd044dabf982fb5e91d5078394a432db52a2de84985cd80b6f8e465753fa03433efecea7c82b8d0ea7b9569698f380735c6c156f014","A","Generated cache/build/log","67770"
".npm-cache/_cacache/content-v2/sha512/7b/54/048fbd98e3377c465359566a1383e882392570a64d3920e8a243076b93009256565f3ed85ebc4ae113e9dc90677661bb177e9d52922b339e11952173f635","A","Generated cache/build/log","35207"
".npm-cache/_cacache/content-v2/sha512/7b/79/d17e07d4678acd18bdb7da05205f4e90372c9ecf4e0a76316b17e2d34683979ab3a014a0e0e0109db235bc1274faf5ea9d606991a49c223d560dac2696de","A","Generated cache/build/log","4431"
".npm-cache/_cacache/content-v2/sha512/7e/01/71ec77e8abad32b4ad9cec386717c8c8bf362038cc5fba08cb3923078cb20f81e9ea6bb4bba1a6a001352af7d995e8862f376b51982d309d3617ea23db33","A","Generated cache/build/log","202724"
".npm-cache/_cacache/content-v2/sha512/7f/2f/9dc9547ef749de94af2ba88ce7165c73c7bb8f7066e1c47f0d7ebd9b1dbe147d27be7b786494e0b496e2b4843c15c27457ef14d1c92a6cad055e5befe835","A","Generated cache/build/log","3639"
".npm-cache/_cacache/content-v2/sha512/7f/62/3b1b0e896ef09ec732089ee49b6697dd438e03ee2a9d597d3514a2efacf82ac6813ba0c8fc72539fb68f14eaf622cf8c9de682aedfdad149539ed7346ed2","A","Generated cache/build/log","599751"
".npm-cache/_cacache/content-v2/sha512/7f/7a/90f68432f63d808417bf1fd542f75c0b98a042094fe00ce9ca340606e61b303bb04b2a3d3d1dce4760dcfd70623efb19690c22200da8ad56cd3701347ce1","A","Generated cache/build/log","3656"
".npm-cache/_cacache/content-v2/sha512/7f/b7/1c14f2b7497147a71d795081b2449fc525072db8a674cd5b8dddfac1a381e72b771acbd5445b447ac8f6051c2d0082a86e90fcca8eadb6b790e6032a86cb","A","Generated cache/build/log","8903"
".npm-cache/_cacache/content-v2/sha512/80/1a/f137cf203887f747b8dae4af6c97035ac9571980ae923943919b6b81cd378811f79568884ea42b53a31dcfe91ee8da32c5c0b1532e70bb914fd119c60483","A","Generated cache/build/log","11377"
".npm-cache/_cacache/content-v2/sha512/80/4d/5e40d67747efa44f3154a5d1a5a66cbc903643fcc2f21ea0f0aa3915408d0931d2350f9d6ccb51fde7c3cd5d890cdab01a73b7b9fc29c8299ac7b4f87705","A","Generated cache/build/log","9398"
".npm-cache/_cacache/content-v2/sha512/80/c9/844a1c30abb149a8cc2f7d1c2f0a5d34bf890df8a39f26a5e7f9fe27aee7da93980d1c93a4b1dffad03be3bb3eec23c6395a248505af05118afece8caa0b","A","Generated cache/build/log","41665"
".npm-cache/_cacache/content-v2/sha512/80/d0/866e79e79c501418a799f4f75bc9e19826a7b0a6673668a1d410c3b99d03d653d94e9afee3726408bfea870fc7d75ba5bba9fb82c17e2b63d2cd4635eb91","A","Generated cache/build/log","5603"
".npm-cache/_cacache/content-v2/sha512/81/76/a1e9a66b714c635a0db3476330a2e3f6787942073755e29ca0b9d7a168a5d2196e2fd80b114142be970c178628ba28565cba7127992528629e425e26f1b4","A","Generated cache/build/log","10764"
".npm-cache/_cacache/content-v2/sha512/81/96/dea6c761dd60ed8192962febd33e1ef52d206b9bf638fd00d905509c61f99e4c412ea0e630952cbe1b54ad7c983efd9cb9e74bbfdd30136e6eea0db6ccb6","A","Generated cache/build/log","113664"
".npm-cache/_cacache/content-v2/sha512/81/ea/bc976ac9931be45ec4fd44c82d504dcff292131694ecbd8a5bc928b5207e1f6440010ff1a9f399b26b2160c64d24b658c63099c26de164c93bacbd2befee","A","Generated cache/build/log","12647"
".npm-cache/_cacache/content-v2/sha512/81/ed/e2a686f04974e3e09c95b6cc10eea663d191ddb5b1ae3a7a3f2eb80001e4b1b6c27a56ce06cf92243c7d9b9aaa6370b505a2a1a103f9ae7ae21feb751794","A","Generated cache/build/log","3213"
".npm-cache/_cacache/content-v2/sha512/82/86/ed8d73e25bd71f1d019738196f8b5750ede713db04f8b958441b83768e67283ae04c02880f20280ab663b0d8ae10cb124f342a93bd78ba3a78e52c7a7eb5","A","Generated cache/build/log","2307868"
".npm-cache/_cacache/content-v2/sha512/83/35/2dfeab7cd675ec14628815c0b76277c4031e4d92e9c27e70e5bee0524854b4d9b717bb82e679ad001485306cb5b158fc7777da7c4b94286ae8ca70d43171","A","Generated cache/build/log","583600"
".npm-cache/_cacache/content-v2/sha512/83/53/1630b062cfc14a8b57b8c3453254bdf0fa225c7960050406819e718a3a935ae5ff132e4b646eb7b5facea8202c9d5809be1d15064e623efffc6fda1bd760","A","Generated cache/build/log","22200"
".npm-cache/_cacache/content-v2/sha512/83/a4/147dfd38a19a47b34786e69f37ac52e11de574d2e83f61ff6764ce9f2de52b3e0b814e44d039da40596b29321e794d97d54033da37735025f6d5440c5d23","A","Generated cache/build/log","4683"
".npm-cache/_cacache/content-v2/sha512/84/29/36299eb2a13f8a251bfa279b3d3867f6e614cff8e9d3c4168c69d8bcd1cabc71344d13344ecf002ac2933585bf374dd0157bfbca19ffcd0792eef4af793d","A","Generated cache/build/log","9135"
".npm-cache/_cacache/content-v2/sha512/84/51/db4cdaa153d1bed9e2855c20556f5b63153fcb71e889e3e1df2cee294e90c8d0a1e2ea26a3a5c14591a490f605e60a1ee7f360343ed85a6b211d37a9aca5","A","Generated cache/build/log","5132"
".npm-cache/_cacache/content-v2/sha512/86/c0/53354a904c3c245ad71d608da2d3a63f9d4044b0d10324a8d676280bbde832f240ee2404bcb91969924710a721172f467fa630f2e4706632344227682afa","A","Generated cache/build/log","15266"
".npm-cache/_cacache/content-v2/sha512/86/c5/35f007bc0834d1e8a82ef4361fd046c2aff6b98862f4af2b500e86d471da5838aa2493c2c48d5a619d7903920a62d30615b2aad7b8fd1b67125a4ea760a0","A","Generated cache/build/log","4380"
".npm-cache/_cacache/content-v2/sha512/87/c7/e011dfc3a684bd081ae31105d1f9d203adaa290047eee30615358dad10fc24eb4b2d3d686f64c7f8168a3915a92e43b1c56686bc59c79a5857abbcad8ebe","A","Generated cache/build/log","11239"
".npm-cache/_cacache/content-v2/sha512/88/a1/3dc3f67bc42cd430866a741b29ea9110bf0b8479b1f8bdda637035a7cb3688eb297a3bd147bd5a6619e96f10736ca18eb019b964c51e99b72fe1d345a248","A","Generated cache/build/log","4053"
".npm-cache/_cacache/content-v2/sha512/88/f0/237abaec7b6effca018bc70f84051f5a82ff58eae2de61524cbbe40d0a8a2e275ff5ae2d261ab716a5f0aa159bb3cf1dd68edc311b4f7c5fe9f83ae4643e","A","Generated cache/build/log","7653"
".npm-cache/_cacache/content-v2/sha512/88/f6/4ae9e6236f146edee078fd667712c10830914ca80a28a65dd1fb3baad148dc026fcc3ba282c1e0e03df3f77a54f3b6828fdcab67547c539f63470520d553","A","Generated cache/build/log","2954"
".npm-cache/_cacache/content-v2/sha512/89/b0/f6bacc7d251bbb7f9a6edad30a308e1ca40e0d817250a1844fe2943b3f19a7d65ea4ff9dea5ad41665aca1632dd7e10664b7dd0eb7e98911a797a2e8a8e9","A","Generated cache/build/log","7706"
".npm-cache/_cacache/content-v2/sha512/8a/4d/d9802f5d63f95855533ef8e212b1a6037a0d6d6f456d3f9b8bde8ba1d64a0639a50c0cfa5b1487a2e099058a659414f9fdd2c6cc34c5d000854e96760a24","A","Generated cache/build/log","5360"
".npm-cache/_cacache/content-v2/sha512/8a/57/131ff52788290c76d7b192808dd1b23ba4c7090ef99014fbee3ef98469803f3527c54c081d5122c0a158da4499bbfba3ef70cfaad7360ec12e304d8305f7","A","Generated cache/build/log","77920"
".npm-cache/_cacache/content-v2/sha512/8b/00/d9aa0d10006ae0f516afe47e27d0ceb87379a4479f5c27ac10a7eec2e2723482c984c5a79d6982cd3b8e1e4f802d041c236d38863cc96dd8c7744fd1fd25","A","Generated cache/build/log","21020"
".npm-cache/_cacache/content-v2/sha512/8c/38/46f45bc01279619e3aec20d6cd5dc51ae06f8bd4aa929094ae9e46ca1331517006f9da3bccd0f8cfc4f46f85ed4735ce45e72734cb3cd679eaa51f8c8122","A","Generated cache/build/log","12943"
".npm-cache/_cacache/content-v2/sha512/8c/80/6f5964a10af941a8134866dd0a02c856a6f4a3864c2412ee1951c012a00be19ab800508dadd5d5eb8d22f8c5754b0781739cfac8b17de7297165fc3b78bc","A","Generated cache/build/log","1913"
".npm-cache/_cacache/content-v2/sha512/8c/e2/cee25b2c1335a9a03bbb1be65ee158f0311501b76f75a67643d2099a9511198a99d35f7c1a750a3b172e3c1824df7b5e3f61137aaf0feb389aab13ce56c7","A","Generated cache/build/log","3903"
".npm-cache/_cacache/content-v2/sha512/8c/e6/ca2229353f64233c73f99f3e4168eb5495f812d1f5a8f08501c8d5e433ea3ed36b093a2f787a6efb1b024a41227781f3c7760ccb36b1dcd6ea245783ff7b","A","Generated cache/build/log","10226"
".npm-cache/_cacache/content-v2/sha512/8d/02/f79519e871a16dbb7574d094e8633ff8424356b30c628c368254d6518914cedc74032ec76ed59b66214bd5e323e9fabbd69b98f4cb44c6fd2eb572e8a34e","A","Generated cache/build/log","9288"
".npm-cache/_cacache/content-v2/sha512/8e/5c/7ab0b93810ec0eea11ded680869b543800dfecd2b4ab4d33c118f334fd143a532970ab5ec5b94f0878924a123b5ce8ae8ed3bcecbcffa00cee8c316a3ba6","A","Generated cache/build/log","40122"
".npm-cache/_cacache/content-v2/sha512/8e/5d/6f6733c38a72ebf5e52ddc9feded5e8580d130f508ef04f772b33f4a7d00c3e357d0ac2d98e2f290762694a454f86d795bd511e12e9a7cc2d9ba3394e04b","A","Generated cache/build/log","4377468"
".npm-cache/_cacache/content-v2/sha512/8e/9d/8bfde63a7e7f8a81555000ea9822d6c5d1563f600a5ee4ccf61746b29123bc831df56d8099caf49e6310872afcc71b97998dcfb3c9a4b906b056c9adbe91","A","Generated cache/build/log","7725"
".npm-cache/_cacache/content-v2/sha512/8f/a3/c0436b94afbf4f6610633f90b97e197c7b7f459919ce8ec0f99469d6ac553c8b61bbefab412bbfa73fc2ae4144d3c80654c1f42a5c082b547e4c6c7f4261","A","Generated cache/build/log","17313"
".npm-cache/_cacache/content-v2/sha512/8f/ab/d6cdfac655fc97c607be3b4c79b21e9cbf10288346bfe1175dd8adfacc2315e5e27effeb4e0278113bc70e0cc3566d545d5659866502f6612df247c6c850","A","Generated cache/build/log","5583"
".npm-cache/_cacache/content-v2/sha512/90/7c/6bdb366962d766acdd6a0e3aeb5ff675ad1d641bc0f1fa09292b51b87979af5ecc26704d614d6056614ce5ada630d7fc99a7a62e0d8efb62dbdb3747660c","A","Generated cache/build/log","1506"
".npm-cache/_cacache/content-v2/sha512/90/d1/4fca3861e5c2a3ad496dc6cfb0171f9991b45ac71999f97d19537d523acc4212d3fd54f82dab6b5e670d4379bba92f91a60da350eb228c31570ce358aa0e","A","Generated cache/build/log","24936"
".npm-cache/_cacache/content-v2/sha512/91/5b/1ca97938382a7af126747648042958baffc8a3df4d0a0564c9ab7d8ffdd61e5934b02b8d56c93c5a94dd5e46603967d514fcb5fd0fb1564a657d480631ea","A","Generated cache/build/log","9542"
".npm-cache/_cacache/content-v2/sha512/91/7b/3d1a8d1c6a1d2a1d5576bf7f3d21740b74b09e135c5f16d8ce005fa2a1bbb4388a06d698def00b76bcc1f268f3223cc9c6fcb58fe74b7030bdb578c7006a","A","Generated cache/build/log","12478"
".npm-cache/_cacache/content-v2/sha512/93/a1/36d45cf24ac48ae5adb529100305dfcd1a77917a014ee692c77dd40ba510c44d4349b9e2d7b37582cf2437b454436206eadca1c65df4db8b66ecf1643aad","A","Generated cache/build/log","6085"
".npm-cache/_cacache/content-v2/sha512/94/6a/bef72af5fc6b8059a558207463befc921b9ff855f288bc2f045b14ad3dd70387f29aec51b7b703fabf8779064adabd48a584802c1b8423f37b74d8b5943d","A","Generated cache/build/log","133521"
".npm-cache/_cacache/content-v2/sha512/95/98/5c96e984d46e95603f151dedf9c0568889ff824f2e522488b9fb7cb8a6c0e05aee303c3a01845f0dc543a29c473ba478224ec4fa31a05bf76aca8610fe5f","A","Generated cache/build/log","8796"
".npm-cache/_cacache/content-v2/sha512/96/17/7fc05f8b93df076684c2b6556b687b5f8795d88a32236a55dc93bb1a52db9a9d20f22ccc671e149710326a1f10fb9ac47c0f4b829aa964c23095f31bf01f","A","Generated cache/build/log","6318"
".npm-cache/_cacache/content-v2/sha512/96/87/13910c8abf0204801cd5ae7f3af7779b73dec5d94f191e36d7c035c9e459f64c2a4dc1394a71a28b91d1e8a7973f89c38513baaded0f490b986728d6ba1a","A","Generated cache/build/log","6658"
".npm-cache/_cacache/content-v2/sha512/97/2b/b13c6aff59f86b95e9b608bfd472751cd7372a280226043cee918ed8e45ff242235d928ebe7d12debe5c351e03324b0edfeb5d54218e34f04b71452a0add","A","Generated cache/build/log","2842"
".npm-cache/_cacache/content-v2/sha512/97/9d/4ddabf775a6194c9edd6b85a0de64d74cf2beb56cd2a7ca061c82e6881443a130e89512b3087bf266d23be214de74d6b32380aea3c271285d41269d82105","A","Generated cache/build/log","86525"
".npm-cache/_cacache/content-v2/sha512/99/34/8b7f5182fc2d26a168d36ef08ce909ff8018ef945b756b3b96176bfb30de42dd9ab653627694ddd9118929ba3b8e539468ec0dbcc24be24b168a9c6d0162","A","Generated cache/build/log","37641"
".npm-cache/_cacache/content-v2/sha512/99/c1/9eb06a65067ccddac6ef2444f3a4235f48cc8f9dbdbdab51912d4f886fb6c9ae9206db2c2646887657955b036b8dbca8a42949556c03e4b3b2438f3e00f1","A","Generated cache/build/log","8318"
".npm-cache/_cacache/content-v2/sha512/99/f7/306fa23343238a4ecf3809032b3b05b881071a4ce016274cf32429765923c3ad693f3b30da2265851f77635e16f6e20e1eb9d65f2d1a3302f3c6c3877d85","A","Generated cache/build/log","7471"
".npm-cache/_cacache/content-v2/sha512/9a/39/ffd1b8bfa145118dce5797b21a5a2fce24926e9aea0915025f0c3c8ee3afa1056b1f69533ae53047ab67a864187397d11c8713a28e991b442f12541414d3","A","Generated cache/build/log","6135"
".npm-cache/_cacache/content-v2/sha512/9b/0e/7c32b065c875858ac4ce6228270f4bdfff781d720011fbda1fd6cf46ff7f026c5894c07d6708391cd0050cf48ad716037951ef27e398fd582832335b1b89","A","Generated cache/build/log","13670"
".npm-cache/_cacache/content-v2/sha512/9b/16/120690c2f83d292df48feac5b85994dc4fe9ebb6665c8a632a9d59b2dfa1ed7b75e97984abbe08384d175a33519e986a20d405b3239a8bd95a087cc5db25","A","Generated cache/build/log","371133"
".npm-cache/_cacache/content-v2/sha512/9c/00/7be0d7d234a927a90d51ad88fabb3f057171289aefcc013259c61ff1f8102bccdd94dc96ce602d003d8cd42068556379b9851c40f153cd74f0681bcb7194","A","Generated cache/build/log","894921"
".npm-cache/_cacache/content-v2/sha512/9c/06/18c1f637aa7cd7df422403a01066355bb4ae9db86a27b5c426d56486d4c0fde182ea2b4e75e46340a57928c4a39632eb15b2c00758b87d49e6a879f6051b","A","Generated cache/build/log","5117"
".npm-cache/_cacache/content-v2/sha512/9c/4e/c3108721bed8854f0070e0b7dbbb9f4f1be902a1f863b0a6825b3c53a6de257d18d132a1bab8c073297b847325e1387a14a7dae2026eff69660685767d73","A","Generated cache/build/log","4234"
".npm-cache/_cacache/content-v2/sha512/9c/65/edb39ce72739963eefa6204f62cc23b3760eb7a0971ada60f3196593b61eecaf86824e829ca32155050c0def9223e4f7faa79d74130913a958934730d5fb","A","Generated cache/build/log","97105"
".npm-cache/_cacache/content-v2/sha512/9c/6f/74c38478a9c5709353b2e3601a6db5879a4187a080972d96740c2366884077a57aa2596eaf3eeb72250d552d2ab72274645ab213ffc96e070ab7cedb51f5","A","Generated cache/build/log","75958"
".npm-cache/_cacache/content-v2/sha512/9c/99/762864e5adff468cb8a6808aeef95fe6ce048ad000420d046fc70e418d444bed67c7e6ea169a2cdb1fb401e8c9a730177c7080bdb9c7969deccbd556565b","A","Generated cache/build/log","74929"
".npm-cache/_cacache/content-v2/sha512/9c/ad/bc58ea3e4088c190376e4c8344e09905fd42492b27f6109c6f24a7db943a7283443ea643873532f4430cba34fe85844fc49f357bdc1c71a9c25a5d8f5a9f","A","Generated cache/build/log","20235"
".npm-cache/_cacache/content-v2/sha512/9d/62/7dd438de3a47a3fd303ca574379b2aee2a9284620aafa70f65cf838f1e3fcd585365b98ae36f3f63d35089f322907768388c5a0e9083424d6d88e4b104cb","A","Generated cache/build/log","7004"
".npm-cache/_cacache/content-v2/sha512/9e/7b/8cb5f0a622a03ab73030ac63c9f9fa9a90bf799fc2bdd1563951efe4532bea8316c97bd354e4d57d5a886a491ae7c5a211217088b1e1557dbfe554a9c3b4","A","Generated cache/build/log","937724"
".npm-cache/_cacache/content-v2/sha512/9e/7e/68cdd8d8429502665586bb170963f2a9c64590b380dc6cc0a62a88e3cab6031001b2e027b5f4d378bf931db9a7d3c0995b29cf7d500f1885256aabdc8f64","A","Generated cache/build/log","1528"
".npm-cache/_cacache/content-v2/sha512/9f/86/53dfbc06efc8b3d37c4f44a26b1d37596dedc889ccae704b5d46c579ca09707371b251f6c07e949e0f4149e3535b50d4ade706e1a9fa757d2f81827bc315","A","Generated cache/build/log","6689"
".npm-cache/_cacache/content-v2/sha512/a0/60/7e53196059c810920c28f067041b07a6a1316ddc520ef5a6da6c199a1b05c8a01299f864f2d293f5f396de1a0ecb96287f3521d25765c0b35967ce7a1c4a","A","Generated cache/build/log","7360"
".npm-cache/_cacache/content-v2/sha512/a0/83/f392c993838fccae289a6063bea245c34fbced9ffc37129b6fffe81221d31d2ac268d2ee027d834524fcbee1228cb82a86c36c319c0f9444c837b7c6bf6d","A","Generated cache/build/log","3400"
".npm-cache/_cacache/content-v2/sha512/a0/91/6ef781d06fe29576e49440bef09e99aa9df98bb0e03f9c087a6fa107d30084a0ad3f98f79753a737c0a0d5f373243ae1cf447b525ca294f7d2016b34bfdb","A","Generated cache/build/log","18477"
".npm-cache/_cacache/content-v2/sha512/a0/a9/db845c91217a54b9ecfc881326c846b89db8f820e432ba173fc32f6463bfd654f73020ef5503aebc3eef1190eefed06efa48b44e7b2c3d0a9434eb58b898","A","Generated cache/build/log","11577"
".npm-cache/_cacache/content-v2/sha512/a1/11/4d58944303f593ad58fb356bea6b91ea135b7d3180e3d956968ab402cc20ab01dd861eba91fec41ecc2c625804cf36529371168f4473c9c084683c1029e6","A","Generated cache/build/log","72797"
".npm-cache/_cacache/content-v2/sha512/a1/99/ad289cffe1fb9f676a77f829f78a31288dc75f47ed736031f6c4a62b125cb4751fd0ff5c543d108e94a1b1a1defc9d6954d949c37b4f466774da92704518","A","Generated cache/build/log","42635"
".npm-cache/_cacache/content-v2/sha512/a1/a8/46bee3064253f0fe2bc86018d54ab5807d62c17a4bb9b693c4d9f38f2e2f961df7c859bba1dad0a38724214c13cc7f913d8c3107e053a64d8818c1b2b0b5","A","Generated cache/build/log","17235"
".npm-cache/_cacache/content-v2/sha512/a1/bf/f62dc55569518260dfabd78727c27a033d4b9f8e26204aa4618850f4435888e0e768adae5113c22fd43db8840cf9a0ca298511a41b3fb2baf42699432733","A","Generated cache/build/log","26681"
".npm-cache/_cacache/content-v2/sha512/a1/f8/7202c61aa1c4463acfe7d1759d50e495cc4006e817eb31533ccf473490b116637f30ff45ae3053d324ffc755a64f62432f1d9a0a20884d7236d308120b3e","A","Generated cache/build/log","42939"
".npm-cache/_cacache/content-v2/sha512/a2/39/9e374a9dfb2d23b3312da18e3caf43deab97703049089423aee90e5fe3595f92cc17b8ab58ae18284e92e7c887079b6e1486ac7ee53aa6d889d2c0b844e9","A","Generated cache/build/log","2258"
".npm-cache/_cacache/content-v2/sha512/a2/3f/3b0a064809dba5528868815011ec08e50b4df6ed4e1e9782fa780bcea827ae74c0d553435384d695f9bf437f87578123f58173139cf7617deff6a831f972","A","Generated cache/build/log","22651"
".npm-cache/_cacache/content-v2/sha512/a2/dd/169d74bd7e076480871e3dee911cd935580f3e9ae3dae9c4a3791dd5f0adbbabd041d6b4c4dd1d69ec7bf4cf567201cf2ce95beff0323259febcd4c02dd3","A","Generated cache/build/log","3810"
".npm-cache/_cacache/content-v2/sha512/a2/ee/e22c427ecab8509dd924038536d5721d4bf092e391788972244d971bebf35ef4432c3ae0ee755982c260e77c5659fb2d4566a5d1352220072f9832f65566","A","Generated cache/build/log","48726"
".npm-cache/_cacache/content-v2/sha512/a3/15/4790747f1097f608d5e75b144b5ba9a0ec9c82094706d03b441a62f672d528d4f3538a7d4f52297eafffb8af93295600bf7e7d648ecc7b9a34ae8caa88a7","A","Generated cache/build/log","8620"
".npm-cache/_cacache/content-v2/sha512/a3/bf/9cf5b5bace901d2474edba379e3ce0c0864ba271d02bc85b1f54ac00fb01b0f3dc09e064d8e3ce164ee70cf612ed0c43a93af23e6879f3aa70b9947a7846","A","Generated cache/build/log","5514"
".npm-cache/_cacache/content-v2/sha512/a3/c0/b6dda5e9350ca9458ef75bb7d6d36132bd62629c431780a7868c5a0aca6d338f743bde10fdec0d48429b3583c0b5e074c6b0ea592f4026fb18df8056406e","A","Generated cache/build/log","3072035"
".npm-cache/_cacache/content-v2/sha512/a3/fa/dd604c194d3a39b639279cf7b2405538e64502e22fd7c9e0cf3fe1c6ca2e97aa938fe997f961ae6f87f61f7bd21de498ae5a79c0c765ea21e0f751866dd2","A","Generated cache/build/log","3394"
".npm-cache/_cacache/content-v2/sha512/a4/9d/ac61ac104b447f588f76f068f91a53e14c6cdb31e96ad3ee0836d49834357d12b289717eb18c65a4a06fd59c1ddda549b4d3300b6aa92b503efba4ee530d","A","Generated cache/build/log","7349"
".npm-cache/_cacache/content-v2/sha512/a5/bf/cc6265ecb40932b11171f2988d235b4614d408140def904dc6ab812e035745ea01e9ffebe066ab021896a9bf2f0ddd0fb8a3b170beab8f25c9d9ed1632e2","A","Generated cache/build/log","2149"
".npm-cache/_cacache/content-v2/sha512/a6/04/5ce21278fec363582492f409a74b8d31ddb34c0d39271e02f951a3014ccc899d4f741205a1d51cfe302f5e16ee01b8dfd4c198ca42e63fd6fdeb33b1cc7e","A","Generated cache/build/log","5784"
".npm-cache/_cacache/content-v2/sha512/a6/13/c60b0aabdbe428d1fc2788213c7b8a4a9c6bbfc856f99c3e58f1b7f41047a22391a4967002600f46172fc3ac0791aca1d7bc79fed5252c396809a7a44efa","A","Generated cache/build/log","8528"
".npm-cache/_cacache/content-v2/sha512/a6/1a/d898d898a6947bce714476a81f5875d1e8d0a46442bb8705831d95238adff6fd4d2be97be40e5d12627a0ce751eaec584219d2c34facf1082398d617b1b1","A","Generated cache/build/log","80321"
".npm-cache/_cacache/content-v2/sha512/a6/ea/be19fdf9a08db815e375d4b92851016abfdbb035e5a9c57662fc98b7ad1228280cca9f145a67e1a48f4bca4bd6428931127e783537d2f23b25efa3e9be1a","A","Generated cache/build/log","18157"
".npm-cache/_cacache/content-v2/sha512/a7/71/1cb227178e2b7b49ab245c7b35840f75431813c38e85bfa10528a192e434452c3f322a7a218c5de1c688eef786ff39c319a10ba4ce93e9044f6e2d52b381","A","Generated cache/build/log","7454"
".npm-cache/_cacache/content-v2/sha512/a7/a1/71f01edbed984bfe0994b00cb40f5e5686f0dc730de69c635b6698b7a66789771b56b23da311a23863aa28dd78877f3b9280fc0a734e0c62de8a82f0bfc0","A","Generated cache/build/log","7210"
".npm-cache/_cacache/content-v2/sha512/a7/e2/ab1567998e12a3b0bbb6b928be9ac54001276db05b052d027bf84e4d86cf34e4bb6f2d46f6e11e614c7a85325fc5f3b1d09bc67fa9838ad1911860a0bc85","A","Generated cache/build/log","126418"
".npm-cache/_cacache/content-v2/sha512/a8/88/f41bdc196cc18d2e32e68353d3eafda613d007db3967003243ff6b42e84d348609a150e7c407a82b7873c07cb452b9f1ea44e2144e4c3a13e337947d0f4d","A","Generated cache/build/log","19716"
".npm-cache/_cacache/content-v2/sha512/a9/c2/6ef3c436216a89b030f9dbd24a31dc069bf76f2275b81ef427470887f49b62849bf318eb1c0ed1c4df1d6904a794393cac43c91598b9c9da426eef285c18","A","Generated cache/build/log","24326"
".npm-cache/_cacache/content-v2/sha512/a9/e8/711a4463e7987f7dff0431a27e71887268a947231a980e7ebcdb0403ed1369f54ba3390b07a20dae4b4af6bf3af8a56fac5dff7435e79aca370d697ddf16","A","Generated cache/build/log","14245"
".npm-cache/_cacache/content-v2/sha512/aa/8c/f47e100f6f9006f5a7e8998ec567db2e5be3373ded584c2823d0532244fa9c80860413a3b88f520ee518875ea800e401d9c3082d5134fd134a6636236e5b","A","Generated cache/build/log","9109"
".npm-cache/_cacache/content-v2/sha512/aa/90/80bd197db2db8e1ef78ab27ec79dc251befe74d6a21a70acd094effe2f0c5cf7ed2adb02f2bf80dfbedf34fc33e7da9a8e06c25d0e2a205c647df8ebf047","A","Generated cache/build/log","3210"
".npm-cache/_cacache/content-v2/sha512/ab/1e/e8aa761bc672bd91823d9b7d7baa6166120a3acb0a96bdb4e881d8fb70bf69dffcb1e0ce3ca7b467c39cf71fcf7470bfe8c3f11e589b2e4f291e6555cfe5","A","Generated cache/build/log","8420"
".npm-cache/_cacache/content-v2/sha512/ac/13/2f23396903cbfa13e489668a3ef87018aac2eb920ecc49f2229cc3c5866928af0ed7f9d39754942cf904faf731a4cccc9f0e720c3765a2775f8d6cbdd3f8","A","Generated cache/build/log","8913"
".npm-cache/_cacache/content-v2/sha512/ac/98/134279149c7d6c170f324fa552537cc3dec5a6bbab19848b1e63c557f8646edcfe85ec5bbe24d0e85df9251256cb2529dcdc55101d57b8714e618fe05c52","A","Generated cache/build/log","2675"
".npm-cache/_cacache/content-v2/sha512/ad/59/2cbec9cd09d27fa2119ceb180fc3237c7a1782c6c88b33c9b1b84fedfe6395a897b03ee3b59a22e94c74224604ca08b7b12f831e00555a82db3b1e6359d9","A","Generated cache/build/log","2765"
".npm-cache/_cacache/content-v2/sha512/ad/b3/b7e06e6c3165b2acdfe274b795c4066000a5ab9f92e2477fc8f7443d32403aeece93d68074c6d4defb485ea01bc74a96d4f4c93b8babb0267a68e2edb55d","A","Generated cache/build/log","1307948"
".npm-cache/_cacache/content-v2/sha512/ae/a5/a79bbea7613f07a0d36a123a6027b3f0fc3ac18f98814eb9843e8e874d7e7e549c8134ea9376fe20f3d1badc7b91e60d0068436801c1fb22ce5f176919f1","A","Generated cache/build/log","4439"
".npm-cache/_cacache/content-v2/sha512/ae/af/6cf893617f4202863b435f196527b838d68664e52957b69d0b1f0c80e5c7a3c27eef2a62a9e293eb8ba60478fbf63d4eb9b00b1e81b5ed2229e60c50d781","A","Generated cache/build/log","7635"
".npm-cache/_cacache/content-v2/sha512/af/01/bf8dad677b22ea0ae199e5862bce703ad83e266578348b5708b242142928aa1770a37bdff05c096cf41f6cd566b67e898cb08bfc73307c8d970f9b109716","A","Generated cache/build/log","7141"
".npm-cache/_cacache/content-v2/sha512/b0/d5/ce7ca0a7ef8aedf1120228cbc94bb5ca57f5e4f6403b0f226bf262629374bb0b0832dea964926c92dae401de388983a54d75977fa43049bb49ef1b63654e","A","Generated cache/build/log","30023"
".npm-cache/_cacache/content-v2/sha512/b1/34/9f063a17069f3d26f20a21e7eac3b53608279bb1cef892263a6b0886a202ada1219b823604fc6ffe97db05dcc5853cd73d21ca0e0b83837ca1dfc459a9d2","A","Generated cache/build/log","4474"
".npm-cache/_cacache/content-v2/sha512/b1/c0/779f3e16986ef9a55f3edde45440e1d994d49484536adfbc67a6046408210b5375ccbd70312e4d5ea965b2136d8a8b8434d459ecc3d040ddc2470cf827d9","A","Generated cache/build/log","133708"
".npm-cache/_cacache/content-v2/sha512/b1/d4/12141efe9657d47101d440edfe07c111463d0e6b8c3d3ce58c23fa6e1adb9fee0172c069a468b084967b9d7d388a655f8dbc7a8bd227f376b23c468ec448","A","Generated cache/build/log","4134"
".npm-cache/_cacache/content-v2/sha512/b1/e4/b64e3dba4c154e0b6348736ace7b6cb664eede7f1213b4b65c1923a71c734e43b0a489405fc34230d9c93ac642213f02e128d2d2f013be844a6781096acf","A","Generated cache/build/log","5194"
".npm-cache/_cacache/content-v2/sha512/b1/f5/8619f6af8b4c6bf0f834b15b321cc00ece25582a03cb36b4bb8a0fa2bcc35bdf06c2070dcac6d7e5b06040c03de0610944fc0119b132e04e846b4828dbd1","A","Generated cache/build/log","24804"
".npm-cache/_cacache/content-v2/sha512/b3/35/bdcb602e9aee33f3c6177d3cdc16c814020da4eb8bb36ed70ee4bf5fd40292e30fc650a25c6c596545f951395c8d3e026d18e9ef3718b2a77bfa6fea6b20","A","Generated cache/build/log","19276"
".npm-cache/_cacache/content-v2/sha512/b4/3e/34787c40df98743c421935e223907a034786238c9a77e1b88cd260efa6505efff981f881c2a870c657ba7117eecc9254ef8a085c08f3d90bbca75b28dd4c","A","Generated cache/build/log","8751"
".npm-cache/_cacache/content-v2/sha512/b4/73/474f1227ad82c281af4ef581b1580dc6f7f9e7cd0c3c506032a86c7702bd694934f322e338c28152ab84a8c245c28c9230ab9b08890bc47d123db421f5a9","A","Generated cache/build/log","15534"
".npm-cache/_cacache/content-v2/sha512/b4/86/d8b596ee70eb340511aa3c992c84951874bf920c7edd54cf208f2f84469dd60148cb105244fb4da46a7c87b708d63a7c2b298062c0098cd29e242c90275e","A","Generated cache/build/log","9742"
".npm-cache/_cacache/content-v2/sha512/b5/1a/caa85c8268a89cb7984e776e38b0be844053727273109c17be8fcbaa18d5d8cec22619b19453889bb686819afe452f027070524d7a0d467958d07db32b0d","A","Generated cache/build/log","2592"
".npm-cache/_cacache/content-v2/sha512/b5/b6/4db89acbc06529df3b2106d772e16f8e47166e221f1ae629722044030b9ad8d5fdd4db424caf2d0b977581cd4e7c1192ac12e2455e16f9830bfc0ac3ef80","A","Generated cache/build/log","173034"
".npm-cache/_cacache/content-v2/sha512/b6/ab/7e3415b0c9a320c37cc3b27ca0c78081c968d01091ce3cc76c958869a5a412254b4bfc3e093bd09c0419613e823c973f682480d79305df845e1a5aa3fcc5","A","Generated cache/build/log","48041"
".npm-cache/_cacache/content-v2/sha512/b6/e8/466c4e827d333dfb900d19ffa841bef62b2ff4facdf1294a47bd285f8b3d91c4c16014f8ec5ee44b05532dbccb35e5ac1ee394916fcdc3eb01f87b0eb095","A","Generated cache/build/log","4863"
".npm-cache/_cacache/content-v2/sha512/b7/86/17d08d728c5ce44d7da3994ffbb5f96ed28b7eb012dac5aff18b2b8ed81fecdc12a0ddd5220224e504dad0e8aff2e16cf256f7bd502ee668b8fb7efea3ce","A","Generated cache/build/log","655038"
".npm-cache/_cacache/content-v2/sha512/b8/44/09193f7b640fd380ffc7c9dc38ee51eefbfbd08facffd2303e59e4db2b5a3d471e391889a3a43d2d7375b969ddc3e974d247a7b5c843b416f1aae9641f55","A","Generated cache/build/log","7044"
".npm-cache/_cacache/content-v2/sha512/b9/32/08ece605fbf31eb3f32b708398a79c8eb5230b056488a0b3e9720c22a6888a6e58ba937db6b5ca05b31a082313c3a96d35490180824a38133662d8136fdb","A","Generated cache/build/log","39359"
".npm-cache/_cacache/content-v2/sha512/b9/5d/903963f69d6ceccb668ca7c69189b862f5d9731791e0879487681f4e893184c834e2249cb1d2ecb9d505ddc966ed00736e6b85c9cd429c6b73b3294777bc","A","Generated cache/build/log","6255"
".npm-cache/_cacache/content-v2/sha512/b9/6e/d156e53a2e9fd9b5f798e1bde42f7db371c8045af3efd7e71fd7bb9b6331daf5c2fc007a249a4dfa706fd71221ffb266d0bee9a789e5d7f63fdef51a8958","A","Generated cache/build/log","52684"
".npm-cache/_cacache/content-v2/sha512/b9/e9/0819eb72c08828a5f0fdee80cbe4f7de7b3905a4d87097395a11834e03437a82176c3af87f1d88d231e9394363b53d8bd148315ca85549978af8641c0ea3","A","Generated cache/build/log","2348060"
".npm-cache/_cacache/content-v2/sha512/ba/63/bf689fbcd82a4e9e10d95136c82c241fee453f8348affa81acfd0f23c3b2248560736843f8b00dbaf0f8450094c57ad6f0a7720273a92da48e13aadc5c23","A","Generated cache/build/log","3428"
".npm-cache/_cacache/content-v2/sha512/ba/9a/add5290690e0d6f6db06346e66b574d7b440a2cf0b52da4035eb533e8093dcd7175bfc0c7adbd69fe98ad3c1c39e4076dec2b3cd944e43c7b933bd74e2cc","A","Generated cache/build/log","11594"
".npm-cache/_cacache/content-v2/sha512/bb/12/fba80550ae2a9140f0322b7a63eba56ab245aaa19dfb3d6f788f0393c0d7eaff3f68caed55f9eaab66ab51dbe7c28977583997bf32876df06b6fa8dceefb","A","Generated cache/build/log","172632"
".npm-cache/_cacache/content-v2/sha512/bb/17/3fce9a8583ac7b0bcbce13b961e8b6dd6bc7842fdce6566fcf2de4cf051861d710a0756690f89d42522786a487e6d8776db14a51bfe1ec8626ac04c71ce8","A","Generated cache/build/log","18600"
".npm-cache/_cacache/content-v2/sha512/bc/99/afbf017162e1a71766b146d3d8a1c6a0e8295b6f9612ee42cbf923bf4de545cc7a83216acd298b5cb0f3226e30f1f4ef9bbbea6c032f4d29f5a495ab2c50","A","Generated cache/build/log","29052"
".npm-cache/_cacache/content-v2/sha512/bc/a4/0b716ca9527c1956f7d5ed49066a11f683ac927bc33c47ecd80703ebbf96f267d4005ba71056f34aa3b1a0983fa9f1a61be83f4906ebf2f3f5a13a7a36c1","A","Generated cache/build/log","3557"
".npm-cache/_cacache/content-v2/sha512/bd/8b/7b503d54f5683ad77f2c84bb4b3af740bbef03b02fe2945b44547707fb0c9d712a4d136d007d239db9fe8c91115a84be4563b5f5a14ee7295645b5fabc16","A","Generated cache/build/log","7603"
".npm-cache/_cacache/content-v2/sha512/bd/ab/c03115ce80154d17a9f210498bdc304ad7d891a437282305beb3043e09b1a2bbb963bbab7e264940d4c1f07a85ad69d82de0849552c5cbc83ab7e1d75cc0","A","Generated cache/build/log","1736"
".npm-cache/_cacache/content-v2/sha512/bd/dd/85e1853211728670b1e8abe4c4c828f1b9e49e1e7171cb28cda7cd328345d5e2f5219c37abfe5bef96a33f6ab0796d740de4adbfde88a7c82472c7c4f609","A","Generated cache/build/log","89981"
".npm-cache/_cacache/content-v2/sha512/be/47/033eb459a354192db9f944b18fa60fd698843ae6aa165a170629ffdbe5ea659246ab5f49bdcfca6909ab789a53aa52c5a9c8db9880edd5472ad81d2cd7e6","A","Generated cache/build/log","9408"
".npm-cache/_cacache/content-v2/sha512/be/92/d012cf952c2af59d4d015d2d3b99a628170943007d209e042ebadb71230bad0c510c1ead9b957fbcbe98310dd2b72753f08c22627a9efb3a2b536782e5d4","A","Generated cache/build/log","117068"
".npm-cache/_cacache/content-v2/sha512/be/ad/b806adf29b91c4426d8d282af7c970f08dceef4ec1138510e7929d832bda75baa2d1f831eeae6fcd393a34286ec760753b7a9a4a663dcccaa62e3017fada","A","Generated cache/build/log","6586"
".npm-cache/_cacache/content-v2/sha512/bf/8c/e081172369d9c8f8294a0ee8a3950116e2dc3736869e1dcfcfc292a72e82cb28d506e089cb7a092cb68a0b711214582b3ef0bdb6746511095b857ce29f9c","A","Generated cache/build/log","3425"
".npm-cache/_cacache/content-v2/sha512/c1/74/7f758a5ca8a99f5a911d66388a24ec023459dd0f40cc9eb5bf7188d51adb449017d581c2c51e836b963e3b9a339589cf72c8dbbae5a96c805e0d4324dada","A","Generated cache/build/log","7873"
".npm-cache/_cacache/content-v2/sha512/c1/ae/7aa36fc4949318aa30a31a45eb8bb8ade456de6d6e6eb0bc3f9cf98232ce43799edece24986614a63d19f4b71a9e5b82e702641053b160a8ba6c10528ce0","A","Generated cache/build/log","9108"
".npm-cache/_cacache/content-v2/sha512/c1/e9/ba59a063e0d69561574d84b3cf55a7044ba649f8a0417d2913303dd86716cfdeb9b70e2f39b4953996369436168eca7b7e023d31aee858bb3401b7c9fbd6","A","Generated cache/build/log","14864"
".npm-cache/_cacache/content-v2/sha512/c2/13/84d47168fea243c97e129d7ccfe0deb33969fbf5686709463f88347498f7d064ef30718138242973236a19ae10679cc5020421d984ee95432a0153de6664","A","Generated cache/build/log","411146"
".npm-cache/_cacache/content-v2/sha512/c2/64/59d9658bbe6b7a287cb6acd3ce74f523c2ae71387634dbe9beb9dc094e7d1a348a31feb92c900bc94f24cb1a13cae8a82b523949509a609b1ffec0588521","A","Generated cache/build/log","11709"
".npm-cache/_cacache/content-v2/sha512/c2/97/3e2d77a2ca28acc4f944914cd4eacbf24b57eb20edcc8318f57ddcbb3e6f1883382e6b1d8ddc56bf0ff6a0d56a9b3a9add23eb98eb031497cfdad86fa26a","A","Generated cache/build/log","8109"
".npm-cache/_cacache/content-v2/sha512/c2/d6/651f23a37ba3994c6a80a1a0cac4592046d905f429c70159c21ca7ee8f6d34c0080bf9b48985db020f6974431ff67a41178cf59cc8a91f19be423dba2c96","A","Generated cache/build/log","6842"
".npm-cache/_cacache/content-v2/sha512/c2/f5/2306d48637bfbb4a3369abff4cd93837e745190f7abad881592db4404756d23250a8d5969e5be049f83d3dd1ee2120864b05c4c359ee0c8788ef5036a3cd","A","Generated cache/build/log","7360"
".npm-cache/_cacache/content-v2/sha512/c3/d5/0ca96c09c4734ebe8373489da83c5e70bd872f3fb8d4bd8ce1a7aef21214e2d7b6430410b5cfda53746bb38c3f84148a8b4984707998ea7e23f3434e846e","A","Generated cache/build/log","6452"
".npm-cache/_cacache/content-v2/sha512/c4/78/e10ebddc3412b40737542523d7667b50531fe6c0c4b9470e00ee53c9f745c600ee8848ffde3c336ea34be1a8e654f940f9268a1dc02000a1941ddc57802b","A","Generated cache/build/log","1859"
".npm-cache/_cacache/content-v2/sha512/c5/b6/c21f9742614e53f0b704861ba1ec727cf075ee5b7aac237634cce64529f6441dca5688753f271ce4eb6f41aec69bfe63221d0b62f7030ffbce3944f7b756","A","Generated cache/build/log","5141"
".npm-cache/_cacache/content-v2/sha512/c5/c7/87dac9e1b5be4cf658aa0ec984c39ea57b7efa993664117fe311bfd1c4d1727a036e97b78db250973fd1438ff2dcbb45fc284c8c71e3f69eda5a1eb0c454","A","Generated cache/build/log","2625"
".npm-cache/_cacache/content-v2/sha512/c5/c9/01517c9322a4fdeedab6c7600c6fe835eb76f9245cac624d31e2ac4d1706df42498d6688911dbeac3f323dfd0577dd67aebd5601508883e0dccd232a9a45","A","Generated cache/build/log","6003"
".npm-cache/_cacache/content-v2/sha512/c5/e9/526b21c7dfa66013b6568658bba56df884d6cd97c3a3bf92959a4243e2105d0f7b61f137e4f6f61ab0b33e99758e6611648197f184b4a7af046be1e9524a","A","Generated cache/build/log","4255"
".npm-cache/_cacache/content-v2/sha512/c7/42/27388cb381d93e7b26966912451f9b2712d8889a00606e56760b23eb2e6aaa72e310904bdc0cf1dbcea6c3f1e0ec49e25b54e8e7f9caf3cb31da3380fefc","A","Generated cache/build/log","6080"
".npm-cache/_cacache/content-v2/sha512/c7/ff/82cf862b8a643141c7097f998a11b21ad4dcde091348e44725fde92695869a9a974d2cf6a557221c09934d1f732f9aa06e815e53318657bf4963b255256b","A","Generated cache/build/log","5064"
".npm-cache/_cacache/content-v2/sha512/c8/bf/ec2eba66b43685122523d68b113f84c8d8c0f3d4075d24bfa367b292aaf06e962378c6a618e7821f74df2a0fc4e86ba8358a5a298757f140d9233b1aeba5","A","Generated cache/build/log","22400"
".npm-cache/_cacache/content-v2/sha512/c8/f0/f3ef0aa9835fe69872e64b7b5c7d37dbc397f57abc97bf28216017df19d111c1efa657b65c5b34d1f0b475ecabeab77a9f3eeae39689e69eadcc29720e5f","A","Generated cache/build/log","10812"
".npm-cache/_cacache/content-v2/sha512/c9/06/d780efce499543d88b222e5ae8fbb1dfe90d7c109aca484b1da0ccca78f29772dde0bc3f282dc390748cc6ba9af9163f840def203bf9717350737cca71bc","A","Generated cache/build/log","13972"
".npm-cache/_cacache/content-v2/sha512/c9/74/abcde1d905365a74b3a57f28429091cd78b2671d19d1227c1d678d0bed989a02dac1c28625b03ad7defe7307552d93b08b7f370e5675555a85c4932ec27a","A","Generated cache/build/log","35146"
".npm-cache/_cacache/content-v2/sha512/ca/97/66254fd36c16f2d83c626eebfb64b5b706cd5012633b9c78c400d7e88492ef1345d5ba38ac9f5a8f25c67183ea83b9cb2bf9b3fa7cb0f5acf4b702127b11","A","Generated cache/build/log","1854"
".npm-cache/_cacache/content-v2/sha512/ca/ae/8e909e29f360807cf974bbd99079b40728f26463b5ab22e936d3971362761efa4d99f18061d7516b6d11bf1fa8a18aba9c69c3a09760483bca323102de5f","A","Generated cache/build/log","236224"
".npm-cache/_cacache/content-v2/sha512/ca/ff/637841569e328223afd3dceab9d324043aa9a99a97f31b585c66c00e6971503dfcd6a6b5ab94749d18f105dd64138bcceef28842f4c87d278ef49d3e6953","A","Generated cache/build/log","4065"
".npm-cache/_cacache/content-v2/sha512/cd/8b/eb9a3f58c5deb7506697c3e91db7a034174b34aaf789cae6ad20cefb6d80b60c4e2982683b6b9d2ef0b47b3d1b57774c7e87e4e5dde5da6c69b4e9259ddd","A","Generated cache/build/log","5244"
".npm-cache/_cacache/content-v2/sha512/cd/b0/7dac22404f5adb8e25436f686a2851cd60bc60b64f0d511c59dc86700f717a36dc5b5d94029e74a2d4b931f880e885d3e5169db6db05402c885e64941212","A","Generated cache/build/log","5849"
".npm-cache/_cacache/content-v2/sha512/ce/de/8e76a683a0e9c9d5962c0981adf58996cc35e5e2f41d293c897afeb680585118a771ee6713e7857d2888e0f9ddb08bd117b0fbc03ca7bb8bb5a37d5581f2","A","Generated cache/build/log","1862"
".npm-cache/_cacache/content-v2/sha512/cf/33/51f9275048327373c8e869e3fc410a0242bf0db98c76748232b65d507811191c9f6e5ba85e6ecad881bcfc849c1441aa374d608cb667d5f0dbb5b7038b03","A","Generated cache/build/log","30747"
".npm-cache/_cacache/content-v2/sha512/cf/51/c629c632db103c00641fc2b9f43c0cbe3c1ed7fc64a3dd45495bda8aca7e37c566be825e675e6538aaa2cc4735952c50bc2aeb145fc4ffd240a2398a4021","A","Generated cache/build/log","138324"
".npm-cache/_cacache/content-v2/sha512/d0/22/19e62b69b3ff31ec11bc744221b39dc1bc2507d8f0a8a20b5a930453badf80ae6e7cb09a2827402e6612f0d87258211e5c30b34f0524bbdbcb0f868da485","A","Generated cache/build/log","45136"
".npm-cache/_cacache/content-v2/sha512/d0/51/c9bcb3ea67b289ce9d7b3b5de37ec023b2a6b382bc41bb6cc42bde4f994cfc96fdbe1a346ec542270abd9193d0e6b378a1376d7327ddbd64ee37c89f7941","A","Generated cache/build/log","7136"
".npm-cache/_cacache/content-v2/sha512/d0/aa/63a97455beb6320ac5f5b3047f5d32b4bdae9542440ce8c368ecfa96efb0728c086801103c11facfd4de3e2a52a3f184b46540ad453fd852e872603ba321","A","Generated cache/build/log","13081"
".npm-cache/_cacache/content-v2/sha512/d0/ae/b92de6bcf35a47a2da0611ae600e5331b77a5cb4b8b64699416fb133878ad174b10eb608bb9f81302bd95a9a750290a06a69e29155e6d3aba040c529295d","A","Generated cache/build/log","198850"
".npm-cache/_cacache/content-v2/sha512/d2/9a/cc23e86f05b3e3b169f10cbc65086c8cf0f37a52e5a311409899984eebbc4857d5dab1afebfef0e7abe5f2ab82e8dbb83c4126cee58cc046ed03d52a6cde","A","Generated cache/build/log","1276390"
".npm-cache/_cacache/content-v2/sha512/d2/ef/d395d0db283f1b14243fe1fe7e98d46b5f067c860db0ed947cc1ad7a7bccfd5e978f5a5dde1847140f4397a441ff5491ffd86de08d4b51dd93a205ed92ff","A","Generated cache/build/log","3638"
".npm-cache/_cacache/content-v2/sha512/d3/05/2809c2e9fb912fe690d6d8eae21c2d8c2426f02f0b91c7e800a8c4ce9062892620422e3b6bbf2e0f5941a7e8c21579f79c469ce8399fd457a88674eafe0b","A","Generated cache/build/log","42718"
".npm-cache/_cacache/content-v2/sha512/d3/4a/3823e0d5ade7e1bfe9d7d2e9728b76e248708f0defb22efe68fe9e9dfd45658ab8a307c135e85b5fc12022e20ded72aad0e25440a904a81446497a160473","A","Generated cache/build/log","7601"
".npm-cache/_cacache/content-v2/sha512/d4/10/b40551614bfa74aadc3a7a7a7c7bef0e0f452b2b4a052f3b528cdce170a037583b89c7100f5f33ee3ed2a48c463d514a045a55fff1f80a7aed92f22f494c","A","Generated cache/build/log","9896"
".npm-cache/_cacache/content-v2/sha512/d5/07/9dd3f1ebda6f98ab19ccd3d0a303677f8ba61935f17a476a1100e8f7e9e51d4baa8857f86e3c935212929bba97b016cf99b09971b238cf6dcd3f69f5ba2f","A","Generated cache/build/log","7928"
".npm-cache/_cacache/content-v2/sha512/d5/c0/cd77027625aa2199bdec8383a629a301c2e0b8f2c6278b91d4c360efb02f0b8c64cb2bd87e79bd57e91cae3877b8853d142c25baf22a26863528294aa53d","A","Generated cache/build/log","8059"
".npm-cache/_cacache/content-v2/sha512/d6/03/b02cbd9e344a48b661b7d68ec973a47aa930b264d1ea7cee3df53435b7d2de950296661edf68d7c82041a14d8eb8658865c93b8a68ee6a7a77536b348d08","A","Generated cache/build/log","64472"
".npm-cache/_cacache/content-v2/sha512/d6/4d/a500644c7c74dcc2e35870235499a51f7e642ff0a58c7e1da225451e465c25c07e0574d1bb99f3c8d7434f7cb1c9153844e13cabe26bfb9133593a23ee06","A","Generated cache/build/log","188848"
".npm-cache/_cacache/content-v2/sha512/d6/90/ba37ca9625b5a83ed12381c2f6c7285038fe3dd44423794a37a9329c995f184830c9ace7a97c6f29702ee1fd0827407612bf4989dd9fd95b199ab55af2b2","A","Generated cache/build/log","6315"
".npm-cache/_cacache/content-v2/sha512/d7/d6/15020ed3f964ebc6080fba456aec38d3bfaf8f27cebb4e6842bc1b18c266c50ac65ddf8e2bab62ddd69d30a3c7fc42bae1829f3673a14946a7575ad48486","A","Generated cache/build/log","5606"
".npm-cache/_cacache/content-v2/sha512/d8/07/36460cc37bf727e3c1af39edccfa8f36a4415ec03dd43dbca85071dd29ab07c092a376ce1f2d759ffd4c799004c128ddb4a1a146bbe8db125a75a68b349a","A","Generated cache/build/log","44053"
".npm-cache/_cacache/content-v2/sha512/d8/5a/47f50e62d91470c843f50329577ba9d82d1e4e85a2536709a570fd1d2fff8909b820ef2c84a3fb042ba1de19945fddd1695b04e16911d50295d2916df17a","A","Generated cache/build/log","235599"
".npm-cache/_cacache/content-v2/sha512/da/3f/5b1ade4987c863faf3ed8333ed97bda3d324711c0cae9a8a3a4cd7c08ec2c1d3852da52bcf6cf703701331cfb9fef42601d1cd46c501716118368e29aa1b","A","Generated cache/build/log","6681"
".npm-cache/_cacache/content-v2/sha512/da/49/2dffb9e227a32010fc45d1b61d43a7ad65a03e7d0bc370b29c921cb5c8840ecdaa0a8c10634a3eb7fda2d58d8137aa146de5dbccfae5327c283a50a0816c","A","Generated cache/build/log","17972"
".npm-cache/_cacache/content-v2/sha512/db/2c/8047ca8190ddd8ba17896a7529582e54ddb6f9a2c0f2c0d07c4730d5943c031dba1c009bdeaaa8f5bbcf92543ee39164f8cafb070a95aaa96a80c5bd3308","A","Generated cache/build/log","15520"
".npm-cache/_cacache/content-v2/sha512/db/87/baca71361fe38ab7892ab0ebcd77c901a55eb9ce8c5b038055b04381dc0455590922fc31f3694a02e4ab8e37f06271c0da0824d906e39c7d9b3bd2447c6d","A","Generated cache/build/log","5463"
".npm-cache/_cacache/content-v2/sha512/db/ed/da0c03a63d39ae1708c39e6246d9cb44910295922eef392a9ac64bf8d8ca308f557a3e7beec05091ad1e650a152ec754c1b243e37e47933a1a9ccc33314f","A","Generated cache/build/log","8627"
".npm-cache/_cacache/content-v2/sha512/dc/64/afca3bc32380eeaf531e83605e909aaebb9b85fbd47d6b5fb933531d7b5f76799a176de5e3ce03ac82a3d2d95f03e70aeb8a9d204791dffc685643d67368","A","Generated cache/build/log","18707"
".npm-cache/_cacache/content-v2/sha512/de/13/7b35ab2462f3032d0639e609d6dcd43e99eb0401ea53aa583e5446e3ef3cea10c055361cdc19861ea85a3f4e5633e9e42215ca751dcb0264efa71a04bcce","A","Generated cache/build/log","7442"
".npm-cache/_cacache/content-v2/sha512/de/74/15500b6f90a1fdcda85f5a0c3de8973fb853a68c0084d64433f3613696a5a61c1823cdb365b02db69ee4137da86659e42d4eae6743fe0d9ddd80d708f8cc","A","Generated cache/build/log","6839"
".npm-cache/_cacache/content-v2/sha512/de/84/9e50ed13315ebb84dd4099b5ec2b8c9aa94eed8e21e56f144364ea47d0a5bdf82797e1b440697d009f1b74b71d8cae94695b041a3f02252121098585393f","A","Generated cache/build/log","2668"
".npm-cache/_cacache/content-v2/sha512/df/0c/b3090ebeb9b440f83e2ebfd9bde4960b5f198e1e9d39aa3ae48de03bb8a1c7b63a4f82043373a0c06f451197b8faee84742b67e83b88a9dbb4e25f4dfb07","A","Generated cache/build/log","10038"
".npm-cache/_cacache/content-v2/sha512/df/99/9292ee195cad2f7c2b87103030b79e5d8368cd6a31d9d6876f17ef124abf3612c658e109977ee5aca3ca0477ccd185539b48dd7c68cd028d2768057ef323","A","Generated cache/build/log","22263"
".npm-cache/_cacache/content-v2/sha512/df/9f/fc44cd7486e10bf6f96bf2151930444c10d1c1ae7c87377659905f5e7d283319aa8adf88c8aabcb8e00f79ebfff3ae2521500516d174a4728961aebcaa00","A","Generated cache/build/log","3615"
".npm-cache/_cacache/content-v2/sha512/e1/42/ce4c9fe6ab2da14fd1a559afcc147c474af1f79c9cc79d9335c1a36c7390689efee2ef468d7a78215e60fded2e8e27cd5e91738d186b789d3d6bd0f7c474","A","Generated cache/build/log","8020"
".npm-cache/_cacache/content-v2/sha512/e1/b5/7905f4769aa7d04c99be579b4f3dd7fe669ba1888bd3b8007983c91cad7399a534ff430c15456072c17d68cebea512e3dd6c7c70689966f46ea6236b1f49","A","Generated cache/build/log","2618"
".npm-cache/_cacache/content-v2/sha512/e2/07/7b56958d40d07850a28214555ca75015bfe14c3a0b3d34ace31cabac73c8d332177978bd4da90a8ea44d0accc76cf34e3fc87960969deec6096e3aa00f2f","A","Generated cache/build/log","7836"
".npm-cache/_cacache/content-v2/sha512/e2/0b/c59e60d7bb77608f6d42aacb9fcc86a6791be545de1206a69685cae5acd851a346398bfe3d02644961ed5f7403371b654d05b9a29f86f40fa71d42873083","A","Generated cache/build/log","18002"
".npm-cache/_cacache/content-v2/sha512/e3/50/a27e483a7bc4f2952a5db53a5e2d532abd20445734edb47bc4443ef8d7ea6767c00dbf4d34e0c44be3740a3c394af5c1af369e8d6566540656c65d8c719e","A","Generated cache/build/log","3730"
".npm-cache/_cacache/content-v2/sha512/e3/7f/eab6b0d4a24afb2c9aa8176737f91227bbfb78cdfae961da120df632860e76af02d5e939cebdd1b87d79bb224481df012b91c9894bd88486356d3921238c","A","Generated cache/build/log","22477"
".npm-cache/_cacache/content-v2/sha512/e3/cb/41ff8767d9454b0426214eef40b91eb720797bde5fea2db2e0c5df3a9e84d4a2be3f2b82c50c07188cafa2b0fe77d77ab1685a633d5a2013bf98d3f5772b","A","Generated cache/build/log","11180"
".npm-cache/_cacache/content-v2/sha512/e4/aa/08bb6360a727a4ef98d7a1d16f9da7c1e83260af7bbcbae2b42c46498eb535f43acc0f7115111691f2c8f3f0208682966fc4f97d4ae13518c54f147c759b","A","Generated cache/build/log","9383"
".npm-cache/_cacache/content-v2/sha512/e5/79/e8980b28659098f8a353c5b2208691aa3ebb99bca14d96f70096354039d0d10ec1f8fce650c61b70a39c1db680cce51e8c84905bdac3e70ee4457a9de5ce","A","Generated cache/build/log","5800"
".npm-cache/_cacache/content-v2/sha512/e6/5e/15c9947ce8b67f943c594d1ea3a8bf00144d92d0814b30fdba01b8ec2d5003c4776107f734194b07fb2dfd51f0a2dddcf3f0e950b8f9a768938ca031d004","A","Generated cache/build/log","2813"
".npm-cache/_cacache/content-v2/sha512/e6/9c/e0e05190369131867853db396b3f5c1915a6027752b49d85a814075c62860af3af0812282a317dc1ddff3222846502101e0d67222c8e9974228717d3f856","A","Generated cache/build/log","3119"
".npm-cache/_cacache/content-v2/sha512/e7/92/4d2ae216fafab829ed418ce4e333661cb5022f093ec61731f099f64f1a8e709eb82489dd1842d9c095e152aae9999b86b3de7d814be7ab6f2e62a49760ae","A","Generated cache/build/log","4429"
".npm-cache/_cacache/content-v2/sha512/e7/e7/cff0ff0c14d0be0326420f1ac1da991914f1b3a90594ce949ebae54bbe6f1531ca2b3586af06aa057312bc6d0cf842c6e7e2850411e9b8c032df732b061c","A","Generated cache/build/log","6145"
".npm-cache/_cacache/content-v2/sha512/e7/ec/9b841640344271687dd7e5ebc015ab54c4b7c41d2afb9fa91827ed50774994aabe1ebbd8087fa1836d61dff112628c7ae38cef06fa56b5e1294bd92792d5","A","Generated cache/build/log","11683"
".npm-cache/_cacache/content-v2/sha512/e8/46/a62854519e5a5d69d9dd6d9e8b330c9c7f09303ed7b5078da1b3a400d206218da38aa96e0f678a63696f54ae50d7e5e56dfce8e7704ec11533cbe6799986","A","Generated cache/build/log","29669"
".npm-cache/_cacache/content-v2/sha512/e8/59/73b9b4cb646dc9d9afcd542025784863ceae68c601f268253dc985ef70bb2fa1568726afece715c8ebf5d73fab73ed1f7100eb479d23bfb57b45dd645394","A","Generated cache/build/log","2967"
".npm-cache/_cacache/content-v2/sha512/e8/8a/50ee6294c5171934b20e6d1d21cfb971b1aa5248860d649c173c6785d264d5a862852178f50d070ca13db64b744e70bc98febcf43d669667d6b25a669df6","A","Generated cache/build/log","14017"
".npm-cache/_cacache/content-v2/sha512/e8/f3/165e9761b2156f169f85a1662cd44bc6d4d8f4b6f93475933e5dc2b4c4c10cd5ccd155c3faa21a8f587cbaa8f6a04a90bc8f8fa9f3d597953fb15c9b3f7e","A","Generated cache/build/log","6103"
".npm-cache/_cacache/content-v2/sha512/e9/f3/dcf91e22870a8fe8dfda22fd9fd60307f25395b56407a2a0b8c8aea8483555a1cba602c7c2aa39179ea89832198cc12fe61072e9ed57a196ddea97a9448a","A","Generated cache/build/log","2847"
".npm-cache/_cacache/content-v2/sha512/ea/20/5cce85fe90343b6b7f982419e1dd3f8a651c4cfe260d3d789caa4ebafd07e6d5bf778aefb23889a4834cc76e3e4b34e70dbf54c4003899d316b7e01e2ae9","A","Generated cache/build/log","9377"
".npm-cache/_cacache/content-v2/sha512/ea/2f/661964a5ab334c12aa42a7ddcac114b5b943a8764d8e27a6feb2aed93c34b2d96b88e4d148c69ff6e784f2b51f1fb5e7dec645a7e713621d43693ce7d27b","A","Generated cache/build/log","6265"
".npm-cache/_cacache/content-v2/sha512/ea/91/23aae1f7aea688e9c6005d83dccfd312e2b63a4789e0460ae07c3b21469b54648737970d0c0882481838fdfbe99fc923ae3d31c1e27ad25bdf410af38f20","A","Generated cache/build/log","293839"
".npm-cache/_cacache/content-v2/sha512/eb/1e/9d2bacc97694f3178b1078d631c2dbc1cdfe848381ad95eb12f781cebd3b9d51ec8ad965c06887e60e0b32b2562b441785225b22e78018b05194ba19afad","A","Generated cache/build/log","8083"
".npm-cache/_cacache/content-v2/sha512/eb/93/fb8b3e97e7212bd5cc1c82f4316db230ed493780ecb974876d678ac3bde2ea86b7493fe2e2fc7c7ab722b43446fed860b29de08c2621aaac00c248d93cb1","A","Generated cache/build/log","7479"
".npm-cache/_cacache/content-v2/sha512/ec/f1/85966b70b040036f4598caf08c6b5b7eca47ba75a206e168ab69fbabe6471ff8c8549cf9acd54791d02290753643f35c844b03076ed9fe4d1f9d32f89a91","A","Generated cache/build/log","6437"
".npm-cache/_cacache/content-v2/sha512/ed/71/cdc47eea5fdc46e66230c6486e993a31fcc21135c3a00ebc56b0cb76a40af6dd61e9e8cad194dec50521690a9afea153b417be38894811f369c931f1b648","A","Generated cache/build/log","9799"
".npm-cache/_cacache/content-v2/sha512/ed/cb/2114bf07192ffb1c48871fef642fd1c1c29dac6bdc97d7c2a7c1e93a2985a65f033ba5e80c82d6b6017310288fabab72677d28fdc7cc18a85313746d4982","A","Generated cache/build/log","3609"
".npm-cache/_cacache/content-v2/sha512/ee/5a/273e529f49a71ddb41a5381c7696db952b3f68a96619cfea0c4323a5b70eadd72da7c9fb63d999b0c141d89f8f64a9f0d6729f1d3599b936057ee59fa6ba","A","Generated cache/build/log","3986"
".npm-cache/_cacache/content-v2/sha512/ee/b2/94cb2df7435c9cf7ca50d430262edc17d74f45ed321f5a55b561da3c5a5d628b549e1e279e8741c77cf78bd9f3172bacf4b3c79c2acf5fac2b8b26f9dd06","A","Generated cache/build/log","132003"
".npm-cache/_cacache/content-v2/sha512/ef/cf/cf5d3d7094b2c3813cc3b3bb23abd873cf4bd70fece7fbbc32a447b87d74310a6766a9f1ac10f4319a2092408dda8c557dd5b552b2f36dac94625ba9c69e","A","Generated cache/build/log","3806"
".npm-cache/_cacache/content-v2/sha512/ef/ef/9d161b5cc77df9dee05aabc0c347836ec417ad0730bb6503a19934089c711de9b4ab5dd884cb30af1b4ed9e3851874b4a1594c97b7933fca1cfc7a471bd4","A","Generated cache/build/log","1503"
".npm-cache/_cacache/content-v2/sha512/f1/09/902aa10048b7799f1d14d41d6890b1256d4baeb6d27f0276264576db6c60d687ab92db4f048c3e17aaafc8f702bbbb4bfa3b4f178535a7b795ed11b47a0e","A","Generated cache/build/log","5203"
".npm-cache/_cacache/content-v2/sha512/f2/0e/297ce2fd1e828a2d61a2ca94fe769855aa315f99c5cee4606786c1bacc8fa5c40c7ff1f790a6bfb52d237c45ede1899f9790b352e0ef73b4ad75fcbcd0eb","A","Generated cache/build/log","14849"
".npm-cache/_cacache/content-v2/sha512/f2/73/f72b0879865819e0589c1af9b39c09897bc50be2c754f2d2ee92b3da32e4260ee93863cc587f3bbf698656e314f624281cec7fd3a43239706971716252a9","A","Generated cache/build/log","63535"
".npm-cache/_cacache/content-v2/sha512/f2/ae/d51203095b827cb5c7d53f2f20d3d35c43065d6f0144aa17bf5999282338e7ff74c60f0b4e098b571b10373bcb4fce97330820e0bfe3f63f9cb4d1924e3a","A","Generated cache/build/log","3409"
".npm-cache/_cacache/content-v2/sha512/f2/ef/e17d7151043d4ed213d48e2a0b8685851d19adead280e3fbd93f272406bd7c975284f6e1eb15a15a522f0c0d14e98b8b9a936828c8f4d23492d75f69361f","A","Generated cache/build/log","10874"
".npm-cache/_cacache/content-v2/sha512/f3/ef/56a9e6db173a57f4e47e59ae8edbd6ac22881e44ccdc1ad00835da4c1c7c80835d1fd3969215505b704a867ff3d7c35123019faadbf6c4060dc3beeacadd","A","Generated cache/build/log","39740"
".npm-cache/_cacache/content-v2/sha512/f5/6f/81f4d3c5d0d69a3e1ff5349777f8aaac9e52ea53d1fb4f6aefc30f9fa7e4ff7af55774d03261c9df4506453a3911d5a8d0a77c8e465aa723cb286b02ef34","A","Generated cache/build/log","25694"
".npm-cache/_cacache/content-v2/sha512/f5/d8/0cfdc6419cdbe3cda3181d5a31c5f3e3d905eddb612fed2bae3ebb3ec5abf4ba4181d12e9de3275974488ce3c90bc7990357e4013eba559c5c9e7cbf2491","A","Generated cache/build/log","8157"
".npm-cache/_cacache/content-v2/sha512/f5/f4/a349aa2cfdf448548a7ec5226513a95fc21112ecb36d29a08121a987b23af69dad418800493e8d263a38f3f062435116ab9823c6a9a89583999f8dbf7c09","A","Generated cache/build/log","13800"
".npm-cache/_cacache/content-v2/sha512/f6/01/b1e864ed09033bdc18261d05df0e62ed7e38d35034b2a314c26e9e56b688b10217e0b038ab58871543f207a6f2395607798bf27917b07d70dfd69556c2ff","A","Generated cache/build/log","9572"
".npm-cache/_cacache/content-v2/sha512/f6/bf/b28bdfa6814df700a723e886d3f684423bbf16ae24a3eadfdc17c0d605927d68e18f393103bdd503cf51702a29bb4175b0987aad7479d125f840c441b8e9","A","Generated cache/build/log","4937"
".npm-cache/_cacache/content-v2/sha512/f7/0e/605457594f519c83c373330802f162d92455df0804524645952644c8e5d3de7989da8e2b69a22db745c1d3400b3489b897e18ba50825c37ae8e20d316807","A","Generated cache/build/log","120851"
".npm-cache/_cacache/content-v2/sha512/f7/37/80f8a2d934dce0945d933ca450103cb1e986f2edd68092ecbc3223f3a573ec6035a2fc344cf239b0503c689108d8a81a6fe4380f8b00f88786594b2d548f","A","Generated cache/build/log","7924"
".npm-cache/_cacache/content-v2/sha512/f8/b8/72dd3413bb35c8e617af87cb011aa6e6bab1db6c88c08b46784bade7b6154b98bc5f6e3e13e786b809f66b5c8aedf623f899500f60ca3fbfdf6d6a3df08d","A","Generated cache/build/log","5828"
".npm-cache/_cacache/content-v2/sha512/f8/bd/dc729ce26e8bc65c52be029fdff0b392d1a84cac74dfdf1bbb98c2d2a44194d043bdb9c6b2b12ca52a8f5e44314d856bdeff2dbbe623e6219e33dfd6bd88","A","Generated cache/build/log","2483"
".npm-cache/_cacache/content-v2/sha512/f9/74/a8c92d3939d05b845b842e18130a914d1e4a41389aadb197d4145a5ee504f0fbd4a36e1f338adc61424600a3ac15eded556fc7003efa4293d8c66a6ffcda","A","Generated cache/build/log","4217"
".npm-cache/_cacache/content-v2/sha512/f9/b4/f6b87e04e4b184ee1fe7ddebdc4bfb109495c2a48a7aca6f0e589e5e57afbaec3b2a97f2da693eea24102ddabcdfa1aff94011818710e2c7574cb7691029","A","Generated cache/build/log","7465"
".npm-cache/_cacache/content-v2/sha512/fb/2b/3df7b53dea9a382b1fc0069042aa103d12ec49690583420ef6f791f8841a61bf72198346e804abb0629b78617a7a319e4099942753fb72313951a5a49e8e","A","Generated cache/build/log","6382"
".npm-cache/_cacache/content-v2/sha512/fb/8f/0f6c001bab77627632716be39a598d99c2000ab0d8911b27872accdb959310fa472977da40693d7570c9061227b4bec3a2dd075e4c4e9de457b71a7eb590","A","Generated cache/build/log","3647"
".npm-cache/_cacache/content-v2/sha512/fb/e4/04c380c863b586a2e933fbff80ffc74660f4fd97dc8869d9e64a067c463af76154950e2a5048ef42767268f5e3ea16a514aa1fb093db886a8880c2c88f90","A","Generated cache/build/log","49036"
".npm-cache/_cacache/content-v2/sha512/fc/85/ed6f0124e474cfc84c32297ea11a4617c4cf676e3eb807e8a55499c2fd1e81d291f91b85776f4a556cbec3063e2d921040a696d05257fa17a5e5f4b1eed6","A","Generated cache/build/log","6355"
".npm-cache/_cacache/content-v2/sha512/fd/2a/efe1db30c903417e8846a73f68e986f71b3dd2ad40ea047e6b4ee84647b6a1b656d82a7571c366c214c4658da03b1171da5d9f30b07768745bdb9212a6aa","A","Generated cache/build/log","2263"
".npm-cache/_cacache/content-v2/sha512/fe/c3/3774ed853b35e3290849ba8d10d7bdf07f628ea3cb7823cbc7cba945f69a14a7b6ca4f4fcd1c4f1f3d7db73f07e19f291faa70b6c51c4e9d5c395ee18868","A","Generated cache/build/log","10038"
".npm-cache/_cacache/content-v2/sha512/fe/d0/6b490dfabc295e26400eb32f646cd4e06b1bc66f239a982df43d178f4d07bfa35305c04287424e029fb04d19a3ed8e9f8fb94ac1c897a1335860c5fab8b3","A","Generated cache/build/log","186213"
".npm-cache/_cacache/content-v2/sha512/fe/ff/0766de91972219c41de7b5e8442ce71471fc4a3d51965e741d26e1d19b3aea805f27432a5c0bfa31196f8eb78546283abcd57ba03cac71d27e4f06d7fd3c","A","Generated cache/build/log","343863"
".npm-cache/_cacache/content-v2/sha512/ff/ee/55153721243a158f76e1a2a8ba51eca6703d340c0c1bd672706a6ccfbc712ccc9e05a45e9234d6d46ce4bcc88e7aa87cdd57c78ad2a11f3928a87644ddc6","A","Generated cache/build/log","4178"
".npm-cache/_cacache/index-v5/00/4e/b166eaab75286524e4a7212456d7d26fffcba907823f4ac227bf5659f894","A","Generated cache/build/log","726"
".npm-cache/_cacache/index-v5/00/60/6a2298196c9cd65881a7267db2824adff4d9c24f0ed6d3a2ca4c81d3e235","A","Generated cache/build/log","710"
".npm-cache/_cacache/index-v5/00/99/b97a42e5521c724096b94c6c5b67539fcd01d355194ef8fdbad6f9a14b22","A","Generated cache/build/log","689"
".npm-cache/_cacache/index-v5/00/ce/8ee671d832e02ff208acf270d85e876723e4e10f208eaf53aa35cc7a9973","A","Generated cache/build/log","724"
".npm-cache/_cacache/index-v5/01/8e/b5bbedc89366c2f586179f88a78b32c98717ee7cd6e86bd0e75a23368477","A","Generated cache/build/log","691"
".npm-cache/_cacache/index-v5/02/44/d1a3a59735e070059c4ee94963ff3a2b7c7fea15a3423a6031d501bf04f3","A","Generated cache/build/log","751"
".npm-cache/_cacache/index-v5/02/5a/015cf75b124419cc457a4d4cf6b3b1829afa11bfd7ffaec669b295ccc4da","A","Generated cache/build/log","723"
".npm-cache/_cacache/index-v5/02/97/0dcecb447acdb9a4a5c183660bc5ee700d0ef522e7c64c53d7e31e250613","A","Generated cache/build/log","710"
".npm-cache/_cacache/index-v5/03/68/e72117e4892594ad942e805985edef3ca75efd1730b0ff9041f2af01d165","A","Generated cache/build/log","686"
".npm-cache/_cacache/index-v5/03/7e/38dac7aca3058a0393fa1445f78009611674f291b499be5bb45cec401b21","A","Generated cache/build/log","738"
".npm-cache/_cacache/index-v5/03/af/b652af7d985d655c33bbc6261689ea2f5a550b485dde76ad3aefbe2591eb","A","Generated cache/build/log","690"
".npm-cache/_cacache/index-v5/04/03/44d195bf59b7f71c2a336b826652f3fe5b71a260b8607e4de0b0ab4f6af2","A","Generated cache/build/log","714"
".npm-cache/_cacache/index-v5/04/63/01bfc136181f76475e598ebe7146149e0b2811acc5d1ba3c3c9128d1e724","A","Generated cache/build/log","715"
".npm-cache/_cacache/index-v5/04/fe/320f8814bd5ee151723f829296fe3c958cc81955e11300c81e3d12cda17c","A","Generated cache/build/log","756"
".npm-cache/_cacache/index-v5/05/35/3823be4be0216c6b586c2eeec514837e4811d9f2cf65ab1e5bda679f7fdf","A","Generated cache/build/log","718"
".npm-cache/_cacache/index-v5/05/50/b521c2e5ba3e78b9db07dd2cdd504c4c27d036297082d854581be27e4ecc","A","Generated cache/build/log","658"
".npm-cache/_cacache/index-v5/05/6e/130ee54192b2b6a9eae2a65f29fc8787e5145e1afe07f4d6d1e8b993743a","A","Generated cache/build/log","738"
".npm-cache/_cacache/index-v5/05/8b/484e915aeff7dabb8ac4b14528aa08acde3bb9eed516b6370dab9589dc55","A","Generated cache/build/log","736"
".npm-cache/_cacache/index-v5/06/af/db12aeb67156e5ce4e5996aa623aa8c5d53bb103dc06cf499e47f515484a","A","Generated cache/build/log","725"
".npm-cache/_cacache/index-v5/06/be/62c91961aa664d24e95701e7d48b51283dc1b99f9c4802f91a2356a4ce26","A","Generated cache/build/log","679"
".npm-cache/_cacache/index-v5/07/37/40b35380ed474eec2b094a6dbdf4aab201e8f7a88896a94663037b3f8480","A","Generated cache/build/log","738"
".npm-cache/_cacache/index-v5/0a/d0/656d08a513cf41cf02f0fcb0e63ba171f108175b3c711837ec0c0f93f955","A","Generated cache/build/log","710"
".npm-cache/_cacache/index-v5/0b/6d/a1b6c4a0834dc52dcdf5a155c4ca6451bf00399a27c9a1bb47725c4c0c66","A","Generated cache/build/log","722"
".npm-cache/_cacache/index-v5/0b/e7/633717947eac3e9b8acd2d53170998abbde0707e5bc2dbc2373be5f29c9e","A","Generated cache/build/log","691"
".npm-cache/_cacache/index-v5/0c/11/9bf57dceb99b6a930d3ad84cbe70e19fad1250d13e828e2b3c4c491b3994","A","Generated cache/build/log","698"
".npm-cache/_cacache/index-v5/0d/01/58cbe482acb2f4e2b961dfc2cdd7143d35b8f091f18831fcdcf72dc7cd4f","A","Generated cache/build/log","712"
".npm-cache/_cacache/index-v5/0e/16/b497e38c00bbd4f4689a021f723e0df4cab474ac95452ddc18fbbd63110b","A","Generated cache/build/log","748"
".npm-cache/_cacache/index-v5/0f/29/26c6ee1731275c99a0eb8190bfd46cf570e1cbc32e84947ec0f141c6e9a4","A","Generated cache/build/log","734"
".npm-cache/_cacache/index-v5/0f/90/2bcab1841b7e5df4790cbeda4b1ec27e846cb200d7a11d47555d3a703024","A","Generated cache/build/log","719"
".npm-cache/_cacache/index-v5/10/01/03efc199c2b017a7533cc730722dec616ebc1b3be56bda4c0a85c7f71fa6","A","Generated cache/build/log","679"
".npm-cache/_cacache/index-v5/11/c3/3502bfdeb6c8f1a33e096a8d8c91590b5b4b7af85d52ce646105b97d74d5","A","Generated cache/build/log","681"
".npm-cache/_cacache/index-v5/12/40/2cbc18156d0b5bd45d43608718e4abeac731fab0a1e48d628756e2cae0e8","A","Generated cache/build/log","690"
".npm-cache/_cacache/index-v5/12/80/71b2d1452a6c218b9b534041f2e2b4b9ce6235c552e2515e16f03820d00e","A","Generated cache/build/log","694"
".npm-cache/_cacache/index-v5/14/4e/d46fce818db7ad47324f5af3e420f40b77a96131e52dc7dd5bad89875024","A","Generated cache/build/log","706"
".npm-cache/_cacache/index-v5/14/f7/87042931e5944467d47331c350feb4384bf9143ab6ceebf7108a55905843","A","Generated cache/build/log","678"
".npm-cache/_cacache/index-v5/15/6c/9bc61e204a75aaa5dc3d0b96b37e145697f711f91af676c192078901f1d0","A","Generated cache/build/log","699"
".npm-cache/_cacache/index-v5/16/22/69fa00fd1117132370a2812fb77b7978dcac10925031693d27da38f0ab3d","A","Generated cache/build/log","689"
".npm-cache/_cacache/index-v5/16/87/ad9f74c9e8998e1f85a916fde8658ebe3692c500e207e60efed24b4a2f90","A","Generated cache/build/log","662"
".npm-cache/_cacache/index-v5/17/de/04914756cd5d002a060881ac6623ee02c3e9a50d79e5c6e0e3b31cee2979","A","Generated cache/build/log","723"
".npm-cache/_cacache/index-v5/18/69/ca47ff09ac9d048c991a5d94c9ef412ffa5496c2ab672947137bfb61e829","A","Generated cache/build/log","718"
".npm-cache/_cacache/index-v5/18/79/e5871a5f3f01f8e8750b4105addaf8425a9cd196d11f527a1dc856b6d44e","A","Generated cache/build/log","731"
".npm-cache/_cacache/index-v5/18/91/78cebfc875a8a611331dc3afe4e7283486b33623cacd7f8307e21f0d7fb0","A","Generated cache/build/log","705"
".npm-cache/_cacache/index-v5/18/ce/55345d3cba5b3c5650abf3687718415cbc865505089a50a09e96fb8cd897","A","Generated cache/build/log","698"
".npm-cache/_cacache/index-v5/1a/51/8b676d3aa47926784ae93445ccbb67ab3cd5cde01ed2fb99100c51c73d52","A","Generated cache/build/log","675"
".npm-cache/_cacache/index-v5/1b/ff/643d3be8e860adf6562b3948ac927fd13815e8cfbcf3a4e3f1c0799a0c06","A","Generated cache/build/log","733"
".npm-cache/_cacache/index-v5/1c/16/796fded9cdfa3f16004b1e75cd1c0e49b2ffca2ffb551bfe095f97f8a36a","A","Generated cache/build/log","715"
".npm-cache/_cacache/index-v5/1c/71/87816b9d27b9d6240cdfb3699e4ea29b74f4006503aab7f70420c1098f35","A","Generated cache/build/log","740"
".npm-cache/_cacache/index-v5/1c/a4/c7d3cc971492220b7cec031eec035df5e60b61a4319081d0cc87870409b3","A","Generated cache/build/log","682"
".npm-cache/_cacache/index-v5/1c/b7/b8d9e75c10c931d6d798fe96fbf3f0870d4d0a546c99698024c9963cf7db","A","Generated cache/build/log","661"
".npm-cache/_cacache/index-v5/1c/e6/f18a9a75bf7bd16cdb1b75eaccaa4ced854717a581a33918e15c61fc4ac5","A","Generated cache/build/log","702"
".npm-cache/_cacache/index-v5/1e/9a/9929becbd070991a0b1e204d86bcd47f937337869b6a9fc383e0ac50c8bc","A","Generated cache/build/log","710"
".npm-cache/_cacache/index-v5/1e/ee/3fa971d101833eb213109932d7fccfa0ed3bc8a769cb3d208ce67c46ca59","A","Generated cache/build/log","692"
".npm-cache/_cacache/index-v5/1f/cf/ae67f14abde01f378dd933e7809a424f97905eda93440563bcfe1c2d9acb","A","Generated cache/build/log","693"
".npm-cache/_cacache/index-v5/20/76/f7946a08b36a5b84c09bda10ee12c9884608062bdf12450d531576b50bd2","A","Generated cache/build/log","736"
".npm-cache/_cacache/index-v5/20/e0/40122c5cee651bb244e17448855ba7beb1ffc43ef9d58d74671626ebedb0","A","Generated cache/build/log","762"
".npm-cache/_cacache/index-v5/21/0c/a7ba36353295a9ccb5b95fedd6bffc965c659ef90156665af1c0e73f9fbd","A","Generated cache/build/log","710"
".npm-cache/_cacache/index-v5/21/0e/2e414f5e886544168446eef5b874a90887f60ba87fa35042f1e9eb7f532e","A","Generated cache/build/log","752"
".npm-cache/_cacache/index-v5/21/a7/bd8af8e4938b9fee217abddb09ce52db330434e323c828aeabe5bd909ae7","A","Generated cache/build/log","646"
".npm-cache/_cacache/index-v5/22/30/c91220c67141ca97041618213314d5fddd18947120ac645b95d74c82bd71","A","Generated cache/build/log","710"
".npm-cache/_cacache/index-v5/23/0e/0c3fb22b7130f6b75ff8f73602a511ed66f9a22e28321918b107fc083a12","A","Generated cache/build/log","665"
".npm-cache/_cacache/index-v5/23/65/5b8263903aa40cbfbc41c7b2a8bef7ef014c5a8d48eeb645b36324f038ee","A","Generated cache/build/log","674"
".npm-cache/_cacache/index-v5/23/76/f7afbc9eb60823c417e5dd1dd2f56b61e1b85cdd840120ff5644e6b03358","A","Generated cache/build/log","658"
".npm-cache/_cacache/index-v5/23/d7/5f2e04fe73aa013a02edf031459ca2412692ea65964115ebe84f8dd26f97","A","Generated cache/build/log","701"
".npm-cache/_cacache/index-v5/24/53/ea4dd358e11afe9ef68c643b6a7f643c748872d2b708f7af6649062338da","A","Generated cache/build/log","656"
".npm-cache/_cacache/index-v5/25/2d/cb27353e382265f8f1860479d989b960c3a951132d731e6cd55a4656aece","A","Generated cache/build/log","679"
".npm-cache/_cacache/index-v5/25/6e/4b439cd530e6a38af802bae49d3069b7907c9a582ea8e49f5b4f5c2fa497","A","Generated cache/build/log","714"
".npm-cache/_cacache/index-v5/25/7f/0b973fb10d0d62b5962532a6e5691f81dd1c20b63fcce513967941450a82","A","Generated cache/build/log","698"
".npm-cache/_cacache/index-v5/25/98/f306f68eac58ac50c3a0a0453cb8f29d78b9505c01947c965b4768a4e60d","A","Generated cache/build/log","718"
".npm-cache/_cacache/index-v5/26/0b/24a5977420471d8bf54333d2c9356dd18376e0d123b7f3acaa7371e8a021","A","Generated cache/build/log","664"
".npm-cache/_cacache/index-v5/26/55/4241a3b3800b61bb94c9b9ac6844bf0dd606fcd266ada3ff5c64d5dd9e9b","A","Generated cache/build/log","727"
".npm-cache/_cacache/index-v5/27/26/56d3868cdb645b2dd09110debc35e2e7b4e26d0210d08755dce2a8cd9ae8","A","Generated cache/build/log","666"
".npm-cache/_cacache/index-v5/27/ef/452a94b385f28d524a6fd9178863fe32cc70bc3d94033a3dda9c91b2e128","A","Generated cache/build/log","686"
".npm-cache/_cacache/index-v5/28/36/e067187546f18acf472620d277424026dea375fad831a08206242cf8388a","A","Generated cache/build/log","714"
".npm-cache/_cacache/index-v5/28/af/3f5b8e1c4db46b2c24d0264a2bb8ab473f22a4f13707d911085e0a717fb7","A","Generated cache/build/log","674"
".npm-cache/_cacache/index-v5/29/da/115303ea18a519131a06a54e40e89d11ac3d6417db6551daad7b909f4d80","A","Generated cache/build/log","680"
".npm-cache/_cacache/index-v5/2c/24/e89f8bf36bf4f4865512579b711f7cba1f7f3a4cc4d8b133abb9793b0ea9","A","Generated cache/build/log","659"
".npm-cache/_cacache/index-v5/2c/93/f5329e57963916c1eb9beb848d4638fa4ff009c3e18fd8ce32ca7ae96562","A","Generated cache/build/log","674"
".npm-cache/_cacache/index-v5/2c/a1/b2ef5a84c2eaaa7d05e56b8cf6c031a281ad250ad82994ffd1323d790201","A","Generated cache/build/log","684"
".npm-cache/_cacache/index-v5/2c/f9/20d16c52be9b42b0c2b4a86e73dc28b9c7f23537444e104f27534d587820","A","Generated cache/build/log","692"
".npm-cache/_cacache/index-v5/2e/3a/c509332d105749ee6ad9a5173a4a333e8389c76bf55675e427b7ab73ce84","A","Generated cache/build/log","680"
".npm-cache/_cacache/index-v5/2e/5e/7c6ad49d70eff131acc11a5b821e3d9d46bdb106b01afd85b2b5de6b2204","A","Generated cache/build/log","656"
".npm-cache/_cacache/index-v5/2e/86/d58fe2be36e5639580df6b5249e716b6438c07d4ab7a4287ad035afa241c","A","Generated cache/build/log","704"
".npm-cache/_cacache/index-v5/2e/c8/cc8592ab15d662d89edc5604d9f6347e26fbca3465f5f245b65eefb11d93","A","Generated cache/build/log","678"
".npm-cache/_cacache/index-v5/2f/29/c1d8e4e70742299f3dbf9f2274dbf88ecae5ff8309aae09a9049cf2d88fe","A","Generated cache/build/log","722"
".npm-cache/_cacache/index-v5/2f/bb/a8d9ea6e8c235c3fe5514c08bdc7576f1cfedb95efbc1d308b93c5866c28","A","Generated cache/build/log","675"
".npm-cache/_cacache/index-v5/32/13/058347097da238cea81d76c631e35309c05407a3baf778111e4723413c91","A","Generated cache/build/log","751"
".npm-cache/_cacache/index-v5/32/2f/866427f820f8b7cfc1fb5e22b113fc26c2dfd7a923ad94e2911e74c0545b","A","Generated cache/build/log","738"
".npm-cache/_cacache/index-v5/32/34/344f59e7c22107a2cfca08115e8169ef1be947207defbd43e9cfcc9821da","A","Generated cache/build/log","670"
".npm-cache/_cacache/index-v5/32/a5/70f2d09e88b52e50b4f2f83eb4d09a8274b46984806a4934f47e709dcf86","A","Generated cache/build/log","701"
".npm-cache/_cacache/index-v5/32/e2/5912d88421e6b76e5e0365ae8015aac3093d6e53b5b60fdfa91116720417","A","Generated cache/build/log","678"
".npm-cache/_cacache/index-v5/32/f6/c34658b94967a2498f75a66b8ff6c87e60d36be229f7c9912de8f9a258b5","A","Generated cache/build/log","706"
".npm-cache/_cacache/index-v5/33/0d/aee2258d65148542a94d8133e0db3a0d57e2817555b89709243b5f7408ea","A","Generated cache/build/log","731"
".npm-cache/_cacache/index-v5/33/cb/15c4c608546e055e6cd46e800ededdb9add906a476f117c988c465f2fe0e","A","Generated cache/build/log","690"
".npm-cache/_cacache/index-v5/34/5d/eb35f62151737cc855d6409377487b9c8ba9b1cf92281a9b8c466afcedf1","A","Generated cache/build/log","714"
".npm-cache/_cacache/index-v5/34/9e/9b1b5aa5889844cd472441c0c1f23172a8dfb7c90ff4d55a8de845646955","A","Generated cache/build/log","666"
".npm-cache/_cacache/index-v5/34/cb/dd5e6f02ebea3574006624e5dd81e72b124d66a1bd1598ab078fda7118f7","A","Generated cache/build/log","697"
".npm-cache/_cacache/index-v5/35/40/9889848e5e9736d0707404ef3d9a2961efe4a84000d336e8213c17e598fa","A","Generated cache/build/log","738"
".npm-cache/_cacache/index-v5/35/7f/e41f2c2713684e6e809753f5b2a642d98d5d19a1c17c03d0788531cebf88","A","Generated cache/build/log","682"
".npm-cache/_cacache/index-v5/36/ed/16204172c2fd41b6d18d24dde353d9bd08b895673283fdee1da156c14ec6","A","Generated cache/build/log","662"
".npm-cache/_cacache/index-v5/37/f0/4b0d45835eb147ee433d4548390bb18ef2c8020a975f36f25e27b4ad071c","A","Generated cache/build/log","687"
".npm-cache/_cacache/index-v5/38/c7/a74262390d4e3f32c5104583568f583040f1c8c916ada8551b814b742d05","A","Generated cache/build/log","702"
".npm-cache/_cacache/index-v5/39/28/d9a292946693ea5271ca304abbd45f4653dc214f71a5051a6d56259a4f88","A","Generated cache/build/log","729"
".npm-cache/_cacache/index-v5/3a/21/946df9356ae372c19a7700e322d8d0276a406143c7375ce22124fad7dfcd","A","Generated cache/build/log","694"
".npm-cache/_cacache/index-v5/3c/00/93c9d668eebae769f534de8690878a27588b8e973c64f5d5b4ba31b4f7a4","A","Generated cache/build/log","737"
".npm-cache/_cacache/index-v5/3d/08/9b87ca6a90014973aff16ea13860301da35d7e442aa076aecda7a685c59c","A","Generated cache/build/log","730"
".npm-cache/_cacache/index-v5/3d/65/fc27cfb6810dfc068ee7d191bef5ae97b790a31ed7de8fff35dbe8ad3aad","A","Generated cache/build/log","693"
".npm-cache/_cacache/index-v5/3d/c1/96d57df043762abc80aeee968e10b519d9ec1de26b0f0e009f7f4b55fdd7","A","Generated cache/build/log","755"
".npm-cache/_cacache/index-v5/3d/d0/639107e3f13a812eb6cb868ab09827c1e4a913b741a0db28c7b348e62204","A","Generated cache/build/log","702"
".npm-cache/_cacache/index-v5/3e/11/c8a8a8262c48e83b6fd62f768ad22af5c71ff9472c30357ba9c124c409c7","A","Generated cache/build/log","675"
".npm-cache/_cacache/index-v5/3e/fb/16aa2afc1b8ee849bb72ab451bd3ab5e2ea9c6f7cc9c1880282bc6d881f1","A","Generated cache/build/log","735"
".npm-cache/_cacache/index-v5/3f/6b/d5dd1776bc8b91a94cc71eb3a1e40a8d0e261a2123ce326bf670dde8c98b","A","Generated cache/build/log","752"
".npm-cache/_cacache/index-v5/3f/bd/b35aa26fd53c39287596a93949ad69fc2a94fe33b5998605d9f1507cca37","A","Generated cache/build/log","1326"
".npm-cache/_cacache/index-v5/3f/d4/aadf52099844232f97af818d4176e74a1daf76d86adbc7538e7f2c1e89e8","A","Generated cache/build/log","669"
".npm-cache/_cacache/index-v5/3f/e6/7cdb00b4b137b164b1f3b9b10559a879eedf3b0cf20b5e5d81cfc9f8a189","A","Generated cache/build/log","710"
".npm-cache/_cacache/index-v5/40/62/d04e75208dec117f72a95a5989f81fac7565a530fd22f70ea5e3abc377c3","A","Generated cache/build/log","678"
".npm-cache/_cacache/index-v5/40/9c/8fae440d9887ac4e0018f6f043dede6928b1425882d1a40cf32bdc057e1a","A","Generated cache/build/log","723"
".npm-cache/_cacache/index-v5/40/ac/06114fb2060e99370874938baca4f1a469ff13ab0f337484eb1441c8ff62","A","Generated cache/build/log","678"
".npm-cache/_cacache/index-v5/40/ae/3297caeecf16808017a479c939430759f9d57eeddc307b56b0995f3af281","A","Generated cache/build/log","680"
".npm-cache/_cacache/index-v5/41/7d/bbe5af5ec32dee78aa818560ae4c6a34374ea86cbe0ed4bdd025143e23e6","A","Generated cache/build/log","759"
".npm-cache/_cacache/index-v5/41/e9/117b08bed4e0eab131e59b5437b3f282263ed761bd544830a76bfb3c37d6","A","Generated cache/build/log","665"
".npm-cache/_cacache/index-v5/42/00/5cc234400b9d39b47da9860d24483996b4f9232ef9b66a12b606a55a0134","A","Generated cache/build/log","706"
".npm-cache/_cacache/index-v5/42/01/dc4d09c078e5fda1ffd8fe6224f320d36d4c62060b195159c328acfed935","A","Generated cache/build/log","694"
".npm-cache/_cacache/index-v5/42/94/4f2c72b3c5ddeaed00a7c56a2dee41351891da39c7f504cc8240a9c51639","A","Generated cache/build/log","719"
".npm-cache/_cacache/index-v5/42/98/91ca587de8f2a43a792968c4c652e025455b6bd2ed604f4514936043cd55","A","Generated cache/build/log","769"
".npm-cache/_cacache/index-v5/43/d2/bd171239b0242c6fb5d0795bcad7f7174caf24b6ae0f2d2d3772067d8312","A","Generated cache/build/log","736"
".npm-cache/_cacache/index-v5/43/e2/4823d25a60802304e58edaa16fb53111bb559d3aa89a535a31db203d673c","A","Generated cache/build/log","682"
".npm-cache/_cacache/index-v5/45/fe/adf235296be01b455aeb7edc188672c365bed7b65a45675e45779da45188","A","Generated cache/build/log","718"
".npm-cache/_cacache/index-v5/46/87/de21d5d0acb5b18e75e9e9fbedab515b3a15f2d20926f30a5bbcafb74b0f","A","Generated cache/build/log","667"
".npm-cache/_cacache/index-v5/47/6e/0184937fde98938cb062ec8293fb6a17fcb7da8963a6d525de3f86b642e5","A","Generated cache/build/log","678"
".npm-cache/_cacache/index-v5/47/f8/c8d4583d3ccd74993cd4f903c6c061c4ce30fbfede60b4bb8856e13cfae9","A","Generated cache/build/log","713"
".npm-cache/_cacache/index-v5/4a/20/c8968ba9feb10004e7c9d0d9dbf5702f31bf1875f7af22100a3308c25343","A","Generated cache/build/log","683"
".npm-cache/_cacache/index-v5/4a/de/aa628f43a9795eee281604e011058393572a6a3b06712cb10d04bcc64997","A","Generated cache/build/log","677"
".npm-cache/_cacache/index-v5/4a/f9/db09e99d2fc4b9d471366260d48b659687fefb56966562f29c82112f99a9","A","Generated cache/build/log","666"
".npm-cache/_cacache/index-v5/4b/3f/2491a48f50be25a8213ee0a1186e48b2141688c4b926158ec064dbee258c","A","Generated cache/build/log","687"
".npm-cache/_cacache/index-v5/4b/4d/ce47a91aa4c10cda303c5b693122434fcebd897428fb2d4b7b305796453a","A","Generated cache/build/log","682"
".npm-cache/_cacache/index-v5/4b/ed/35cb8b23ae64f5467e4748e13214ac6208cf6c4330e3bc5a2a28b7b96aac","A","Generated cache/build/log","654"
".npm-cache/_cacache/index-v5/4b/ef/4d13d8b7a35cc9a2fd7d82bdbc9528f60a89bc62f668a91002d724665808","A","Generated cache/build/log","687"
".npm-cache/_cacache/index-v5/4b/f9/b76c81c987c93bb0106da040b3ab5ecf81a25b7a26e02f465029ed4d6798","A","Generated cache/build/log","694"
".npm-cache/_cacache/index-v5/4c/14/5238cf24a84cee3d24c880fc5192e80058229370242d7e87909fd71b8124","A","Generated cache/build/log","680"
".npm-cache/_cacache/index-v5/4d/d5/67b6cb3b440f334679b300b3eb6611e1f87ad7dfaffa813d4077c45163df","A","Generated cache/build/log","686"
".npm-cache/_cacache/index-v5/4f/dd/e55a8cef5dfa95b16aca97c6916f0e1c92608aa75698ea48cf049c63ed8f","A","Generated cache/build/log","744"
".npm-cache/_cacache/index-v5/51/31/5b5ae3a9297c0fc238f07e43e99c3bc1995cd72cbbd2b2c7eeadb73b18d6","A","Generated cache/build/log","707"
".npm-cache/_cacache/index-v5/51/7d/7fc8fb088ff37e4ff427d1fec06dd168abfd2fcda2b0ea1489ca5010fb91","A","Generated cache/build/log","711"
".npm-cache/_cacache/index-v5/52/1d/cece4a065d9009795606216ee3e75501611290013df6fa0039bed9edd10a","A","Generated cache/build/log","690"
".npm-cache/_cacache/index-v5/52/4f/f8c9418170003b9a73b0d337e40fe740f2ca760dc9dfb88862fd3fdfa394","A","Generated cache/build/log","694"
".npm-cache/_cacache/index-v5/53/58/c1045e828e8bd90f1df1526b6f6421dd096f8bd29809058a7a4a3dad4900","A","Generated cache/build/log","674"
".npm-cache/_cacache/index-v5/55/4b/4d855dd8d61c847d498c12ebf5b56c4b2c52a793ccb85a93ef8f4050f6f7","A","Generated cache/build/log","678"
".npm-cache/_cacache/index-v5/56/02/f7c9e3404de9212aefe3706d0ad202a663b6af36dcd7532e19428d480a26","A","Generated cache/build/log","786"
".npm-cache/_cacache/index-v5/56/71/fa4fe23b6bc134c60d26da3033c87003fb50204af907f8ec32c9a7c9e48c","A","Generated cache/build/log","682"
".npm-cache/_cacache/index-v5/56/93/0dade3cbf25195a59a6edf940fc7a10245780b960891327ac4d847efcfd8","A","Generated cache/build/log","698"
".npm-cache/_cacache/index-v5/56/c9/de2276c74e2fe3a07cb8211b44fba44e737188ae66d06e8e43e28347007d","A","Generated cache/build/log","690"
".npm-cache/_cacache/index-v5/57/0a/6781167451e1eacefc4e29204b2912ee813aac73489dbafbfd555a960ad9","A","Generated cache/build/log","702"
".npm-cache/_cacache/index-v5/58/85/6fd694af3f2a77a99b7f63d7eeca0a3d895a46536c015370e462365772e9","A","Generated cache/build/log","663"
".npm-cache/_cacache/index-v5/58/92/5799a11997482f78a71307f2134a84b508b74d7faa3535d40d26c6261638","A","Generated cache/build/log","702"
".npm-cache/_cacache/index-v5/58/f1/7d7805a6a3ba918b6e895363de6f0ed5fa6a997336544fec222380e0c9c3","A","Generated cache/build/log","711"
".npm-cache/_cacache/index-v5/59/9c/7af53f76f261c7322b7d597a6c40a01c7835a0bebb5ca909de3af6a4ee4c","A","Generated cache/build/log","703"
".npm-cache/_cacache/index-v5/5a/17/607f5a3265962bd5763fae1eecdbec14776ff5bf015895d49058d7fd7943","A","Generated cache/build/log","694"
".npm-cache/_cacache/index-v5/5a/48/df2b2137355548fc0e2edd8c75e03ade0d1036d9466886d3c4f7ea6248af","A","Generated cache/build/log","674"
".npm-cache/_cacache/index-v5/5a/82/bd12d054b53f44513ac597c91d970f89cd963a5a3836f46634ad3c4bb4dc","A","Generated cache/build/log","730"
".npm-cache/_cacache/index-v5/5b/3f/64c58ca19aebcb3222fb9f0b41d663b061a14435ed65fff8842ae64f0983","A","Generated cache/build/log","714"
".npm-cache/_cacache/index-v5/5c/b3/2449fa75d05c3ff9cf254624cbacc34815cd86cb3f7e864efbe1a7894c0d","A","Generated cache/build/log","710"
".npm-cache/_cacache/index-v5/5d/ca/dd768365891131c33de2384c9317a2387fedcfa1ab7543a8ddff758b1f23","A","Generated cache/build/log","692"
".npm-cache/_cacache/index-v5/5e/18/f5beb34f0d6a2dafee936528d3527e046ede32ca2c84f1673129fc38ba37","A","Generated cache/build/log","694"
".npm-cache/_cacache/index-v5/5e/1e/ec73cb10b2f32d6e39ab917041d3bb996ae7791a73f4dfdfe4d81b144894","A","Generated cache/build/log","716"
".npm-cache/_cacache/index-v5/5e/ca/e43ea27e40a4ebc3ba4102f20f3d6796415f2f1a4f9f0dfae93d933b0ad6","A","Generated cache/build/log","1350"
".npm-cache/_cacache/index-v5/5e/e7/453bd89145eccf9d67f5797fb09e5a017b5b13f1ac45cb7b70bda45940ec","A","Generated cache/build/log","690"
".npm-cache/_cacache/index-v5/5f/23/edefb754cb83d9f1e8d1ebd54eaffd7cccb509b8649ed9a33598b6c8959a","A","Generated cache/build/log","742"
".npm-cache/_cacache/index-v5/5f/54/3138ee53103ab2efce8bd66b74135b337b6169f3e08b3f48ec9551a510ba","A","Generated cache/build/log","671"
".npm-cache/_cacache/index-v5/5f/8e/e3a0191eb5cfcb52539d5ca138ffb113dad3dc2552b6863f6f57bf82442a","A","Generated cache/build/log","697"
".npm-cache/_cacache/index-v5/60/cd/ccf24592eab52afe642bcb1a895ad8961160834181581ba9784b2701bb68","A","Generated cache/build/log","784"
".npm-cache/_cacache/index-v5/61/1c/30f30288aa0a493ca72bad1e5c627dba4a251b625d8a0ae297e395dfc15d","A","Generated cache/build/log","661"
".npm-cache/_cacache/index-v5/61/74/8eaf55954e0c404a45bfbd8959f8102ad3dd4eb735d19ed4bbcc22718e55","A","Generated cache/build/log","775"
".npm-cache/_cacache/index-v5/62/1f/67ce826ee436322a29f15679f982de17704f76557ffb3d73d932a4944c7c","A","Generated cache/build/log","704"
".npm-cache/_cacache/index-v5/62/82/71d24cf34057d36cf27f9cc782bb6dd446e56a1987513836d5a2681a064d","A","Generated cache/build/log","690"
".npm-cache/_cacache/index-v5/62/c6/c7fa8f4763ce45f543d6952e5a1787fcb67fff9e7372f0684fe68cfbe342","A","Generated cache/build/log","693"
".npm-cache/_cacache/index-v5/64/20/cd30ec1843c376ea2ec9b3afd2817de640d9b9c2508ed91161c606a2274c","A","Generated cache/build/log","748"
".npm-cache/_cacache/index-v5/64/28/4183798f556762dfd1ae2767389bdd90c1faac9783face50292324454f18","A","Generated cache/build/log","773"
".npm-cache/_cacache/index-v5/64/28/e444d001268ef2d4c2a6c96efcf4cbe9d51fdc9008329f7956b60986aef9","A","Generated cache/build/log","682"
".npm-cache/_cacache/index-v5/64/67/e161f6271991f87bb5a4edbf27d85d3f19f0bf6e2921baed735581751cd5","A","Generated cache/build/log","306"
".npm-cache/_cacache/index-v5/66/fb/4d3930a70353d60df0be46665b9ea8e8808b848ec06baafc97a7664eac0c","A","Generated cache/build/log","662"
".npm-cache/_cacache/index-v5/67/5e/e54df92ed7a98ac101755877b750a30fb3b2526095c8c89866546209a91e","A","Generated cache/build/log","697"
".npm-cache/_cacache/index-v5/67/a5/8d770b79411452d40f2df49e0182bfdf78fdaecf3c33520ecaca058d94d9","A","Generated cache/build/log","706"
".npm-cache/_cacache/index-v5/67/bb/1004f1a713ecb29b01260615f4929d736015a31836a13ef25567ebb28f0d","A","Generated cache/build/log","674"
".npm-cache/_cacache/index-v5/67/f8/ae718527d2b9bf7fa981d80037d5b2f7b34f0e34a76fdd3bc9b604b90077","A","Generated cache/build/log","698"
".npm-cache/_cacache/index-v5/68/00/fbc360edd65370a465c33b3a28e2475e70476d9caea90405b8a4762d210f","A","Generated cache/build/log","735"
".npm-cache/_cacache/index-v5/68/c2/0a236f1fdf44feed66ec1b9dab2205deec1dae33c15de2afb2807e1fbd72","A","Generated cache/build/log","699"
".npm-cache/_cacache/index-v5/68/fe/98b94b80101e28ce4c126f11487f2172095b2201999f08bdee70cf6ea2a7","A","Generated cache/build/log","717"
".npm-cache/_cacache/index-v5/69/03/017c2f73ea390076d2ba9241b1efb8903d9fc55eae5f5709c215a6fa7b60","A","Generated cache/build/log","698"
".npm-cache/_cacache/index-v5/69/33/b968e19e42cda755b43c4bd1e354056b2be0e8ff44896e82e4bc9fdb6322","A","Generated cache/build/log","654"
".npm-cache/_cacache/index-v5/69/d5/0c9c490aadb716682d8b29edd42f1a4f7b84c17046376df2ab1209f7025a","A","Generated cache/build/log","670"
".npm-cache/_cacache/index-v5/69/e3/1018bd2617c9bf8a0c2742b8d6db95d9995670b0e195cb06cfea9d61c009","A","Generated cache/build/log","691"
".npm-cache/_cacache/index-v5/6a/b2/cff74a8452b6159ec5df4cd310e05e05bfaa99de31da7de4b5a7a7a849d9","A","Generated cache/build/log","681"
".npm-cache/_cacache/index-v5/6b/1c/47c528546e41335c1ef6f76d249265e273eec4612de6394493645174bf55","A","Generated cache/build/log","730"
".npm-cache/_cacache/index-v5/6b/33/9648614194cfe05bcf87e96e6d1a9d596eff2ccd2be75d5a63840ff5c5fa","A","Generated cache/build/log","730"
".npm-cache/_cacache/index-v5/6b/5b/98297e6e26efe4addd84d84e25a8bf62915b2e624cb0e7cbe91e9f5d5dca","A","Generated cache/build/log","669"
".npm-cache/_cacache/index-v5/6b/96/8af21194b7c666dcff699b874730170edc9a2670a4d17bf4186649ee9fa7","A","Generated cache/build/log","670"
".npm-cache/_cacache/index-v5/6b/ac/873bbccc3b70b17e1c1fbddbda99b69f0d507fd8d12442008ee2f2518c1f","A","Generated cache/build/log","662"
".npm-cache/_cacache/index-v5/6b/f5/e2bfbf2a9b9de78ace1e712a95ba76fb58a63f8b42cd12630e0aa7407cd5","A","Generated cache/build/log","730"
".npm-cache/_cacache/index-v5/6d/01/b577f64fd528cee2f73c6aee0a2ecc4a2cbc6b84d45827f8d411ae728a26","A","Generated cache/build/log","698"
".npm-cache/_cacache/index-v5/6d/24/c8204a7e9f01af5962be815c108441fa590d580b53700c9a5adc145dd65b","A","Generated cache/build/log","738"
".npm-cache/_cacache/index-v5/6d/52/38185a6182b640b9b029914c320415cae3a1704ac6bf68cbfc1dcc56bb65","A","Generated cache/build/log","683"
".npm-cache/_cacache/index-v5/6e/a9/7ddb4c1006d61ed231108052ffe4f8fb3ee024ada57c80b415f27b2c77c0","A","Generated cache/build/log","742"
".npm-cache/_cacache/index-v5/6f/19/e503c2cfea9314b41c75b5a2a847575b1d21f04f32181d239414893108b9","A","Generated cache/build/log","662"
".npm-cache/_cacache/index-v5/71/33/eea78b5be68d5d93a7dca0ff9805a1cd67e7f4b09a79e02707997799412f","A","Generated cache/build/log","706"
".npm-cache/_cacache/index-v5/71/9b/575503a996b3678372373e36b1adcb0ecf0c5e27804be136f2f9b46a57fa","A","Generated cache/build/log","671"
".npm-cache/_cacache/index-v5/72/6d/1f762623db4b06a91bc30095cbf96aa9a8527cf43bb93f9d2f30a3585d5a","A","Generated cache/build/log","698"
".npm-cache/_cacache/index-v5/72/6f/7551d241cb30c6b780bfac91fe638ab4ee94cbbb639305be492e439c37b0","A","Generated cache/build/log","674"
".npm-cache/_cacache/index-v5/73/55/335386b9a8c14140d77a2413e029cb68ba1c9b954933ac808eca4ea75ac2","A","Generated cache/build/log","683"
".npm-cache/_cacache/index-v5/73/f2/a11cb0b72c308ce6cafa4abb9e7c0ed911c6dfaf8156ae9831a6a106f152","A","Generated cache/build/log","705"
".npm-cache/_cacache/index-v5/74/23/8c679289b0d93fbed2177f2fcd6bc86750bbcb313235a7da159c4146f036","A","Generated cache/build/log","684"
".npm-cache/_cacache/index-v5/74/8d/17d5aa3783c612239557f251b2be4fdcb43aec68db7405d1d6b7a9377c5d","A","Generated cache/build/log","1428"
".npm-cache/_cacache/index-v5/74/bd/cda65b1b0e83fafdf0ed9f696c380d74b09dc3082571b381c14b1454ab2e","A","Generated cache/build/log","670"
".npm-cache/_cacache/index-v5/75/17/fefef5c06cc570a726f66b226d6abde231b9f5de2ae35354240c598b5518","A","Generated cache/build/log","678"
".npm-cache/_cacache/index-v5/75/80/cb6c0b0c6d7dc576c597ed010b5095c0bede39e3cb4f284c07f9fb6340d0","A","Generated cache/build/log","713"
".npm-cache/_cacache/index-v5/75/e3/8a67a6a69c573e507dac8723fa56c0451c1ebb42aa08925c3bd37a8435c3","A","Generated cache/build/log","666"
".npm-cache/_cacache/index-v5/76/03/9338263eb3f98ca2bd181e7694d2f112d9868bced8a4d84b4999a6dc4f71","A","Generated cache/build/log","711"
".npm-cache/_cacache/index-v5/76/2b/854aa93b6901d2368940ed99065ffd2a32b7d454f6959db3ac88817affd3","A","Generated cache/build/log","723"
".npm-cache/_cacache/index-v5/77/6b/29a46658abf61c9719df02da136c280351a126f4bf1dfded33238ec0f0f5","A","Generated cache/build/log","704"
".npm-cache/_cacache/index-v5/77/9d/c32241d58c98717ee40567b3abec6869e5975d362dc142e14ef77a7f9f23","A","Generated cache/build/log","728"
".npm-cache/_cacache/index-v5/78/d5/a9e12d3ced7a032b7fc3f8862a6fca7478e411c879317ba317bf13e31311","A","Generated cache/build/log","688"
".npm-cache/_cacache/index-v5/79/23/3b5c4878bcc451766f7bcf5df7d2a4999739fcb2e30c1dcf6d759fbf963e","A","Generated cache/build/log","674"
".npm-cache/_cacache/index-v5/79/2b/a261187919d92768a88a7dd2d99815ee7f043463f14693e43ecf6ab9a13e","A","Generated cache/build/log","745"
".npm-cache/_cacache/index-v5/79/2c/1b8b1376c8c01c5ec7a454d3e15de59e0b9e9759e78c70d1aa16c6964d74","A","Generated cache/build/log","718"
".npm-cache/_cacache/index-v5/79/fe/4f70ccf5900102da6db2b64244a530221adbb1249bea4816a8f8ad01ac9c","A","Generated cache/build/log","752"
".npm-cache/_cacache/index-v5/7a/bf/86f09ba3add65692315777a9d471022d632fccd4e09cc1f5819f6b259b2b","A","Generated cache/build/log","690"
".npm-cache/_cacache/index-v5/7a/da/c99fe20ee8c4a489636364819eeba7691d224f93b56f13b9d5cfd1943647","A","Generated cache/build/log","684"
".npm-cache/_cacache/index-v5/7b/9d/e5dc25964da0a27e5238a769ac1ad4eef668f182ab00664b3ae11f47bc11","A","Generated cache/build/log","682"
".npm-cache/_cacache/index-v5/7c/01/a2c7cee872051584ce9afbd7cd92701c7fe77cb8be37a304f4703459da8e","A","Generated cache/build/log","705"
".npm-cache/_cacache/index-v5/7c/22/e50fc0132ff15f9bd4ffd260aacb79b3ef25c78697efb5381a263eccb2b3","A","Generated cache/build/log","797"
".npm-cache/_cacache/index-v5/7d/65/c2c4e4cf88f6f5a26a474eec1eb28a1a0c087f156fa82df974013a50081f","A","Generated cache/build/log","674"
".npm-cache/_cacache/index-v5/7d/93/968e7c82870e5488794f97eb86e45cd2e8b7e4261b666ee8cab6dac39d90","A","Generated cache/build/log","306"
".npm-cache/_cacache/index-v5/7d/ad/be90b3954e2f6e7b35b521e65a5016fd963aa11c3d6c88ccd9e0b61c069e","A","Generated cache/build/log","694"
".npm-cache/_cacache/index-v5/7e/07/65fe6aec50e6ca1c411ea339a5cb928a34a889783d2a617f9257ef499b25","A","Generated cache/build/log","729"
".npm-cache/_cacache/index-v5/7e/1e/297e6081f2050d08959be634218f7dc79469d7a8742e8eb0d087205d0e19","A","Generated cache/build/log","686"
".npm-cache/_cacache/index-v5/7e/3d/652caa0e835da5885a5a7d73c888a86803c16c6a3d1c0e56afc5a65a72c1","A","Generated cache/build/log","753"
".npm-cache/_cacache/index-v5/7e/63/9c312bb275081a100a2f4ee0049329b3d966da3c1f0fb4e9e828e10b1be5","A","Generated cache/build/log","678"
".npm-cache/_cacache/index-v5/7e/d7/0ed379d5ee056335ec9dac3ef37a1deb5f65088632d897b46e8e95cb3d8c","A","Generated cache/build/log","686"
".npm-cache/_cacache/index-v5/7e/e1/d7156880ad5c5d031b02bd4e7f7c2a6d0c0655146a4df5647682be15a6ba","A","Generated cache/build/log","686"
".npm-cache/_cacache/index-v5/7f/95/4d69b8db6ce7dca3ac1c71b6dd6b87557e202a0b36261a8b325a90ddfe5b","A","Generated cache/build/log","730"
".npm-cache/_cacache/index-v5/7f/97/e83bb239b55df05b4811c3e3a0a8e00c0955ff7d47ff9cbff544628f1e6f","A","Generated cache/build/log","709"
".npm-cache/_cacache/index-v5/80/76/29d07ed3ad0803e6eb0ea33c2a069e1114a8ec1d81f2c80c48f58fba35ec","A","Generated cache/build/log","710"
".npm-cache/_cacache/index-v5/80/e4/331538bf699777633364d789a4af835fdf25af69c55503330076d13a9512","A","Generated cache/build/log","737"
".npm-cache/_cacache/index-v5/80/ed/8c7ed40b908c652ecfdbeb4d82eafe4d7a72134887aedd40b65ea9e2741c","A","Generated cache/build/log","776"
".npm-cache/_cacache/index-v5/81/46/99a7db3a3209b5de2c760de391f5d6844b67a72311c9da9da01366aaa562","A","Generated cache/build/log","666"
".npm-cache/_cacache/index-v5/82/9b/14cbab914a1f63d40eb9e86f6c8bbfdc77e802c37cb36c66a8d86735d313","A","Generated cache/build/log","702"
".npm-cache/_cacache/index-v5/82/d4/aed451e167a5b0a6599321bfc9dccaa481334065ca397082e26598c17294","A","Generated cache/build/log","681"
".npm-cache/_cacache/index-v5/84/1c/e3cba7dc37f2ce1baaf03aa20ca20a10ed50e421de0a7234593848b6ad26","A","Generated cache/build/log","700"
".npm-cache/_cacache/index-v5/84/3c/a34aeaf29195f5f9401c15f6857af1bd76c7606e0b093aab991c9bb6dc49","A","Generated cache/build/log","654"
".npm-cache/_cacache/index-v5/84/60/de398e1fb91b3c915eedba41dc530aaca0476a56f861e8425db5a33424f0","A","Generated cache/build/log","698"
".npm-cache/_cacache/index-v5/84/7d/03a88beaf99eb05fa26d125df78cd442e9d85f7e5661af6021d8ceef9008","A","Generated cache/build/log","702"
".npm-cache/_cacache/index-v5/85/b8/b1ca3753d1cd1c428b248d18f3e58c4e5d1e143498967a41b9106116bd57","A","Generated cache/build/log","666"
".npm-cache/_cacache/index-v5/85/e2/19ecc903e042de66c739013c3061f29cdc16d8dfd107aacc1f8ce3029cd7","A","Generated cache/build/log","684"
".npm-cache/_cacache/index-v5/85/f6/9a496bab0f4a4704c802880ebedbdd97a34757454b529c8de817248ecb84","A","Generated cache/build/log","688"
".npm-cache/_cacache/index-v5/86/fd/d4b41126b656ac9b1953939753efa0597fd6b4711715ce335ed2a3b0eb94","A","Generated cache/build/log","678"
".npm-cache/_cacache/index-v5/87/1f/42b7ca0991314841be90b1c10bb54c8508b6234ffabd309de6142e2634e5","A","Generated cache/build/log","726"
".npm-cache/_cacache/index-v5/87/54/7c8f82b15168ceaed681d5d5a26426bbe4add133242752778531d32fe3b0","A","Generated cache/build/log","678"
".npm-cache/_cacache/index-v5/87/da/af28f1133468f98432a0caf94d8a9e1a4f1bcd830398a06a4e51d9d17bcd","A","Generated cache/build/log","690"
".npm-cache/_cacache/index-v5/89/05/7f5b1c22a459a524f032a961bfc12d557754cbf1670d01de840100035dd3","A","Generated cache/build/log","654"
".npm-cache/_cacache/index-v5/89/d5/97998e12a1ecffb0639c1687a615449b1a23db621ad1871be41cf5133ffd","A","Generated cache/build/log","731"
".npm-cache/_cacache/index-v5/89/e2/73a2c48674c1c8c96bc99a155d1856342fbb494f2a8adcadaa797e12f06b","A","Generated cache/build/log","783"
".npm-cache/_cacache/index-v5/8b/93/7b95e0dedcb8078233a6c78e446ab86eeb34fe91750c0e4ce90602a1e1eb","A","Generated cache/build/log","682"
".npm-cache/_cacache/index-v5/8b/ee/c2ea22c4bf9c5ddcd0333850e543442de3364478847c7ebc382b1ff3a70d","A","Generated cache/build/log","682"
".npm-cache/_cacache/index-v5/8c/01/4ab82b5e439a01bbd50079b4f2dc4fb80424f5aa0890d6404f604dbafde9","A","Generated cache/build/log","726"
".npm-cache/_cacache/index-v5/8c/cb/67976929ccc2e2a9b563f4bbfd3086265131cb09adf646e6bb43c334cdb1","A","Generated cache/build/log","696"
".npm-cache/_cacache/index-v5/8d/18/d15a104a0944c809e757c0151fec03c18e6bfd3d1700acc26735df43e79f","A","Generated cache/build/log","690"
".npm-cache/_cacache/index-v5/8d/99/76df126d9b6d7061bf86eae6b8b042ec84484bd9fa245eea8faef5d2332a","A","Generated cache/build/log","682"
".npm-cache/_cacache/index-v5/8d/b3/63d81c0dbe3f1f838065e193af4b69922816127f958735517701db92f877","A","Generated cache/build/log","712"
".npm-cache/_cacache/index-v5/8d/f8/aefda99ca03a1004596e312ea5d597c682502fb85fe4283d6c1079cacd8f","A","Generated cache/build/log","698"
".npm-cache/_cacache/index-v5/8e/b5/30c605e6fd340a2dc9bdeb395ecc433616b552b29da8f629011db89d1b56","A","Generated cache/build/log","722"
".npm-cache/_cacache/index-v5/8f/34/e10d3179577f8e006cd1493600fe0d85810c31d7c3912d6bab01f327f550","A","Generated cache/build/log","722"
".npm-cache/_cacache/index-v5/8f/3e/aa8a49a64aa50b6965e5452104c55b9f97fec3e5c280a171bbc0021410e3","A","Generated cache/build/log","669"
".npm-cache/_cacache/index-v5/90/35/7416ec35a1e560ba96df19f9415d0c611025f3d75d9b177e038376546d01","A","Generated cache/build/log","713"
".npm-cache/_cacache/index-v5/90/53/8c061789582f306e5cd49035ee51582e6495bd621f643d2451345dc3b3dc","A","Generated cache/build/log","674"
".npm-cache/_cacache/index-v5/90/a4/9df0e30cf9bb2d9f744b21b05a290b3cb8e19fa864c4a813eaaf347b6e6c","A","Generated cache/build/log","694"
".npm-cache/_cacache/index-v5/91/a1/e4c992e67a0e0f1a68289d429ea35e312c543479d1370bc8ac480049cc2b","A","Generated cache/build/log","681"
".npm-cache/_cacache/index-v5/92/02/bd423dde386359f2df1a45dd7a78c8bf37ae12438de2dcb02f1e3453d421","A","Generated cache/build/log","708"
".npm-cache/_cacache/index-v5/92/38/e29fc6e888e285300467cc4224ea6fb974ed531347d52d7eeb3c9632099f","A","Generated cache/build/log","714"
".npm-cache/_cacache/index-v5/93/09/72adca232a03beb43a8b72dac70aea04b97a0bf6b9fefbbe65e78ce2ab06","A","Generated cache/build/log","765"
".npm-cache/_cacache/index-v5/93/1e/51151580349c403e9dfbbdd5e40201a21b074f7cdf8417861f9ee32280c4","A","Generated cache/build/log","698"
".npm-cache/_cacache/index-v5/93/69/8f5daa2e963ae7637a4ec1906adb0f59a184aeaff930e427cca84fdb2d25","A","Generated cache/build/log","668"
".npm-cache/_cacache/index-v5/93/eb/a95f6ee3665f1b7c89de9e104ea60b0cd9674bcdbb621b1fa57880ab8c07","A","Generated cache/build/log","715"
".npm-cache/_cacache/index-v5/94/83/05bda12ca66a018199a313bf2a9d9cceca3e0e0c1a5e06c5aae0873b104e","A","Generated cache/build/log","691"
".npm-cache/_cacache/index-v5/94/9e/b0edf20eb60e2b82592ea4e7beb516a719fbd0ddd25633a3ca0eb30cc3b0","A","Generated cache/build/log","722"
".npm-cache/_cacache/index-v5/95/0b/a7bd89d5e50b639d5d8ce521aa97b6d3195447b72a7ff9d2c0d1812f7be0","A","Generated cache/build/log","682"
".npm-cache/_cacache/index-v5/95/20/216edd7104928342f4e596f226b589b3733c83a5c056ece5738890de4460","A","Generated cache/build/log","742"
".npm-cache/_cacache/index-v5/95/75/687939821827baf89453eb86559a27c09f58aeb98ea6455ac1964224bc85","A","Generated cache/build/log","762"
".npm-cache/_cacache/index-v5/96/e8/97d2c6e5c772f993e1a5b5fdeae5e52c835ac89d689ba43dbe025d54d880","A","Generated cache/build/log","668"
".npm-cache/_cacache/index-v5/96/fe/5a6d99041d57c8d97929201bbe2f41270c2d103b511839d1fb8af5c23fe4","A","Generated cache/build/log","746"
".npm-cache/_cacache/index-v5/98/42/0031cc57bec70996ff1adaa9ef0304342a31261b401619076be69c7209b5","A","Generated cache/build/log","720"
".npm-cache/_cacache/index-v5/99/2e/77dc269773f7c3466fbc19e1ebff23dafaab30db29a632552bbb812fa077","A","Generated cache/build/log","674"
".npm-cache/_cacache/index-v5/9a/bc/143ae50ba22ddec235347ed6a62762b673eddb52cb1939aea401679de36b","A","Generated cache/build/log","722"
".npm-cache/_cacache/index-v5/9b/0c/9481f3ca6b152f60af38df0082f36a951c720045115141e4ce5272132699","A","Generated cache/build/log","739"
".npm-cache/_cacache/index-v5/9b/8c/88b3b8aae31fcb4c8aee70663d7c1bdf72a065a32589977f261f7ec81b8d","A","Generated cache/build/log","757"
".npm-cache/_cacache/index-v5/9d/6b/339b9832e323abb280eb874ec64f59486423026430be7b1c2ec42ca7e1b7","A","Generated cache/build/log","671"
".npm-cache/_cacache/index-v5/9d/6b/76c21652f2169a69eaaea1063b83090d4a616b9b952147bafbb6e4588813","A","Generated cache/build/log","678"
".npm-cache/_cacache/index-v5/9d/ac/896209f48728e5c51546b3eee1a7f3ca0e3f1fd7a3ed03452a8c45bc6d6a","A","Generated cache/build/log","729"
".npm-cache/_cacache/index-v5/9d/de/0f1d928982e3c741961ba0325cec1f6da601f9a95e459ff757832f62af42","A","Generated cache/build/log","727"
".npm-cache/_cacache/index-v5/9e/50/86e844b90998bc2fde97c185d57a7e407ed9baf8a225280f4941a14fdc80","A","Generated cache/build/log","687"
".npm-cache/_cacache/index-v5/9e/e8/3096b3bba76785304c34866f13e44241760ed6244961f1200ebcc399b7ff","A","Generated cache/build/log","712"
".npm-cache/_cacache/index-v5/a0/3e/cd07378c15855860460035bc3aa76db96da9df71241051be3ab0e1b0f215","A","Generated cache/build/log","679"
".npm-cache/_cacache/index-v5/a1/12/834053a367bbbbc732198e850f74c128b1e2d6ed98ac459abfa077bdf8ef","A","Generated cache/build/log","725"
".npm-cache/_cacache/index-v5/a1/30/a81ec09ff8849df96b20fa9c869a01023fc35e39a6fe539bee503fd77a00","A","Generated cache/build/log","664"
".npm-cache/_cacache/index-v5/a1/5e/c9aa1c46bf0c67511379e97bd07fca87532422f2506214f94db8861160d3","A","Generated cache/build/log","678"
".npm-cache/_cacache/index-v5/a2/89/1f50526e632ce5f314dc037f63749ffb251a4c7230726ccc5d1727990b52","A","Generated cache/build/log","750"
".npm-cache/_cacache/index-v5/a3/3b/867f6ed39e2d8a6f3a6355779990acfe09c0c59d4c43d56bb55d305b879b","A","Generated cache/build/log","711"
".npm-cache/_cacache/index-v5/a3/50/b739b1f6f936987c26973cec93f36482ed240ab90158c0d04899bab0de13","A","Generated cache/build/log","683"
".npm-cache/_cacache/index-v5/a4/6b/440e26031a9d0945c7012e43ef22e74e7de628bede43e79e5804eb6aaf9b","A","Generated cache/build/log","674"
".npm-cache/_cacache/index-v5/a4/96/1394bfe3119ef9620ccb5d4eb6c4001ab70c64efb55f558a35ad46138686","A","Generated cache/build/log","659"
".npm-cache/_cacache/index-v5/a4/d0/517dfa6c73aa4784dcd8eeada48e8a1ccd29835ab3be1a9f555624fb42f1","A","Generated cache/build/log","686"
".npm-cache/_cacache/index-v5/a5/0f/d1d9605e3c132e8742ba2d5a86bfefbb1dd671878bc9dbbe17434d00a461","A","Generated cache/build/log","713"
".npm-cache/_cacache/index-v5/a5/42/e58a240f7a1b156aa7b4c5145722ca5054ef8ba5b3d6d7fe41c4811b9b12","A","Generated cache/build/log","682"
".npm-cache/_cacache/index-v5/a5/b7/464a09af299a6607875146c73e357016c5cb1808f31cb066f94d226bc3dd","A","Generated cache/build/log","706"
".npm-cache/_cacache/index-v5/a5/b8/454c882933ab15d532e2493b0bd7ce7019f1caca2abb46f076ca0855330b","A","Generated cache/build/log","674"
".npm-cache/_cacache/index-v5/a6/19/9c79d92b54d86aea221f35960b6289015ad2867cc28b5e1b406202a81e42","A","Generated cache/build/log","726"
".npm-cache/_cacache/index-v5/a7/e3/2f2e3df40bc601d0b8efd8ce5ba296f7caa4cc25466334a1357a1f80f0e6","A","Generated cache/build/log","726"
".npm-cache/_cacache/index-v5/a8/07/be5c5238fd1ebc9aad53782a8a03d46894dc2a4a5dc3a9198a2f1ce45dbd","A","Generated cache/build/log","712"
".npm-cache/_cacache/index-v5/a8/35/f87a52e79b1cee2bfc205e27139d1bf81fcf6f91529d64ecb1d92c2870bf","A","Generated cache/build/log","659"
".npm-cache/_cacache/index-v5/a8/8e/5e1c3508470e26536493f6bea5085bb2140e88a3c2aba8909ac2bd174b89","A","Generated cache/build/log","690"
".npm-cache/_cacache/index-v5/a8/c5/79c46cf3904997fd1a48c99ceab3e05fbcaf7563b7afc67f37e308201f93","A","Generated cache/build/log","695"
".npm-cache/_cacache/index-v5/a9/0e/2112c4cd96ac6b8d5614d996c169ab87c9ed1e161dff98f46138c6ed6465","A","Generated cache/build/log","718"
".npm-cache/_cacache/index-v5/aa/65/43b89d1c15ce8a3c5d1add3132f3c3d0fc8ae221a195e331cb84d785ed88","A","Generated cache/build/log","680"
".npm-cache/_cacache/index-v5/ab/32/ada470a081547ee07b796fa70352091a778eb4700b9d070ccf93c2db0399","A","Generated cache/build/log","722"
".npm-cache/_cacache/index-v5/ab/52/fbb5f30be003452a35ebae293eda911fb6f75115f9b3af315509db315cc2","A","Generated cache/build/log","709"
".npm-cache/_cacache/index-v5/ab/7c/ea55e4e584609a1f0ba14a730391c0b04141931864f08f4172886bec44f9","A","Generated cache/build/log","734"
".npm-cache/_cacache/index-v5/ac/17/bf85eb14706f8f40b527348d62ece575437429ae2671bbd354fb6d1adcb5","A","Generated cache/build/log","730"
".npm-cache/_cacache/index-v5/ad/f2/5869aacfb1f972b844d789f5039e1dfba389f9adfe3d8304c2ca2d781a56","A","Generated cache/build/log","713"
".npm-cache/_cacache/index-v5/ae/04/0ab846c8ec22e323e9328c9c38d9592d98379603cf76b2db1b42d49ae12d","A","Generated cache/build/log","696"
".npm-cache/_cacache/index-v5/ae/40/48815da65cf402d4802ee1589409fc28669922973786f80cace5e8c61acd","A","Generated cache/build/log","714"
".npm-cache/_cacache/index-v5/ae/97/7afa6a975a1424e74523a7430e58affd666cc4957e1c17ba841f6c85a1b1","A","Generated cache/build/log","750"
".npm-cache/_cacache/index-v5/af/bc/a192012145418d110a524426072bc9265ee2fc93b0a67eb175c371423ae4","A","Generated cache/build/log","663"
".npm-cache/_cacache/index-v5/b0/18/7bd13a4fbca4723a579cab6019efcd5e03ff32581fd276a8f79738dc7a68","A","Generated cache/build/log","654"
".npm-cache/_cacache/index-v5/b0/74/187b89c53e1962773f0ae13e020357b58665412f5615c5fa61b6ad710cad","A","Generated cache/build/log","726"
".npm-cache/_cacache/index-v5/b0/77/515e1a85cfba3700ba747b396c94befe3192fce57758979086e1f9994ef9","A","Generated cache/build/log","736"
".npm-cache/_cacache/index-v5/b2/29/9fa2b3d77d11898ddd061d0061ed1ed148e8149d2799d34533ba86c610e2","A","Generated cache/build/log","691"
".npm-cache/_cacache/index-v5/b2/82/3dc9cfa8ed72b5329a97236a6f169606a8344ca21f60a8677b3ad62c5382","A","Generated cache/build/log","708"
".npm-cache/_cacache/index-v5/b3/52/06411acc2608a010253f484da434c0ea5c14d21e43eb04b9f81663ae88ac","A","Generated cache/build/log","663"
".npm-cache/_cacache/index-v5/b3/a3/c07ac0b5f83e58c1ac26b69a46654666d62178443c695344e93ceca4a4ba","A","Generated cache/build/log","667"
".npm-cache/_cacache/index-v5/b4/9d/5a271b1898a503a6f8a6b2361235fd7539e9ae1aa5622d3e78124d1a0c34","A","Generated cache/build/log","658"
".npm-cache/_cacache/index-v5/b6/63/238807144536cb82d714f2a1374ef3c3a03fbbfd4fa234ff083114a25f63","A","Generated cache/build/log","659"
".npm-cache/_cacache/index-v5/b8/b1/ceb9a3ca4ae375f3c18096f3c50edaca555b5351099882f66badd535bc38","A","Generated cache/build/log","702"
".npm-cache/_cacache/index-v5/b9/bf/1e3daaea93f68bf9dcdd7e978b6dd8f43627145028c05ccc5d6187e7a25d","A","Generated cache/build/log","663"
".npm-cache/_cacache/index-v5/ba/31/0ff11cd5c49f9abb3792227a2806421aeb4003688278322146dd805a2cea","A","Generated cache/build/log","698"
".npm-cache/_cacache/index-v5/ba/d5/f7d95a8e3571758f8b5d095a21909a8f6cdfe7fd2349f7f72b2801eef079","A","Generated cache/build/log","670"
".npm-cache/_cacache/index-v5/bb/6b/46950472fb508bd0dab7fc38aef2b41bb9b3f0d3a4a06526d6c252f78fb5","A","Generated cache/build/log","696"
".npm-cache/_cacache/index-v5/bc/eb/965254bb7c9f56ca8c69a03e0c766c531ec4a3569f36fcb057a88eeb26ab","A","Generated cache/build/log","664"
".npm-cache/_cacache/index-v5/bd/e4/63b4989adf95f004171bab0a16e591b54a4157da6543a4c39a39666c95b9","A","Generated cache/build/log","668"
".npm-cache/_cacache/index-v5/bd/e7/fd1c1ce886edf87e6dfb8196b96c66553a3548719e12a87d59e118a7add5","A","Generated cache/build/log","701"
".npm-cache/_cacache/index-v5/be/72/64b96cec0914bacadaca2548c2c6e32b7eb715cf0cc5193e6b96c5a25a5b","A","Generated cache/build/log","691"
".npm-cache/_cacache/index-v5/bf/07/9672ccd5d1b968aaac0d946fa3edfb7bf457bbf9ea32c1949fbe55b875f4","A","Generated cache/build/log","715"
".npm-cache/_cacache/index-v5/bf/42/20821446dca4f5865e0cf73662787414f4d454d6945261f211bc263a3554","A","Generated cache/build/log","712"
".npm-cache/_cacache/index-v5/bf/77/38f0e4e2a960ab88a8db0191e7a2d4d3e1c915d095ca670e97ad6fc0172b","A","Generated cache/build/log","672"
".npm-cache/_cacache/index-v5/bf/7c/375aec77f76404d91225e72006a0105b2a6ec04bb02cfa365ebcd4a0232b","A","Generated cache/build/log","659"
".npm-cache/_cacache/index-v5/c0/80/5385b99dd75b65e17400914deb1444976136050c32756ffae3566c22f433","A","Generated cache/build/log","697"
".npm-cache/_cacache/index-v5/c0/83/1295af917239a2fbe94404f49d472949b2a2519701a35e8dc9841f02ae34","A","Generated cache/build/log","730"
".npm-cache/_cacache/index-v5/c1/62/1dc46fbb60fdd4bf8b84dc091030bd86c7d42fd5d9cf9bb6bc7a6d2a8ce0","A","Generated cache/build/log","678"
".npm-cache/_cacache/index-v5/c2/a3/4d94c6c25990732f631da05a710bc3d90594982ac55c4556c82cb1edbdad","A","Generated cache/build/log","740"
".npm-cache/_cacache/index-v5/c2/a4/488f71f39bc65742422faf2c74e3b330852ef2192dbb3198fed044e60c20","A","Generated cache/build/log","678"
".npm-cache/_cacache/index-v5/c2/ae/3435fefab1a7eb1b2ee438fe4f53d84386a695844b2ef456b3a4d35b15a4","A","Generated cache/build/log","707"
".npm-cache/_cacache/index-v5/c3/ea/2ac6234e08578459cc70534addafba44ecd5267c7510db659945c34b184d","A","Generated cache/build/log","666"
".npm-cache/_cacache/index-v5/c5/39/1d26498054c07107bca5dec3e4c244be0003d52ac2eebc92797ebafba65f","A","Generated cache/build/log","734"
".npm-cache/_cacache/index-v5/c6/ef/7cc63fd6c89222191b595d5e1967495deeac214320c0adb6acaae0889c5c","A","Generated cache/build/log","674"
".npm-cache/_cacache/index-v5/c7/a3/fcd7361fa1ce7c26e19f0e9ff2b14f5aa0cf05b5f663c00076aa4aa839db","A","Generated cache/build/log","689"
".npm-cache/_cacache/index-v5/c7/cc/c8f9410c464063a408efa58ba0a856518b6b9ec0793b80dc2432c081890b","A","Generated cache/build/log","695"
".npm-cache/_cacache/index-v5/c8/20/e99e70709a97e46fe24d53e7ad4b545d97df07deb942b74891f8ecfc16d5","A","Generated cache/build/log","1382"
".npm-cache/_cacache/index-v5/c9/10/e51aeab9f2ed39d1416132dca81cf2f580dc5de2fd02b9a85d1df3b191f3","A","Generated cache/build/log","686"
".npm-cache/_cacache/index-v5/c9/1f/e25f670d26bc26d1cb236efef449fc8718223fd484c4107ba797934cb10c","A","Generated cache/build/log","659"
".npm-cache/_cacache/index-v5/c9/4f/c60f160004f494db674a108c0fd1d5b819e32bd5a68481c69e665db8e6b4","A","Generated cache/build/log","708"
".npm-cache/_cacache/index-v5/c9/b1/59d7986c2b304c1cff68f1e6fb4777537469d130903290e246abefba1ee2","A","Generated cache/build/log","695"
".npm-cache/_cacache/index-v5/c9/b4/7c86a154333c5f5fab27833709894eae0a7f81d088a1143ad9d2b05f3b37","A","Generated cache/build/log","696"
".npm-cache/_cacache/index-v5/c9/e6/5cae0d4e7f4bf4b4bda6290f3410ffc5b43c2caa543b9f748b3f3091344e","A","Generated cache/build/log","700"
".npm-cache/_cacache/index-v5/ca/86/1e9cf895edad5b8c64fadf8afc05bcdf16190a37da87e6d995ba5c400ba8","A","Generated cache/build/log","714"
".npm-cache/_cacache/index-v5/ca/de/0bd207e4befdc1899d2abf0d3271f34fd6bd81eaaa9e7f4b005488802bb0","A","Generated cache/build/log","654"
".npm-cache/_cacache/index-v5/cb/f1/523590c3a645f44ffaea72ea8195c067f7894e53751f59d2d599e5e90d82","A","Generated cache/build/log","671"
".npm-cache/_cacache/index-v5/cb/f4/2ace9a1dfbea06eafdda3044e21e830e5cbd76a5eb5a794acdc111e0c31e","A","Generated cache/build/log","682"
".npm-cache/_cacache/index-v5/cc/b9/6980e04674e7532b223f9a6dee83a020e6b872e439b581fefd7359c9b451","A","Generated cache/build/log","709"
".npm-cache/_cacache/index-v5/cd/38/1cabdda927493c6213798d6a0bb310bd54d433e61e75f4b51be190aa87c6","A","Generated cache/build/log","731"
".npm-cache/_cacache/index-v5/cd/54/9188276b15d2c08239db45c75b798ee8fc379aa6b73df2617958e2acabb3","A","Generated cache/build/log","705"
".npm-cache/_cacache/index-v5/cd/d3/470c9cbb447615faafb6dfdf54632831f7f96c77771ea06a1eeffba41373","A","Generated cache/build/log","682"
".npm-cache/_cacache/index-v5/ce/0c/a2590d81727a5f907971aec316d449516a7f62bdc4422e85ce5dbe1cc3ce","A","Generated cache/build/log","666"
".npm-cache/_cacache/index-v5/ce/4a/7745982e9c1c9896ebf13515df286c1ef118e45fe0705ef0df1a1823c8d1","A","Generated cache/build/log","702"
".npm-cache/_cacache/index-v5/ce/72/f99ab9b86ec4a9a5033a4b41f687abf6110c7960ef61b601ec5567a38010","A","Generated cache/build/log","682"
".npm-cache/_cacache/index-v5/cf/26/199329b02915572faa5ff439b52c860d19665f3c62c1faac64ab534f02db","A","Generated cache/build/log","674"
".npm-cache/_cacache/index-v5/cf/ac/a9447f39ad8f444f81a4a30e9a279b4757258d9d55a40f35b3dda34c32c5","A","Generated cache/build/log","698"
".npm-cache/_cacache/index-v5/cf/cc/527f71b8e551d2553dc535682e25f8f921c8c8c45434b1117737a0ba79c9","A","Generated cache/build/log","322"
".npm-cache/_cacache/index-v5/d0/f3/570007f66e0a594c21201eb3e8f15d7a4d92bcb97b59246e5b7194b3b290","A","Generated cache/build/log","718"
".npm-cache/_cacache/index-v5/d1/03/624933a18043f1a04aeb125747d53242c45c4138d4558eddad050e9d56bd","A","Generated cache/build/log","731"
".npm-cache/_cacache/index-v5/d1/26/8e01e6bce59ac02f0d20fc97382749190cb73f6006f9526fc7fb1ec79dd4","A","Generated cache/build/log","670"
".npm-cache/_cacache/index-v5/d1/7b/9eab34e1b8584f9f531dfaffd5fb72b858092127da2935be28b553cd4725","A","Generated cache/build/log","694"
".npm-cache/_cacache/index-v5/d1/c5/255526ac0589eb11dcc4f2c8ab30a85974521fd4921adfd05b04a6e92a1f","A","Generated cache/build/log","682"
".npm-cache/_cacache/index-v5/d1/c9/ca79989e0e0311dfe14149d4063f7f2950a9b7ec6eddcf05282417aa5db5","A","Generated cache/build/log","751"
".npm-cache/_cacache/index-v5/d2/0a/c0f6c2335ea4e271c388328d8cc50ed11cbe7b0bea5259cbe5c7a607b5fa","A","Generated cache/build/log","740"
".npm-cache/_cacache/index-v5/d3/d8/4f5dac8e9484ea5b97cad1701d9e1dcfa6e58982bc8792f825900787b64a","A","Generated cache/build/log","1360"
".npm-cache/_cacache/index-v5/d5/08/60c97d564c437a0ef7eef0b6ce52fde3be5aa7df983d26113927468c2a64","A","Generated cache/build/log","666"
".npm-cache/_cacache/index-v5/d5/f4/0913a74f5e223a4fe6108493dd3b03c2d47259df459926160659513c9ad3","A","Generated cache/build/log","694"
".npm-cache/_cacache/index-v5/d6/af/5aa90370e2d1a86b6743c44ce82288daa6c718c94e33ee6e351758384822","A","Generated cache/build/log","710"
".npm-cache/_cacache/index-v5/d6/d8/cdacbf9ee39a6b799c95ee6999909e760797199aeeab50e8ebc790752ca5","A","Generated cache/build/log","1977"
".npm-cache/_cacache/index-v5/d7/1b/ada33f322304ac4ffbdd0e78d303f8df64ebcb3c3a559d2e6de16ddc8fd5","A","Generated cache/build/log","703"
".npm-cache/_cacache/index-v5/d8/09/cab121a4a8fb735d222b4eedeedc6a723af27c24b8ebb57fd847663cb871","A","Generated cache/build/log","705"
".npm-cache/_cacache/index-v5/d8/0c/96cd808473396fb088e2ec729674e5f39275b060f4bc94a4d49736b2bbaf","A","Generated cache/build/log","670"
".npm-cache/_cacache/index-v5/da/3f/545a4853921a8d9bea200aa9aa96e9b512c2324ba56c1b7d567daa9ebe80","A","Generated cache/build/log","706"
".npm-cache/_cacache/index-v5/da/66/adb6e5c3e87d74b718a0f11225d07abd85816b101208318266a9da32f1e7","A","Generated cache/build/log","716"
".npm-cache/_cacache/index-v5/da/a6/d035858f56fdf85badb089a786522f8ec367868f4316c31ea37e142b765a","A","Generated cache/build/log","718"
".npm-cache/_cacache/index-v5/da/ec/211d19f87bd3d47c875f803133fab6d0d895cb6f8284f41b2b3fee63f93d","A","Generated cache/build/log","717"
".npm-cache/_cacache/index-v5/dc/35/8ce18930b49eace61f5df4cfc8014b3be5d5c109a8770ddb29fe6d718f12","A","Generated cache/build/log","719"
".npm-cache/_cacache/index-v5/dc/36/0bc07587da8547ae7e0251952a3d7df7df1d5e68d18fb6fcf8069511d498","A","Generated cache/build/log","739"
".npm-cache/_cacache/index-v5/dc/ca/a55835915ef6263265d8bb3808e71ed66c8960682c6dbfa1ccd3470aec82","A","Generated cache/build/log","698"
".npm-cache/_cacache/index-v5/dd/4d/fc8d14f58c0ea54c89c00e815edb84070b745fd497cb2ff7a09926722767","A","Generated cache/build/log","721"
".npm-cache/_cacache/index-v5/de/42/b0cb98f67322902bfbf7ee1094fc4b51935e9e8c22a11c9e4840f8a73fe8","A","Generated cache/build/log","689"
".npm-cache/_cacache/index-v5/de/44/9efa8f0b245f2045eaff573eabbeb66fc3680690cf2d1ccec61b94fb0d24","A","Generated cache/build/log","687"
".npm-cache/_cacache/index-v5/de/58/bb6a025cc21c0f6dea4d9cfddf0f9312d5442f7cf1f7620773393a3db264","A","Generated cache/build/log","671"
".npm-cache/_cacache/index-v5/df/8e/9df6136179e75a89f9d3914f7535bf2a6318e5c002f7257fc49bc7b83ece","A","Generated cache/build/log","710"
".npm-cache/_cacache/index-v5/e0/c7/56a76682e17c5868451263cc6b086d7e28b7851b2c84adcdfd556ce90adf","A","Generated cache/build/log","716"
".npm-cache/_cacache/index-v5/e1/8f/3e9cd92053f2a21a780276bca7ac0f34cba5e1656793709a1173350d7eaf","A","Generated cache/build/log","754"
".npm-cache/_cacache/index-v5/e2/3d/89f963592298abca949696adb96f38f43efc52a788f75083083ce3acc48a","A","Generated cache/build/log","1418"
".npm-cache/_cacache/index-v5/e3/04/8d44cd12e390eb5dbb059b0e2ef5a03473dc2033446133da2e07e38f1bed","A","Generated cache/build/log","674"
".npm-cache/_cacache/index-v5/e3/c8/a825ea2c84ffbf55ba64f8df536ac984957d23e7273a8d5f50aa69e91a25","A","Generated cache/build/log","679"
".npm-cache/_cacache/index-v5/e4/bc/ef288ca449a69236f9c3c8e95da347f9a56c8753b40381d0bc0756777244","A","Generated cache/build/log","734"
".npm-cache/_cacache/index-v5/e4/de/b98726e8b3932fdb7ef2575a83e68219b46ab9013218ce2f30406e5f85d0","A","Generated cache/build/log","760"
".npm-cache/_cacache/index-v5/e6/3e/0dfbe9d801878b38543689eccabf7a1da3aff8ce5da102b0b627ac4b60dc","A","Generated cache/build/log","732"
".npm-cache/_cacache/index-v5/e6/45/e236d9a349e738c8841f9d14a32f0d4d269da22830565d660e941dc2ff4e","A","Generated cache/build/log","695"
".npm-cache/_cacache/index-v5/e6/64/fbbdf6dd245cf5d43b84fd02ba1f044cb1b0b674e21976b49e23a7999517","A","Generated cache/build/log","694"
".npm-cache/_cacache/index-v5/e6/ee/a7f609296af013f459dea95f5b86155b1d4d3fa7dc9ec423562d0c55294f","A","Generated cache/build/log","682"
".npm-cache/_cacache/index-v5/e7/22/b5ea342b3713a4c921a4d28afdbde5ec3f9c42ae5e4995d5a63bb20735e0","A","Generated cache/build/log","691"
".npm-cache/_cacache/index-v5/e7/5b/643116b414d720726103a05d13cda1cc0d4752fc8657072f0c2475c17e78","A","Generated cache/build/log","682"
".npm-cache/_cacache/index-v5/e7/9e/d1744936780d3cbcec918751782803a49b24a696debbfe4fa1e6429f30df","A","Generated cache/build/log","706"
".npm-cache/_cacache/index-v5/e7/c6/e4c15574ddfc8ffee2d09cabe7ab1bfa3be1bd6a6c06a5275d1a73d7d35e","A","Generated cache/build/log","690"
".npm-cache/_cacache/index-v5/e8/72/82f17f9564272d0a2798fe17f256e490c3c34c4411395735cea376edc1de","A","Generated cache/build/log","732"
".npm-cache/_cacache/index-v5/e8/a3/f324f79495e6d276d4bcdd7bfe7e25987910848183f9d444c445f2a1c55f","A","Generated cache/build/log","743"
".npm-cache/_cacache/index-v5/e8/ad/09d01e1a140286a104a3deaa2cda92fe426a5115039ba9b221f230288b0c","A","Generated cache/build/log","689"
".npm-cache/_cacache/index-v5/e9/8c/fdaaa818ebcf8b0bfaf4478f181879d3f7a5032352e5b27bea5c25183dc2","A","Generated cache/build/log","719"
".npm-cache/_cacache/index-v5/e9/a9/5b88cf3c6125d3f0a83e08d7fc6bc3848a7da209ed87f32d58376e0c2224","A","Generated cache/build/log","674"
".npm-cache/_cacache/index-v5/eb/76/4c0043136234f6ce43613104e8dcac925cc370a2dba9d771b57f3e49f7c9","A","Generated cache/build/log","681"
".npm-cache/_cacache/index-v5/eb/81/89fb3fa6ee5600ec753f44ca84a0ae7e3f993ab13ff00a7fd352a562bcc3","A","Generated cache/build/log","707"
".npm-cache/_cacache/index-v5/ed/ae/7ba0b9b690691f421a084eac76303bb06beadc65796c38a94889436512be","A","Generated cache/build/log","678"
".npm-cache/_cacache/index-v5/ed/b8/21f3b978a3a22da2c741a07872da75d54875dd2620f1fbe58f0b0f9d92a9","A","Generated cache/build/log","690"
".npm-cache/_cacache/index-v5/ee/2c/6d5c2061312fdd689bcc92e60ccf2b2e72bc15b7e22453f3a8680f491803","A","Generated cache/build/log","702"
".npm-cache/_cacache/index-v5/ee/4e/da7610e6e9d4cf0be99f6af08223855fd73aae30090d91575a7bc23387a0","A","Generated cache/build/log","707"
".npm-cache/_cacache/index-v5/ef/35/cf17cd3de00125b0e28522e62134303467abe635299a2e0d228d77670ca9","A","Generated cache/build/log","674"
".npm-cache/_cacache/index-v5/ef/5d/511ccf9bb97ba95651d677533a923828a2f3c30c8e716211478abcac8199","A","Generated cache/build/log","734"
".npm-cache/_cacache/index-v5/f0/06/7e19fc7ab9d7f604f573155a15899edd9e338a4cefc866dd909b7a352b9b","A","Generated cache/build/log","753"
".npm-cache/_cacache/index-v5/f0/3b/58c14b3461e0a75ddd4a0be80707cae7f82bf1ef1ae03a0dfc8054aa2570","A","Generated cache/build/log","702"
".npm-cache/_cacache/index-v5/f1/17/7d3c580b65869fc4f55b962ca87f8ed801eeb7d0a568c2b65f39ea2df787","A","Generated cache/build/log","670"
".npm-cache/_cacache/index-v5/f2/90/5f426285c7d8a666694a7f987731760c151e85591b72fb047e2171695abf","A","Generated cache/build/log","698"
".npm-cache/_cacache/index-v5/f2/a8/96f9fcc533e049869e9b00ffe42e3b0fa381051c8997cdfeb7bc0d0d843f","A","Generated cache/build/log","686"
".npm-cache/_cacache/index-v5/f3/82/ffe6d031118c280f930d5a8ba11df17d931b6f09825617541d35aea437bc","A","Generated cache/build/log","678"
".npm-cache/_cacache/index-v5/f5/8c/714670bd310136e570dad158a8a49596f8c85aa681ae2f8e647049d5d8cf","A","Generated cache/build/log","739"
".npm-cache/_cacache/index-v5/f5/91/b4bddca1df9d1a5db8fc8bd09d22078228fd3c1f50ad12a3c9886499c03f","A","Generated cache/build/log","691"
".npm-cache/_cacache/index-v5/f6/44/be954aca6e8bac59ed3f9aeedddfb27aff4451daf808e122d86491a37f77","A","Generated cache/build/log","723"
".npm-cache/_cacache/index-v5/f7/5f/6ee4062ae1003b5ff29da49205d1581c067966dbf36da90eaa593179b7d8","A","Generated cache/build/log","694"
".npm-cache/_cacache/index-v5/f7/67/c9f87e449b5b4178a97bf5745e24407afe32b0fd84633b99954cfb3027f5","A","Generated cache/build/log","682"
".npm-cache/_cacache/index-v5/f8/a0/2b10a4c5a762caa8b87f4f9470938326005d452b14dfb0055daeb8de52b0","A","Generated cache/build/log","734"
".npm-cache/_cacache/index-v5/f9/04/42bc5c975fc4953750008687d8ca20210848bdb5914ded0542e37fbf0ccf","A","Generated cache/build/log","720"
".npm-cache/_cacache/index-v5/fb/c0/1e9a91a9cb5a24e0a406a55d70c2b2d5809839970c86e63989e3bb200718","A","Generated cache/build/log","694"
".npm-cache/_cacache/index-v5/fb/ea/7f7a0679c52edb767a55df3d93f847884d7909cf16c2f148ba11d53e9f7c","A","Generated cache/build/log","670"
".npm-cache/_cacache/index-v5/fd/fb/c68ba9a1320725050b57ca9c7fbc237e694f1f4a6cb94104f7e3e654f7f4","A","Generated cache/build/log","674"
".npm-cache/_cacache/index-v5/fe/d9/065769d90683528816e0573c51de31d23345a3b7b6f338e6a4b77381b1f1","A","Generated cache/build/log","730"
".npm-cache/_cacache/index-v5/ff/11/bd1bdd0361bbe4ffe0d3e792454b0e5441eb1e8bdb36bd5a652eb0be6e65","A","Generated cache/build/log","706"
".npm-cache/_logs/2026-09-18T15_49_38_003Z-debug-0.log","A","Generated cache/build/log","252266"
".npm-cache/_logs/2026-09-18T15_49_47_715Z-debug-0.log","A","Generated cache/build/log","41265"
".npm-cache/_update-notifier-last-checked","A","Generated cache/build/log","0"
"capability-build.log","A","Generated cache/build/log","1116"
"capability-lint.log","A","Generated cache/build/log","49"
"capability-typecheck.log","A","Generated cache/build/log","56"
"capability-v2-build.log","A","Generated cache/build/log","1116"
"capability-v3-build.log","A","Generated cache/build/log","1116"
"dist-capability/assets/Capital-BMztIcor.css","A","Generated cache/build/log","5517"
"dist-capability/assets/Capital-Bw4qHO8j.js","A","Generated cache/build/log","5801"
"dist-capability/assets/FormEngine-B0oLWaUP.css","A","Generated cache/build/log","3296"
"dist-capability/assets/FormEngine-raQM2DlY.js","A","Generated cache/build/log","5522"
"dist-capability/assets/NativeScene-713r2fnG.js","A","Generated cache/build/log","274593"
"dist-capability/assets/OperatingStudy-D9Q5NETM.js","A","Generated cache/build/log","5835"
"dist-capability/assets/Orchestration-B6iVt5Bp.css","A","Generated cache/build/log","4913"
"dist-capability/assets/Orchestration-DnTTz5HG.js","A","Generated cache/build/log","5231"
"dist-capability/assets/Packaging-eNmQo-9A.css","A","Generated cache/build/log","3911"
"dist-capability/assets/Packaging-p62YUTMI.js","A","Generated cache/build/log","3188"
"dist-capability/assets/PackagingScene-DosSZs8d.js","A","Generated cache/build/log","6943"
"dist-capability/assets/ProductStudy-BE_kFovS.js","A","Generated cache/build/log","3124"
"dist-capability/assets/RoomEnvironment-CvLF0UIS.js","A","Generated cache/build/log","589040"
"dist-capability/assets/RoundedBoxGeometry-CL88GiKi.js","A","Generated cache/build/log","1719"
"dist-capability/assets/Signal-BSCJ1FGr.js","A","Generated cache/build/log","3790"
"dist-capability/assets/Signal-C9PQEHHS.css","A","Generated cache/build/log","3590"
"dist-capability/assets/Space-CPpLtxfJ.js","A","Generated cache/build/log","2938"
"dist-capability/assets/Space-DO29wyVo.css","A","Generated cache/build/log","2896"
"dist-capability/assets/SpaceScene-CJ-EhwTs.js","A","Generated cache/build/log","8985"
"dist-capability/assets/WebStudy-D-b5GlSl.css","A","Generated cache/build/log","6645"
"dist-capability/assets/WebStudy-o7QLra6U.js","A","Generated cache/build/log","4099"
"dist-capability/assets/index-B1VrKQ5t.js","A","Generated cache/build/log","196057"
"dist-capability/assets/index-r9lyERay.css","A","Generated cache/build/log","14139"
"dist-capability/capability-lab/index.html","A","Generated cache/build/log","691"
"dist-genesis-full/assets/index-B8IeHJLn.css","A","Generated cache/build/log","10540"
"dist-genesis-full/assets/index-CpkZUzwR.js","A","Generated cache/build/log","210391"
"dist-genesis-full/fonts/bodoni-moda.woff2","A","Generated cache/build/log","26688"
"dist-genesis-full/fonts/manrope.woff2","A","Generated cache/build/log","24836"
"dist-genesis-full/genesis-full/index.html","A","Generated cache/build/log","616"
"dist-genesis-storyboard/assets/index-BRtks9qn.js","A","Generated cache/build/log","204224"
"dist-genesis-storyboard/assets/index-CAeIt1g1.css","A","Generated cache/build/log","7550"
"dist-genesis-storyboard/fonts/bodoni-moda.woff2","A","Generated cache/build/log","26688"
"dist-genesis-storyboard/fonts/manrope.woff2","A","Generated cache/build/log","24836"
"dist-genesis-storyboard/genesis-storyboard/index.html","A","Generated cache/build/log","614"
"dist-genesis/assets/index-DJuNWrqm.js","A","Generated cache/build/log","206614"
"dist-genesis/assets/index-Dmf9Ph4B.css","A","Generated cache/build/log","8732"
"dist-genesis/fonts/bodoni-moda.woff2","A","Generated cache/build/log","26688"
"dist-genesis/fonts/manrope.woff2","A","Generated cache/build/log","24836"
"dist-genesis/genesis-proof/a/index.html","A","Generated cache/build/log","610"
"dist-genesis/genesis-proof/b/index.html","A","Generated cache/build/log","610"
"dist-genesis/genesis-proof/index.html","A","Generated cache/build/log","610"
"living-founder-build.log","A","Generated cache/build/log","1198"
"outputs/add-phase-iii.py","B","Development diagnostic/helper or preserved source snapshot; archive only","1225"
"outputs/black-draft.cjs","B","Development diagnostic/helper or preserved source snapshot; archive only","736"
"outputs/capability-interactions.cjs","B","Development diagnostic/helper or preserved source snapshot; archive only","3733"
"outputs/capability-phase-ii/form-primary-1440.png","C","Review evidence","45218"
"outputs/capability-phase-ii/form-primary-390.png","C","Review evidence","18306"
"outputs/capability-phase-ii/form-transformation-1440.png","C","Review evidence","44418"
"outputs/capability-phase-ii/packaging-finished-1440.png","C","Review evidence","78576"
"outputs/capability-phase-ii/packaging-finished-390.png","C","Review evidence","41990"
"outputs/capability-phase-ii/packaging-flat-1440.png","C","Review evidence","70467"
"outputs/capability-phase-ii/packaging-mid-1440.png","C","Review evidence","77177"
"outputs/capability-phase-ii/qa.json","C","Review evidence","541"
"outputs/capability-phase-ii/review.html","C","Review evidence","1973"
"outputs/capability-phase-ii/signal-intent-1440.png","C","Review evidence","87256"
"outputs/capability-phase-ii/signal-primary-1440.png","C","Review evidence","84888"
"outputs/capability-phase-ii/signal-primary-390.png","C","Review evidence","39946"
"outputs/capability-phase-iii/capital-assumption-1440.png","C","Review evidence","103749"
"outputs/capability-phase-iii/capital-consequence-1440.png","C","Review evidence","112771"
"outputs/capability-phase-iii/capital-deployment-1440.png","C","Review evidence","110162"
"outputs/capability-phase-iii/capital-draft.png","C","Review evidence","97681"
"outputs/capability-phase-iii/capital-thesis-1440.png","C","Review evidence","104789"
"outputs/capability-phase-iii/capital-thesis-390.png","C","Review evidence","49832"
"outputs/capability-phase-iii/capture-errors.json","C","Review evidence","2"
"outputs/capability-phase-iii/index.html","C","Review evidence","5038"
"outputs/capability-phase-iii/inspection.jpg","C","Review evidence","259358"
"outputs/capability-phase-iii/orchestration-complete-1440.png","C","Review evidence","87268"
"outputs/capability-phase-iii/orchestration-draft.png","C","Review evidence","67232"
"outputs/capability-phase-iii/orchestration-exception-1440.png","C","Review evidence","87700"
"outputs/capability-phase-iii/orchestration-execution-1440.png","C","Review evidence","76124"
"outputs/capability-phase-iii/orchestration-execution-390.png","C","Review evidence","34743"
"outputs/capability-phase-iii/orchestration-human-gate-1440.png","C","Review evidence","84478"
"outputs/capability-phase-iii/orchestration-idle-1440.png","C","Review evidence","69293"
"outputs/capability-phase-iii/qa.json","C","Review evidence","10828"
"outputs/capability-phase-iii/space-draft.png","C","Review evidence","169335"
"outputs/capability-phase-iii/space-human-scale-1440.png","C","Review evidence","169942"
"outputs/capability-phase-iii/space-mass-structure-1440.png","C","Review evidence","145710"
"outputs/capability-phase-iii/space-material-light-1440.png","C","Review evidence","171094"
"outputs/capability-phase-iii/space-occupation-1440.png","C","Review evidence","173679"
"outputs/capability-phase-iii/space-occupation-390.png","C","Review evidence","73214"
"outputs/capability-phase-iii/space-plan-1440.png","C","Review evidence","68864"
"outputs/capability-qa.cjs","B","Development diagnostic/helper or preserved source snapshot; archive only","1265"
"outputs/capability-review/3d-product-1440.png","C","Review evidence","267638"
"outputs/capability-review/3d-product-390.png","C","Review evidence","116021"
"outputs/capability-review/geometry.json","C","Review evidence","1613"
"outputs/capability-review/interactions.json","C","Review evidence","160"
"outputs/capability-review/os-1440.png","C","Review evidence","110537"
"outputs/capability-review/os-390.png","C","Review evidence","70260"
"outputs/capability-review/product-assembly.png","C","Review evidence","263610"
"outputs/capability-review/web-1440.png","C","Review evidence","336404"
"outputs/capability-review/web-390.png","C","Review evidence","179705"
"outputs/capability-v2-capture.cjs","B","Development diagnostic/helper or preserved source snapshot; archive only","1465"
"outputs/capability-v2-qa.cjs","B","Development diagnostic/helper or preserved source snapshot; archive only","3943"
"outputs/capability-v2/living-canvas-1440.png","C","Review evidence","692183"
"outputs/capability-v2/living-canvas-390.png","C","Review evidence","151834"
"outputs/capability-v2/living-canvas-transformation-1440.png","C","Review evidence","688335"
"outputs/capability-v2/object-zero-1440.png","C","Review evidence","211085"
"outputs/capability-v2/object-zero-390.png","C","Review evidence","82135"
"outputs/capability-v2/object-zero-interaction-1440.png","C","Review evidence","267454"
"outputs/capability-v2/qa.json","C","Review evidence","461"
"outputs/capability-v2/sovereign-os-1440.png","C","Review evidence","69112"
"outputs/capability-v2/sovereign-os-390.png","C","Review evidence","39312"
"outputs/capability-v2/sovereign-os-decision-1440.png","C","Review evidence","70234"
"outputs/capability-v3-capture.cjs","B","Development diagnostic/helper or preserved source snapshot; archive only","1875"
"outputs/capability-v3-qa.cjs","B","Development diagnostic/helper or preserved source snapshot; archive only","4117"
"outputs/capability-v3/living-canvas-arrival-1440.png","C","Review evidence","788496"
"outputs/capability-v3/living-canvas-arrival-390.png","C","Review evidence","181427"
"outputs/capability-v3/living-canvas-destination-1440.png","C","Review evidence","794240"
"outputs/capability-v3/living-canvas-destination-390.png","C","Review evidence","193615"
"outputs/capability-v3/living-canvas-mid-1440.png","C","Review evidence","927519"
"outputs/capability-v3/object-zero-black-ceramic-1440.png","C","Review evidence","239018"
"outputs/capability-v3/object-zero-exploded-1440.png","C","Review evidence","276902"
"outputs/capability-v3/object-zero-hero-1440.png","C","Review evidence","237441"
"outputs/capability-v3/object-zero-hero-390.png","C","Review evidence","86920"
"outputs/capability-v3/qa.json","C","Review evidence","461"
"outputs/capability-v3/review.html","C","Review evidence","2724"
"outputs/capability-v3/sovereign-decision-resolved-1440.png","C","Review evidence","71201"
"outputs/capability-v3/sovereign-decision-selected-1440.png","C","Review evidence","119832"
"outputs/capability-v3/sovereign-focus-390.png","C","Review evidence","39312"
"outputs/capability-v3/sovereign-now-1440.png","C","Review evidence","69112"
"outputs/contact.py","B","Development diagnostic/helper or preserved source snapshot; archive only","474"
"outputs/elevate-space.py","B","Development diagnostic/helper or preserved source snapshot; archive only","7449"
"outputs/final-assembly.py","B","Development diagnostic/helper or preserved source snapshot; archive only","488"
"outputs/founder-draft.cjs","B","Development diagnostic/helper or preserved source snapshot; archive only","849"
"outputs/founder-gallery.py","B","Development diagnostic/helper or preserved source snapshot; archive only","2405"
"outputs/founder-gate-captures.cjs","B","Development diagnostic/helper or preserved source snapshot; archive only","1818"
"outputs/founder-gate-qa.cjs","B","Development diagnostic/helper or preserved source snapshot; archive only","3530"
"outputs/genesis-company-ab/diagnose.cjs","B","Development diagnostic/helper or preserved source snapshot; archive only","742"
"outputs/genesis-company-ab/first-look.cjs","B","Development diagnostic/helper or preserved source snapshot; archive only","723"
"outputs/genesis-full/first-company-1440.png","C","Review evidence","146219"
"outputs/genesis-full/first-company-390.png","C","Review evidence","54617"
"outputs/genesis-full/first-economics-1440.png","C","Review evidence","135651"
"outputs/genesis-full/first-economics-390.png","C","Review evidence","52754"
"outputs/genesis-full/first-experience-1440.png","C","Review evidence","105160"
"outputs/genesis-full/first-experience-390.png","C","Review evidence","43301"
"outputs/genesis-full/first-identity-1440.png","C","Review evidence","77482"
"outputs/genesis-full/first-identity-390.png","C","Review evidence","36692"
"outputs/genesis-full/first-look.cjs","B","Development diagnostic/helper or preserved source snapshot; archive only","866"
"outputs/genesis-full/first-market-1440.png","C","Review evidence","144891"
"outputs/genesis-full/first-market-390.png","C","Review evidence","55733"
"outputs/genesis-full/first-system-1440.png","C","Review evidence","145290"
"outputs/genesis-full/first-system-390.png","C","Review evidence","55622"
"outputs/genesis-storyboard/first-company.png","C","Review evidence","143716"
"outputs/genesis-storyboard/first-direction.png","C","Review evidence","53763"
"outputs/genesis-storyboard/first-form.png","C","Review evidence","89159"
"outputs/genesis-storyboard/first-intermediate.png","C","Review evidence","114059"
"outputs/genesis-storyboard/first-look.cjs","B","Development diagnostic/helper or preserved source snapshot; archive only","873"
"outputs/genesis-storyboard/first-mobile.png","C","Review evidence","57412"
"outputs/genesis-storyboard/first-point.png","C","Review evidence","55600"
"outputs/genesis-storyboard/first-return-l.png","C","Review evidence","56388"
"outputs/genesis-storyboard/first-signal.png","C","Review evidence","51763"
"outputs/integration-work.png","C","Review evidence","74535"
"outputs/living-canvas-founder-gate/1440-closed.png","C","Review evidence","750360"
"outputs/living-canvas-founder-gate/1440-opening.png","C","Review evidence","491509"
"outputs/living-canvas-founder-gate/1440-revealed.png","C","Review evidence","335991"
"outputs/living-canvas-founder-gate/390-closed.png","C","Review evidence","198128"
"outputs/living-canvas-founder-gate/390-revealed.png","C","Review evidence","100727"
"outputs/living-founder-qa.cjs","B","Development diagnostic/helper or preserved source snapshot; archive only","1772"
"outputs/phase-ii-captures.cjs","B","Development diagnostic/helper or preserved source snapshot; archive only","1469"
"outputs/phase-ii-founder-gate/capture-errors.json","C","Review evidence","2"
"outputs/phase-ii-founder-gate/form-environment-1440.png","C","Review evidence","156458"
"outputs/phase-ii-founder-gate/form-interface-1440.png","C","Review evidence","48185"
"outputs/phase-ii-founder-gate/form-language-1440.png","C","Review evidence","47846"
"outputs/phase-ii-founder-gate/form-primary-390.png","C","Review evidence","21064"
"outputs/phase-ii-founder-gate/form-spatial-1440.png","C","Review evidence","82441"
"outputs/phase-ii-founder-gate/form-symbol-1440.png","C","Review evidence","50727"
"outputs/phase-ii-founder-gate/index.html","C","Review evidence","3975"
"outputs/phase-ii-founder-gate/inspection-sheet.jpg","C","Review evidence","163625"
"outputs/phase-ii-founder-gate/package-black-draft.png","C","Review evidence","97798"
"outputs/phase-ii-founder-gate/package-closure-75-1440.png","C","Review evidence","104872"
"outputs/phase-ii-founder-gate/package-dieline-1440.png","C","Review evidence","104324"
"outputs/phase-ii-founder-gate/package-draft-open.png","C","Review evidence","96926"
"outputs/phase-ii-founder-gate/package-draft.png","C","Review evidence","68605"
"outputs/phase-ii-founder-gate/package-finished-390.png","C","Review evidence","39754"
"outputs/phase-ii-founder-gate/package-finished-closed-1440.png","C","Review evidence","92453"
"outputs/phase-ii-founder-gate/package-finished-open-1440.png","C","Review evidence","115681"
"outputs/phase-ii-founder-gate/package-fold-25-1440.png","C","Review evidence","103317"
"outputs/phase-ii-founder-gate/package-volume-50-1440.png","C","Review evidence","99186"
"outputs/phase-ii-founder-gate/qa.json","C","Review evidence","9767"
"outputs/phase-ii-gallery.py","B","Development diagnostic/helper or preserved source snapshot; archive only","951"
"outputs/phase-ii-qa.cjs","B","Development diagnostic/helper or preserved source snapshot; archive only","3960"
"outputs/phase-iii-captures.cjs","B","Development diagnostic/helper or preserved source snapshot; archive only","2550"
"outputs/phase-iii-contact.py","B","Development diagnostic/helper or preserved source snapshot; archive only","428"
"outputs/phase-iii-draft.cjs","B","Development diagnostic/helper or preserved source snapshot; archive only","781"
"outputs/phase-iii-gallery.py","B","Development diagnostic/helper or preserved source snapshot; archive only","2686"
"outputs/phase-iii-qa.cjs","B","Development diagnostic/helper or preserved source snapshot; archive only","5521"
"outputs/preservation-route-check.cjs","B","Development diagnostic/helper or preserved source snapshot; archive only","647"
"outputs/refine-package.py","B","Development diagnostic/helper or preserved source snapshot; archive only","1460"
"outputs/refine-phase-iii.py","B","Development diagnostic/helper or preserved source snapshot; archive only","1219"
"outputs/render-quality-before/VisualEnvironmentLab.tsx","B","Development diagnostic/helper or preserved source snapshot; archive only","9642"
"outputs/render-quality-before/visual-environment.css","B","Historical CSS source snapshot; retain with matching TSX outside checkout","1918"
"outputs/space-figures.py","B","Development diagnostic/helper or preserved source snapshot; archive only","893"
"outputs/space-final-captures.cjs","B","Development diagnostic/helper or preserved source snapshot; archive only","1303"
"outputs/space-final-founder-gate/console.json","C","Review evidence","2"
"outputs/space-final-founder-gate/index.html","C","Review evidence","2246"
"outputs/space-final-founder-gate/qa.json","C","Review evidence","6297"
"outputs/space-final-founder-gate/space-human-scale-1440.png","C","Review evidence","249083"
"outputs/space-final-founder-gate/space-light-1440.png","C","Review evidence","249031"
"outputs/space-final-founder-gate/space-material-1440.png","C","Review evidence","240318"
"outputs/space-final-founder-gate/space-occupation-1440.png","C","Review evidence","262572"
"outputs/space-final-founder-gate/space-occupation-390.png","C","Review evidence","106745"
"outputs/space-final-founder-gate/space-plan-1440.png","C","Review evidence","68307"
"outputs/space-final-founder-gate/space-structure-1440.png","C","Review evidence","181160"
"outputs/space-final-gallery.py","B","Development diagnostic/helper or preserved source snapshot; archive only","1516"
"outputs/space-final-qa.cjs","B","Development diagnostic/helper or preserved source snapshot; archive only","2836"
"outputs/space-notation.py","B","Development diagnostic/helper or preserved source snapshot; archive only","645"
"outputs/trace-v2.cjs","B","Development diagnostic/helper or preserved source snapshot; archive only","483"
"outputs/upgrade-v3.py","B","Development diagnostic/helper or preserved source snapshot; archive only","6704"
"outputs/v3-gallery.py","B","Development diagnostic/helper or preserved source snapshot; archive only","774"
"outputs/v55b-preserved/VisualEnvironmentLab.tsx","B","Development diagnostic/helper or preserved source snapshot; archive only","11332"
"outputs/v55b-preserved/package-lock.json","C","Review evidence","309009"
"outputs/v55b-preserved/package.json","C","Review evidence","860"
"outputs/v55b-preserved/visual-environment.css","B","Historical CSS source snapshot; retain with matching TSX outside checkout","4770"
"outputs/v56-preserved/CompanyRenderer.tsx","B","Development diagnostic/helper or preserved source snapshot; archive only","6629"
"outputs/v56-preserved/VisualEnvironmentLab.tsx","B","Development diagnostic/helper or preserved source snapshot; archive only","12258"
"outputs/v56-preserved/visual-environment.css","B","Historical CSS source snapshot; retain with matching TSX outside checkout","6029"
"outputs/v57-renderer-before-source-import.tsx","B","Development diagnostic/helper or preserved source snapshot; archive only","9363"
"phase-ii-build.log","A","Generated cache/build/log","1870"
